Subject Focus,Eyes,Face,Near,Action,Accessory,Group,Collage,Human,Occlusion,Info,Blur,Pawpularity,mean_predicts,mean_predicts_fine
0,1,1,1,0,0,1,0,0,0,0,0,0.63,0.39640006,0.4122035
0,1,1,0,0,0,0,0,0,0,0,0,0.42,0.41354054,0.4585201
0,1,1,1,0,0,0,0,1,1,0,0,0.28,0.4296263,0.4551723
0,1,1,1,0,0,0,0,0,0,0,0,0.15,0.51561195,0.6196418
0,0,0,1,0,0,1,0,0,0,0,0,0.72,0.39091158,0.4456361
0,0,1,0,0,0,0,0,0,0,0,1,0.74,0.655949,0.7478794
0,1,1,1,0,0,0,0,1,1,0,0,0.22,0.2949955,0.2696742
0,1,1,0,0,0,1,1,0,0,1,0,0.35,0.3582504,0.30727777
0,1,1,1,0,0,0,0,0,0,0,0,0.53,0.5912968,0.7027993
0,1,1,1,0,0,0,0,0,0,0,0,0.21,0.29054326,0.26540232
0,1,1,1,0,0,0,0,0,0,0,0,0.28,0.35962105,0.35927787
0,1,1,1,0,0,0,0,0,0,0,0,0.02,0.41417614,0.44720012
0,1,1,1,0,0,0,0,0,0,0,0,0.18,0.35086316,0.34638792
0,1,1,1,0,0,0,0,1,1,0,0,0.41,0.44909182,0.48825327
0,1,0,0,0,1,0,0,0,0,0,0,0.13,0.26051834,0.22642341
0,1,1,1,0,0,0,0,0,0,0,0,0.98,0.7123296,0.80209076
0,0,0,1,0,0,0,0,0,0,0,1,0.34,0.2795321,0.19330344
0,1,1,0,0,0,0,1,1,1,0,0,0.69,0.47137675,0.60063636
0,0,1,1,0,0,0,0,0,0,0,0,0.53,0.50239354,0.568246
0,1,1,0,0,0,0,0,0,0,0,0,1.0,0.3803915,0.40190968
0,1,1,1,0,0,0,1,0,0,0,0,0.29,0.35487378,0.3254532
0,0,0,1,0,0,1,0,0,0,0,0,0.27,0.31411725,0.30717546
0,1,1,1,0,0,0,0,0,0,0,0,0.28,0.28129235,0.2538043
0,1,1,1,0,0,0,0,0,0,0,0,0.5,0.36688113,0.37021798
0,1,1,1,0,0,0,0,0,0,0,0,0.36,0.32976487,0.3165371
0,0,1,1,0,0,0,0,1,0,0,1,0.15,0.28205526,0.23942451
0,1,1,0,0,0,1,0,0,0,0,0,0.52,0.404119,0.44079247
0,1,1,1,0,0,0,0,0,0,0,0,0.4,0.3958587,0.41568464
0,1,1,0,0,0,0,0,0,0,0,0,0.29,0.31664386,0.29902524
0,0,1,1,0,0,0,0,0,0,0,1,0.21,0.3003425,0.24580653
0,1,1,1,0,0,0,0,0,0,0,0,0.34,0.3291157,0.31566688
0,1,1,1,0,0,0,0,0,0,0,0,0.31,0.3335839,0.3217487
0,1,1,1,0,0,1,0,0,0,0,0,0.67,0.56717885,0.70333564
0,1,1,1,0,0,1,0,0,0,0,0,0.54,0.4184153,0.44929242
0,0,0,1,0,0,0,0,0,0,0,0,0.69,0.4164935,0.46182457
0,1,1,1,0,0,0,0,0,1,0,0,0.3,0.33734968,0.32952556
0,1,1,1,0,0,1,0,0,0,0,0,0.29,0.3945739,0.40931734
0,1,1,0,0,0,0,0,0,0,0,0,0.68,0.5228064,0.6558887
0,0,1,1,0,0,0,0,0,0,0,0,0.24,0.33490855,0.31424794
0,1,1,1,0,0,0,0,0,0,0,0,0.47,0.39335865,0.4116122
0,0,1,1,0,0,0,0,0,0,0,1,0.16,0.24471922,0.18855052
0,1,1,1,0,0,0,0,0,0,0,0,0.42,0.34191966,0.33345526
0,1,1,1,0,0,0,0,0,0,0,0,0.53,0.35889974,0.35820815
0,1,1,1,0,0,0,0,1,1,0,0,0.31,0.27511173,0.24860783
1,1,1,1,0,0,0,0,0,0,0,0,0.95,0.5181227,0.59440607
0,1,1,1,0,0,0,0,0,0,0,0,0.34,0.34397787,0.33641016
0,1,1,1,0,0,0,0,0,0,0,0,0.37,0.2941299,0.269957
0,1,1,1,0,0,0,0,0,0,0,0,0.46,0.31633753,0.2987029
1,1,1,1,0,0,0,0,0,0,0,0,0.47,0.4269797,0.47536707
0,0,0,0,0,0,0,0,1,0,0,1,0.62,0.46575484,0.48309094
0,0,0,1,0,0,1,0,0,0,0,0,1.0,0.5785936,0.7437766
0,1,1,1,0,0,0,0,1,0,1,0,0.13,0.37221283,0.31719732
0,1,1,1,0,0,0,1,0,0,1,0,0.28,0.36147,0.3781467
0,0,0,1,0,0,0,0,0,0,0,0,0.21,0.28590083,0.25629145
0,1,1,1,0,0,0,0,0,0,0,0,0.25,0.3118224,0.29277343
0,1,1,1,0,0,0,0,0,0,0,0,0.23,0.31395632,0.29556713
0,1,1,0,0,0,1,1,0,0,1,0,0.25,0.3058395,0.23985401
0,1,1,1,0,0,0,0,1,0,0,0,0.28,0.27268162,0.2531579
0,0,1,1,0,0,0,0,1,1,0,1,0.4,0.3926639,0.39632434
0,1,1,1,0,0,0,0,0,0,0,0,0.33,0.3482501,0.34258464
0,1,1,0,0,0,0,0,0,0,0,0,0.46,0.35597602,0.36133283
0,0,1,1,0,0,0,0,1,1,0,1,0.3,0.28730258,0.2599806
0,0,0,1,0,1,0,0,0,0,0,0,0.15,0.2726759,0.25101942
0,0,0,1,0,0,0,0,0,0,0,0,0.27,0.34446412,0.3342867
0,1,1,1,0,0,0,0,0,0,0,0,0.32,0.43848762,0.49132118
0,1,1,1,0,0,0,0,0,0,0,0,0.17,0.26607168,0.23553774
0,0,0,1,0,0,0,0,0,0,0,0,0.82,0.37215024,0.3792921
0,0,1,1,0,0,0,0,1,1,0,0,0.35,0.3038151,0.27109003
0,0,0,1,0,0,0,0,0,0,0,1,0.55,0.5367749,0.64813113
0,1,1,1,0,0,0,0,0,0,0,0,0.4,0.33581647,0.32482985
0,1,1,1,0,0,0,0,0,0,0,0,0.21,0.35001692,0.34515405
0,1,1,1,0,0,0,0,1,0,0,0,0.31,0.2748107,0.2555738
0,1,1,1,0,0,0,0,1,1,0,0,0.58,0.36054197,0.35172018
0,1,1,1,0,0,0,0,0,0,0,0,0.5,0.5230062,0.62924814
0,1,1,1,0,0,0,0,1,1,0,0,0.53,0.43429118,0.46281463
0,1,1,1,0,0,0,0,0,0,0,0,0.19,0.30716288,0.2867054
1,1,1,1,0,0,0,0,0,0,1,0,0.26,0.32616758,0.273104
0,1,1,1,0,0,1,1,1,1,1,0,0.41,0.44480735,0.4868814
0,0,1,1,1,0,0,0,0,0,0,1,0.55,0.42398626,0.5093404
0,1,1,1,0,0,0,0,0,0,0,0,0.32,0.29131937,0.26638463
0,0,1,1,0,0,0,0,0,0,1,1,0.22,0.30254096,0.22142641
0,1,1,1,0,1,0,0,1,0,0,0,0.23,0.30858478,0.2995732
0,1,1,1,0,0,0,0,0,0,0,0,0.39,0.632794,0.74045104
0,0,1,1,0,0,0,0,0,0,0,0,0.42,0.35064542,0.33721605
0,1,1,1,0,0,0,0,1,1,0,0,0.57,0.5094117,0.5862244
0,1,1,0,0,0,0,0,0,0,0,0,0.5,0.46703166,0.55521786
0,1,1,1,0,0,0,0,0,0,0,0,1.0,0.46674022,0.5438627
0,1,1,1,0,0,1,0,0,0,0,0,0.31,0.31301793,0.29017335
0,0,1,0,0,0,0,0,1,1,0,0,0.38,0.34689483,0.36279336
0,0,1,1,0,0,0,0,0,0,0,1,0.51,0.5593578,0.6737941
0,1,1,1,0,0,0,0,0,0,0,0,0.19,0.2953319,0.2714907
0,1,1,1,0,0,0,0,1,1,0,0,0.34,0.32630023,0.30713677
0,1,1,1,0,0,1,0,0,0,0,0,0.39,0.3850601,0.39437914
0,1,1,1,0,0,0,0,0,1,1,0,0.41,0.3784241,0.38601726
0,1,1,1,0,0,0,0,0,0,0,0,0.6,0.38994303,0.40607196
0,1,1,1,0,0,1,0,0,0,0,0,0.41,0.37959486,0.38578266
0,1,1,1,0,0,0,0,0,0,0,0,0.49,0.42870682,0.47336465
0,1,1,1,0,0,0,0,0,0,0,0,0.41,0.3459093,0.33919477
0,1,1,1,0,0,0,0,1,1,0,0,0.14,0.31895763,0.29805747
0,0,1,1,0,0,0,0,1,0,0,0,0.19,0.26345673,0.24888654
0,0,1,1,0,0,1,0,0,0,0,0,0.75,0.50665563,0.59039927
0,1,1,1,0,1,0,0,0,0,0,0,0.43,0.32226673,0.3325574
0,1,1,1,0,0,0,0,0,0,0,0,0.31,0.381172,0.3922504
0,1,1,1,0,0,0,0,0,0,0,0,0.88,0.7075077,0.7990169
0,0,0,1,0,0,0,0,0,0,0,1,0.14,0.25426805,0.17017487
0,1,1,1,0,0,0,0,0,0,0,0,0.94,0.48354626,0.57299554
0,1,1,1,0,0,0,0,0,0,0,0,0.33,0.30874035,0.28875613
0,1,1,1,0,0,0,0,0,0,0,0,0.3,0.3460312,0.33937088
0,1,1,1,0,0,0,0,0,0,0,0,0.91,0.37741178,0.38640627
0,1,1,1,0,0,0,0,0,0,0,0,0.57,0.34865066,0.34316638
0,0,0,0,0,0,1,0,0,0,0,0,0.3,0.31509048,0.27174693
0,1,1,1,0,0,0,0,1,0,0,0,0.04,0.26930925,0.24941394
0,1,1,0,0,0,0,1,0,0,0,0,0.47,0.42935118,0.52340996
0,1,1,1,0,0,0,0,1,1,0,0,0.45,0.38454592,0.3864078
0,1,1,1,0,1,0,0,0,0,0,0,0.32,0.3338262,0.3466556
0,1,1,1,0,0,0,0,0,0,0,0,0.25,0.27408338,0.24493738
0,1,1,1,0,0,0,0,1,1,1,0,0.15,0.506194,0.541319
0,1,1,1,0,1,0,0,0,0,0,0,0.46,0.3272042,0.33858687
0,0,1,1,0,0,0,0,0,1,0,0,0.21,0.45865732,0.46987447
0,1,1,1,0,0,0,0,0,0,0,0,0.35,0.2886348,0.2629968
0,1,1,1,0,0,1,0,0,0,0,0,0.3,0.28470993,0.25423804
0,1,1,1,0,0,0,0,0,0,0,0,0.23,0.25832066,0.22716291
0,1,1,1,0,0,0,0,0,0,0,0,0.32,0.28949308,0.26407686
0,1,1,1,0,1,0,0,0,1,1,0,0.43,0.4185528,0.46888715
0,0,0,1,0,0,0,0,0,0,0,0,0.42,0.39846548,0.42675105
0,1,1,1,0,0,0,0,0,0,0,0,0.03,0.3619229,0.36270094
0,1,1,1,0,0,1,0,0,0,1,0,0.32,0.29051158,0.24299984
0,1,1,1,0,1,0,0,0,0,0,0,0.75,0.354458,0.3720835
0,1,1,1,0,1,0,1,0,1,1,0,0.54,0.4397692,0.49253106
0,1,1,1,0,0,0,0,0,0,0,0,0.31,0.3238968,0.30872208
1,1,1,1,0,0,0,0,0,0,0,0,0.23,0.33625874,0.33610788
0,1,1,1,0,0,0,0,0,0,0,0,0.49,0.33874688,0.32892597
1,1,1,1,0,0,0,0,0,0,0,0,0.38,0.36412972,0.376887
0,1,1,0,0,0,1,0,0,0,0,0,0.23,0.3889808,0.41211516
0,1,1,1,0,0,0,0,1,1,0,0,0.22,0.3078494,0.28454942
0,1,1,1,0,0,0,1,0,0,1,0,0.53,0.41136885,0.4451057
0,0,1,1,0,0,1,0,1,1,0,1,0.39,0.38569766,0.3772173
0,0,1,0,0,0,0,0,0,0,0,1,0.5,0.33057266,0.2512067
0,1,1,1,0,0,0,0,0,0,0,0,0.35,0.3132925,0.29469642
0,1,1,1,0,0,0,0,1,0,0,0,0.36,0.34531504,0.3448433
0,0,1,1,0,0,0,0,0,0,0,0,0.89,0.7273323,0.77976215
0,0,1,1,0,0,0,0,0,0,0,1,0.31,0.35365167,0.3125674
0,1,1,1,0,0,0,0,0,0,0,0,0.19,0.2650374,0.23437586
0,1,1,1,0,0,0,0,0,0,0,0,0.57,0.41660213,0.45154142
0,0,0,0,0,0,0,0,1,1,0,0,0.48,0.41185984,0.43850106
0,1,0,1,0,0,0,0,0,0,0,0,0.12,0.27531236,0.23299107
0,1,1,1,0,0,0,0,0,0,0,0,0.21,0.2780388,0.2497743
0,0,0,1,0,0,0,0,0,0,0,0,0.34,0.3624544,0.36317307
0,1,1,1,0,0,0,0,0,0,0,0,0.02,0.35825706,0.35725623
0,1,1,0,0,0,0,1,0,0,0,0,0.35,0.32703373,0.3252997
0,1,1,1,0,0,0,0,0,0,0,0,0.38,0.2866369,0.26049227
0,1,1,1,0,0,0,0,0,0,0,0,0.29,0.3377216,0.32747832
0,1,1,0,0,0,1,0,1,1,0,0,0.41,0.40176025,0.4684556
0,1,1,1,0,0,0,0,0,0,0,0,0.35,0.29031676,0.26511613
0,0,1,1,0,0,0,0,0,0,0,0,0.2,0.31392032,0.28456014
0,1,1,1,0,0,0,0,0,0,0,0,0.45,0.45094076,0.5148283
0,0,1,1,0,0,0,0,0,0,0,0,0.02,0.33654547,0.31660944
0,1,1,1,0,0,0,0,0,0,0,0,0.22,0.2962335,0.27264473
0,1,1,0,0,0,0,0,0,0,0,0,0.61,0.39125413,0.4200518
0,1,1,0,0,0,0,1,0,0,1,0,0.31,0.41430283,0.4345274
0,1,1,1,0,0,0,0,0,0,0,0,0.55,0.31471834,0.2965685
0,1,1,1,0,1,0,0,0,0,0,0,0.52,0.35840052,0.37698403
0,0,0,1,0,0,1,0,0,0,0,0,0.41,0.3460483,0.35906166
0,1,1,1,0,0,0,0,1,1,0,0,0.28,0.37151334,0.367346
0,0,0,1,0,1,1,0,0,0,0,0,0.71,0.4766013,0.57988155
0,1,1,1,0,0,0,0,1,1,0,0,0.18,0.29404566,0.26864678
0,0,0,1,0,0,0,0,0,0,0,1,0.37,0.36560172,0.30579203
0,0,0,1,0,0,0,0,0,0,0,0,0.13,0.28689152,0.25742167
0,0,0,1,0,0,0,0,0,0,0,0,0.35,0.37195954,0.37896842
0,1,1,1,0,0,0,0,1,1,0,0,0.36,0.26104122,0.2344335
1,1,1,1,0,0,0,0,0,0,0,0,0.23,0.2812983,0.26524407
0,1,1,1,0,0,0,0,0,0,0,0,0.4,0.49635038,0.5925558
0,1,1,1,0,0,0,0,0,0,0,0,0.16,0.3344735,0.32296962
0,1,1,1,0,0,1,0,0,0,0,0,0.28,0.32658044,0.30845872
1,1,1,1,0,0,0,0,0,0,0,0,0.23,0.32332334,0.31839797
0,0,1,1,0,0,0,0,0,0,0,0,0.62,0.3434868,0.32675987
0,1,1,1,0,0,0,0,1,0,0,0,0.29,0.32561293,0.31849843
0,0,0,1,0,0,0,0,0,0,0,0,0.15,0.2903861,0.2614356
0,1,1,1,0,1,0,0,0,0,0,0,0.39,0.36404935,0.38404942
0,1,1,1,0,0,0,0,0,0,0,0,0.46,0.4029166,0.4273879
0,1,1,1,0,0,0,0,0,0,0,0,0.97,0.45194227,0.51671284
0,0,1,1,0,0,0,0,0,0,0,0,0.34,0.38423368,0.3858867
0,1,1,1,0,0,0,0,0,0,0,0,1.0,0.6822506,0.78138745
0,1,1,1,0,1,0,0,0,0,0,0,0.43,0.31370598,0.3224557
0,0,1,1,0,0,0,0,0,0,0,0,0.54,0.5953762,0.68180174
0,1,1,1,0,0,0,0,0,0,0,0,0.32,0.34364107,0.33592576
0,1,1,1,0,0,0,0,0,0,0,0,0.63,0.3627403,0.36392897
0,1,1,1,0,0,0,0,0,1,0,0,0.39,0.3156727,0.30126905
0,1,1,1,0,0,0,0,0,0,0,0,0.24,0.3377373,0.32750016
0,0,1,1,0,0,1,0,0,0,0,0,0.29,0.32921967,0.3314907
0,1,1,1,0,0,0,0,0,0,0,0,0.07,0.47074366,0.55100113
0,1,1,1,0,0,0,0,0,0,0,0,0.23,0.3429556,0.3349409
0,1,1,1,0,0,0,0,0,0,0,0,0.3,0.42707628,0.4703737
0,1,1,1,0,0,0,0,0,0,0,0,0.79,0.42851686,0.47301596
0,1,1,1,0,0,0,0,0,0,0,0,0.17,0.34668174,0.3403116
0,0,0,1,0,0,0,0,0,0,0,0,0.02,0.62213856,0.7263899
0,1,1,1,0,0,0,0,0,0,0,0,0.4,0.28900224,0.2634588
0,1,1,1,0,0,0,0,1,1,0,0,0.2,0.31840655,0.2973817
0,1,1,1,0,0,0,0,0,0,0,0,0.17,0.32319912,0.3077994
0,1,1,1,0,0,0,0,1,0,0,0,0.33,0.39044723,0.40821308
0,0,1,1,0,0,0,0,0,0,0,0,0.26,0.30524224,0.2730826
0,1,1,1,0,0,1,0,0,0,0,0,0.31,0.2730133,0.24057572
0,1,1,1,0,0,0,0,0,0,1,0,0.32,0.39849344,0.42016762
0,1,1,1,0,0,0,1,1,1,1,0,0.33,0.39488405,0.37754336
0,0,1,1,0,0,0,0,0,0,0,1,0.5,0.5452837,0.65097106
0,1,1,1,0,1,0,0,0,0,0,0,0.11,0.29435998,0.30012125
0,1,1,0,0,0,1,0,0,0,0,0,0.56,0.36236185,0.36458963
0,1,1,1,0,0,0,0,0,0,0,0,0.3,0.30617157,0.28541595
0,0,0,0,0,0,0,0,0,0,0,0,0.22,0.32037908,0.26630443
0,1,1,1,0,0,0,1,0,1,1,0,0.1,0.2822128,0.2807462
0,1,1,1,0,0,0,0,0,0,0,0,0.26,0.26625884,0.23574845
0,1,1,1,0,0,0,0,1,1,0,0,0.65,0.47708645,0.5365418
0,1,1,1,0,0,0,0,0,0,0,0,0.26,0.33504957,0.3237669
0,1,1,1,0,0,0,0,1,0,0,0,0.27,0.30539718,0.29237214
0,1,1,1,0,0,0,0,1,1,0,0,0.46,0.3645231,0.35733327
0,1,1,1,0,0,0,0,0,0,0,0,0.16,0.30161083,0.27951863
0,0,1,1,0,0,0,0,0,0,0,0,0.08,0.2655378,0.22726028
1,1,1,1,0,0,0,0,0,0,0,0,0.32,0.39276987,0.420782
0,1,1,1,0,0,0,0,1,1,1,0,0.42,0.47811785,0.5010174
0,1,1,1,0,1,0,0,0,0,0,0,0.33,0.38703126,0.41378602
0,0,1,1,0,0,0,0,0,0,0,0,0.5,0.5186907,0.5929185
0,1,1,1,0,0,0,0,0,0,0,0,0.23,0.29891104,0.27606025
0,1,1,1,0,0,0,0,0,0,0,0,0.62,0.46995765,0.54960823
0,0,1,0,0,0,0,0,0,0,0,0,0.12,0.31286103,0.28454024
0,1,1,0,0,0,0,0,0,0,0,0,0.54,0.34283146,0.33983344
0,0,0,1,0,1,0,0,0,0,0,0,0.24,0.32856554,0.3051037
0,0,0,1,0,1,0,0,1,0,0,0,0.27,0.31136084,0.31090644
0,0,1,1,0,0,0,0,0,0,0,1,1.0,0.5648071,0.68214256
0,1,1,1,0,0,0,0,0,0,0,0,0.33,0.31821018,0.30118227
0,1,1,1,0,0,0,0,1,0,0,0,0.32,0.27069956,0.25094086
1,1,1,1,0,0,0,0,0,0,0,0,0.02,0.29569998,0.28269833
0,1,1,0,0,0,0,0,0,0,0,0,0.41,0.44911233,0.5224692
0,1,1,1,0,0,0,0,0,0,0,0,0.46,0.3736783,0.38063604
1,1,1,1,0,0,0,0,0,0,0,0,0.19,0.28176373,0.26578817
1,0,0,1,0,0,0,0,0,0,0,0,0.41,0.5487877,0.59857786
0,0,0,1,0,0,0,0,0,1,0,0,0.38,0.3001904,0.25879604
0,0,1,1,0,0,0,0,0,0,0,1,0.41,0.34788018,0.30474934
0,0,0,1,0,0,1,0,0,0,0,0,0.03,0.32306185,0.32059252
0,1,1,0,0,0,1,0,0,0,0,0,0.61,0.45695972,0.54993695
0,0,0,1,0,0,0,0,0,0,0,0,0.75,0.64026326,0.74055517
0,0,1,1,0,1,0,0,0,0,0,1,0.3,0.3829223,0.40135774
0,0,1,1,0,0,0,0,0,0,0,1,0.33,0.33843988,0.29228365
0,0,0,1,0,0,0,0,0,0,0,0,0.31,0.33491188,0.31971946
0,1,1,1,0,0,0,0,0,0,0,0,0.13,0.28884885,0.26326585
0,1,1,1,0,0,0,0,0,0,0,0,0.05,0.272772,0.2433538
0,1,1,1,0,1,0,0,0,0,0,0,0.4,0.44046792,0.49312776
0,1,1,1,0,0,0,0,0,0,0,0,0.37,0.45994288,0.5315757
0,0,1,0,0,0,0,0,0,0,0,0,0.21,0.2561089,0.2178715
0,1,1,1,0,0,1,0,0,0,0,0,0.48,0.30752748,0.2828817
0,0,0,1,0,0,0,0,0,0,0,0,0.25,0.27601165,0.24531157
0,1,1,0,0,0,1,1,0,0,1,0,0.34,0.3797839,0.3394783
0,0,0,1,0,0,0,0,1,0,0,0,0.16,0.28170925,0.25069338
0,1,1,1,0,0,0,0,0,0,0,0,0.27,0.3288139,0.315263
0,1,1,0,0,0,0,0,0,0,0,0,0.56,0.45234165,0.52822673
0,1,1,0,0,0,1,0,0,0,0,0,0.42,0.31641176,0.29417476
0,1,1,1,0,0,0,0,0,0,0,0,0.52,0.32806635,0.31426376
0,1,1,1,0,0,0,0,0,1,0,0,0.51,0.48743743,0.55279195
0,1,1,1,0,0,1,1,1,1,0,0,0.8,0.32511464,0.3368451
0,1,1,1,0,0,0,0,0,0,0,0,0.16,0.2745139,0.24545877
0,1,1,1,0,0,0,0,0,0,0,0,0.56,0.43437892,0.483779
0,1,1,1,0,0,0,0,0,0,0,0,0.31,0.30192018,0.27991644
0,1,1,0,0,0,0,0,0,0,0,0,0.21,0.30000728,0.27533022
0,1,1,1,0,1,0,0,0,0,0,0,0.31,0.33369413,0.34649503
0,1,1,0,0,0,1,0,0,0,0,0,0.29,0.3715609,0.3805622
0,1,1,1,0,0,1,1,0,0,0,0,0.2,0.31183937,0.3086639
0,0,1,1,0,0,0,0,1,0,0,0,0.34,0.29344687,0.2822228
0,1,1,1,0,0,0,0,0,0,0,0,0.38,0.3314718,0.318861
0,1,1,1,0,0,0,0,0,0,0,0,0.3,0.30071336,0.27836603
0,0,1,1,0,0,0,0,0,0,0,1,0.24,0.32553157,0.27595344
0,1,1,1,0,0,0,0,0,0,0,0,1.0,0.48600537,0.57687795
0,1,1,1,0,0,0,0,1,1,0,0,0.88,0.47102237,0.52620304
0,1,1,1,0,0,0,0,1,0,0,0,0.34,0.3072846,0.29476434
0,1,1,1,0,0,0,0,0,0,0,0,0.52,0.5348004,0.64400345
0,1,1,1,0,0,0,0,0,0,0,0,0.35,0.30070162,0.27835098
0,1,1,1,0,1,0,0,0,0,0,0,0.28,0.32549626,0.3364932
0,0,1,1,0,0,0,0,0,0,0,1,0.35,0.5806519,0.7054944
0,1,1,1,0,1,0,0,0,0,0,0,0.22,0.3244268,0.33518547
0,1,1,0,0,0,0,0,0,0,0,0,0.35,0.3389356,0.33356094
0,1,1,0,0,0,0,0,0,0,0,0,0.34,0.3121658,0.29243222
0,0,0,1,0,0,0,0,0,0,0,0,0.27,0.32059535,0.29939222
0,0,1,1,0,0,0,0,1,0,0,0,0.59,0.43260354,0.46575657
0,1,1,1,0,0,0,0,0,0,0,0,0.24,0.2902603,0.26504475
0,1,1,1,0,0,0,0,0,0,0,0,0.29,0.49427977,0.5894936
0,1,1,0,0,1,0,1,0,0,1,0,0.15,0.32524908,0.26813215
0,1,1,1,0,0,0,0,0,0,0,0,0.05,0.32057422,0.30432403
0,1,1,1,0,0,0,0,0,0,1,0,0.28,0.31728235,0.2925789
0,1,1,1,0,0,0,0,1,1,0,0,0.09,0.31412375,0.2921465
0,0,0,1,0,0,0,0,0,0,0,0,0.87,0.36244184,0.3631525
1,1,1,1,0,0,0,0,0,0,0,0,0.39,0.2805858,0.26441485
0,1,1,1,0,1,0,0,1,1,0,0,0.6,0.4089857,0.41425705
0,1,1,1,0,0,0,0,0,0,0,0,0.15,0.2590865,0.22794643
0,1,1,1,0,0,0,0,1,0,0,0,0.53,0.41987404,0.45233473
0,1,1,0,0,0,0,0,0,0,0,0,0.44,0.31425977,0.29549766
0,1,1,0,0,0,0,0,0,0,0,0,0.13,0.41934615,0.4689084
0,0,0,1,0,0,0,0,1,0,0,0,0.4,0.38795418,0.39976618
0,1,1,1,0,0,0,0,0,0,0,0,0.16,0.27098832,0.24122731
0,1,1,1,0,0,0,0,0,0,0,0,0.21,0.25241604,0.22119668
0,1,1,1,0,0,1,0,0,0,0,0,0.27,0.30977494,0.28585422
0,0,1,1,0,0,1,0,0,0,0,0,0.28,0.33657318,0.34144062
0,1,1,1,0,0,0,0,1,1,0,0,0.53,0.42285475,0.44442248
0,1,1,1,0,0,0,0,0,0,0,0,0.53,0.50606316,0.6064036
0,1,1,1,0,0,0,0,0,0,0,0,0.54,0.3457085,0.3389047
0,0,1,1,0,0,0,0,0,0,0,1,0.27,0.283849,0.22740085
0,1,1,0,0,0,0,1,0,0,1,0,0.28,0.26140818,0.20599592
0,1,1,1,0,0,0,0,0,0,0,0,0.21,0.3016415,0.27955803
0,1,1,1,0,0,0,0,0,0,0,0,0.25,0.2766022,0.24800864
0,0,0,1,0,0,0,0,0,0,0,0,0.37,0.32013243,0.29875785
0,1,1,1,0,0,0,0,1,1,0,0,0.62,0.6946787,0.78609526
0,1,1,1,0,0,0,0,0,0,0,0,0.92,0.53679246,0.646486
0,0,1,1,0,0,0,0,0,0,0,0,0.06,0.40461212,0.41592246
0,0,0,1,0,0,0,0,0,0,0,0,0.24,0.3538959,0.34927645
0,1,1,1,0,0,0,1,0,0,1,0,0.42,0.32679287,0.33364582
0,1,1,1,0,0,0,1,0,0,1,0,0.34,0.39602396,0.4242354
0,1,1,1,0,0,0,0,0,0,0,0,0.49,0.42168993,0.4606749
0,0,1,1,0,0,0,0,0,0,0,0,0.18,0.44247636,0.47442174
0,1,1,1,0,0,0,0,0,0,0,0,0.36,0.30998716,0.2903806
0,1,1,1,0,0,0,0,0,0,0,0,0.34,0.31532544,0.29736775
0,0,0,1,0,0,0,0,0,0,0,0,0.92,0.4794221,0.58080184
0,1,1,1,0,0,0,1,0,0,1,0,0.34,0.32331023,0.3291996
0,1,1,1,0,0,0,0,0,0,0,0,0.73,0.470715,0.55095035
0,1,1,0,0,0,1,0,0,0,0,0,0.62,0.37502474,0.38668737
0,0,0,1,0,0,0,0,1,1,0,0,0.28,0.39356652,0.40328756
0,1,1,1,0,0,0,0,0,0,0,0,0.26,0.29831544,0.2753009
0,1,0,0,0,0,0,0,0,0,0,0,0.25,0.23983797,0.2045559
0,1,1,1,0,0,0,0,1,1,0,0,0.03,0.37565845,0.37337202
0,1,1,1,0,0,0,0,0,0,0,0,1.0,0.6343009,0.74181384
0,0,0,1,1,0,0,0,0,0,0,0,0.26,0.31223252,0.2702047
0,1,1,1,0,0,0,1,0,1,1,0,0.45,0.39336437,0.42170018
0,1,1,1,0,0,0,0,0,0,0,0,0.12,0.33639273,0.32562977
0,0,1,1,0,0,0,0,0,0,0,0,0.15,0.35772997,0.34753674
0,1,1,1,0,0,0,0,0,0,0,0,0.38,0.37330252,0.3800571
0,1,1,1,0,0,0,0,1,1,0,0,0.45,0.30625606,0.28263086
1,1,1,1,0,0,0,0,0,0,0,0,0.68,0.38700587,0.4117611
0,1,1,1,0,0,1,0,0,0,0,0,0.43,0.33043033,0.31369284
0,1,1,1,0,0,0,0,1,1,0,0,0.26,0.3435784,0.32905176
0,1,1,1,0,1,0,1,0,0,1,0,0.49,0.33368412,0.36248028
0,1,1,1,0,0,0,0,0,0,0,0,0.52,0.58797884,0.69995606
0,1,1,1,0,0,0,0,1,1,0,0,0.22,0.29639465,0.27120128
0,1,1,0,0,0,1,0,0,0,0,0,0.35,0.33413726,0.31964162
0,0,1,1,0,0,0,0,0,0,0,1,0.23,0.28121582,0.22456737
0,1,1,1,0,0,0,0,0,0,0,0,0.23,0.32553047,0.31088695
0,0,1,1,0,0,0,0,0,0,0,1,0.29,0.41027832,0.39525956
0,1,1,1,0,0,0,0,0,0,0,0,0.38,0.40869778,0.43744963
0,1,1,1,0,0,0,0,0,0,1,0,0.35,0.2781266,0.24104068
0,1,1,1,0,0,1,0,0,0,0,0,0.34,0.3716916,0.37346464
0,1,1,0,0,0,0,0,1,1,0,0,0.31,0.3464634,0.3475653
0,1,1,1,0,0,0,0,0,0,0,0,0.5,0.39430302,0.41314918
0,1,1,1,0,0,0,0,0,0,0,0,0.4,0.4179452,0.45394903
0,1,1,1,0,0,0,0,0,0,0,0,0.3,0.43122393,0.47798434
0,1,1,1,0,1,0,0,0,0,0,0,0.03,0.42123398,0.46335697
0,1,1,1,0,0,0,0,0,0,0,0,0.27,0.30853534,0.2884893
0,1,1,1,0,0,0,0,0,0,0,0,0.39,0.40593496,0.432614
0,1,1,1,0,0,0,0,0,0,0,0,0.41,0.38848644,0.40372977
0,1,1,1,0,0,0,0,0,0,0,0,0.42,0.37461424,0.38207945
0,1,1,1,0,0,0,0,0,0,0,0,0.88,0.47553104,0.5594242
0,1,1,0,0,0,1,0,0,0,0,0,0.23,0.33512107,0.32113048
0,1,1,1,0,0,0,0,1,1,1,0,0.23,0.28379074,0.24414608
0,1,1,1,0,0,0,0,0,0,0,0,0.89,0.5298413,0.6378523
0,1,1,1,0,0,0,0,1,1,0,0,0.26,0.32057405,0.30004478
1,1,1,1,0,0,0,0,0,0,0,0,0.4,0.55211115,0.6297711
0,1,1,1,0,1,0,0,0,0,0,0,0.26,0.44014615,0.49262148
0,0,1,1,0,1,0,0,0,0,0,0,0.51,0.3251977,0.34497887
0,0,0,0,0,0,0,0,0,1,0,0,0.21,0.3037966,0.22728553
0,1,1,0,0,0,1,1,0,1,1,0,0.73,0.35616618,0.39511305
0,0,1,1,0,0,0,0,0,0,0,1,0.42,0.30296755,0.24883907
0,1,1,1,0,0,0,0,0,0,0,0,0.36,0.3164268,0.29882088
1,1,1,1,0,0,0,0,0,0,0,0,0.31,0.27354637,0.2563627
0,1,1,1,0,0,1,0,0,0,0,0,0.24,0.38954514,0.40140265
0,1,1,1,0,0,0,0,0,0,0,0,0.73,0.3704848,0.37572697
0,1,1,0,0,0,0,0,0,0,1,0,0.24,0.3422482,0.29215115
0,1,1,1,0,1,0,0,0,0,0,0,0.32,0.29851067,0.30478716
0,1,1,1,0,0,0,0,0,0,0,0,0.31,0.2969257,0.2735328
0,1,1,0,0,0,0,0,0,0,0,0,0.23,0.29991084,0.27519733
0,0,1,0,0,0,1,1,0,0,1,0,0.34,0.3053997,0.28215897
0,1,1,1,0,0,0,0,0,0,0,0,0.23,0.2747895,0.24579307
0,1,1,1,0,0,0,0,0,0,0,0,0.64,0.3584587,0.3575548
0,1,1,1,0,0,0,0,1,1,0,0,0.26,0.33032048,0.312171
0,1,1,1,0,0,0,0,0,0,0,0,0.24,0.2631339,0.23225693
0,0,1,1,0,0,0,0,0,0,0,0,0.5,0.36034757,0.35137588
1,1,1,1,0,0,0,0,0,0,0,0,0.24,0.27922454,0.2628356
0,0,0,1,0,0,0,0,0,0,0,0,0.12,0.2961346,0.26814023
0,1,1,1,0,0,0,0,0,0,0,0,0.28,0.3462568,0.33969694
0,1,1,1,0,0,0,0,0,0,0,0,0.21,0.3308762,0.3180491
0,1,1,1,0,0,0,1,0,0,0,0,0.45,0.3711401,0.34847808
0,1,1,0,0,0,1,0,0,1,0,0,0.65,0.45597568,0.55911815
1,1,1,1,0,0,0,0,0,0,0,0,0.15,0.27916828,0.2627706
0,1,1,1,0,0,0,0,0,0,0,0,0.44,0.35003906,0.34518632
0,0,0,1,0,0,1,0,0,0,0,0,0.24,0.29271784,0.27762175
0,0,1,1,0,0,1,0,0,0,0,1,0.21,0.27616963,0.24222228
0,1,1,1,0,0,0,1,0,0,1,0,1.0,0.75026846,0.806757
0,1,1,1,0,0,0,0,0,0,0,0,0.46,0.42783165,0.4717585
0,1,1,0,0,1,0,1,0,0,1,0,0.67,0.5040008,0.6005232
0,0,0,1,0,0,0,0,0,0,0,0,0.25,0.37713972,0.38780588
0,0,1,1,0,1,0,0,0,0,0,0,0.05,0.38761562,0.43311962
0,0,1,1,0,0,0,0,0,0,0,1,0.14,0.3326965,0.28494868
0,1,1,1,0,0,0,0,0,1,0,0,0.22,0.3328502,0.32351604
0,1,1,1,0,0,0,0,0,0,0,0,0.45,0.34595594,0.33926216
0,1,1,0,0,0,0,1,0,0,0,0,0.24,0.30604404,0.2948255
0,1,1,1,0,0,0,0,0,0,0,0,0.58,0.42825088,0.4725278
0,0,0,1,0,0,0,0,0,0,0,0,0.96,0.64107597,0.7411827
0,1,1,1,0,0,1,0,0,0,0,0,0.24,0.2633063,0.22959892
0,1,1,1,0,0,0,0,0,0,0,0,0.35,0.31337854,0.2948092
0,1,1,1,0,0,0,0,0,0,0,0,0.21,0.2819697,0.2546487
0,1,1,1,0,0,0,0,0,0,0,0,0.35,0.40515137,0.43124717
0,1,1,1,0,0,0,0,0,0,0,0,0.42,0.36630717,0.36934364
0,1,1,1,0,0,0,0,0,0,0,0,0.49,0.4354341,0.48571762
0,0,0,0,0,0,1,0,0,0,0,0,0.36,0.33316952,0.30037132
0,1,1,1,0,0,0,0,1,1,0,0,0.54,0.57183105,0.66325164
0,1,1,1,0,0,0,0,0,0,0,0,0.58,0.3995394,0.42170113
0,1,1,1,0,0,0,0,1,1,0,0,0.83,0.3506934,0.33831936
0,1,1,1,0,0,0,0,0,0,0,0,0.31,0.35722503,0.35573
0,1,1,1,0,0,0,0,0,0,0,0,0.29,0.34144893,0.33278129
0,1,1,1,0,0,0,0,0,0,0,0,0.37,0.35010403,0.34528098
0,1,1,1,0,0,0,0,0,0,0,0,0.31,0.28131342,0.25383052
0,1,1,1,0,0,0,0,0,0,0,0,0.55,0.3089419,0.28901866
0,0,1,1,0,0,0,0,0,0,0,0,0.79,0.47436246,0.52388895
0,1,1,1,0,0,0,0,0,0,0,0,0.62,0.33044964,0.3174683
0,1,1,1,0,0,0,0,0,0,0,0,0.82,0.5428733,0.65395045
0,0,0,0,0,0,0,0,0,0,0,1,0.24,0.28744796,0.19331987
0,1,1,1,0,1,0,0,0,0,0,0,0.61,0.6867612,0.7674611
0,0,1,0,0,0,1,0,0,0,0,0,0.31,0.30377415,0.2773092
0,0,1,1,0,0,0,0,0,0,0,0,0.33,0.3198257,0.29270613
0,1,1,1,0,0,0,0,0,0,1,0,0.21,0.2721949,0.23393354
0,1,1,1,0,0,0,0,1,1,0,0,0.31,0.36663467,0.36033362
0,1,1,1,0,0,0,0,1,1,0,0,0.36,0.26934886,0.24273857
0,1,1,1,0,0,0,0,0,0,0,0,0.35,0.29530782,0.27145994
0,1,1,1,0,0,0,0,0,0,0,0,0.25,0.3178234,0.30066934
0,1,1,1,0,0,0,0,0,0,0,0,0.29,0.37649918,0.38499278
0,0,1,1,0,0,0,0,0,0,0,0,0.63,0.66648257,0.73751104
0,1,1,1,0,0,0,0,1,0,0,0,1.0,0.36915916,0.3776641
0,1,1,1,0,0,0,0,1,0,0,0,0.37,0.33175835,0.32665008
0,1,1,1,0,0,1,0,0,0,0,0,0.21,0.29553515,0.26747447
0,1,1,1,0,0,0,0,0,0,0,0,0.68,0.67459816,0.7755238
0,1,1,0,1,0,0,1,0,0,0,0,0.41,0.4190227,0.47886476
0,1,1,1,0,0,1,0,0,0,0,0,0.34,0.33140677,0.3150297
0,1,1,1,0,0,0,0,0,0,0,0,0.29,0.31695893,0.29952437
0,0,0,1,0,0,0,0,0,0,0,0,0.38,0.41952616,0.46783334
0,1,1,1,0,0,1,0,0,0,0,0,0.36,0.3501979,0.3416022
0,1,1,1,0,0,0,0,0,0,0,0,0.28,0.26430017,0.23355015
0,0,0,1,0,0,0,0,0,0,0,0,0.4,0.3721504,0.37929237
0,1,1,1,0,0,0,1,0,0,1,0,0.77,0.4012111,0.4313038
0,1,1,0,0,0,0,0,0,0,0,0,0.18,0.25423187,0.22116089
0,0,0,1,0,0,0,0,0,0,0,0,0.13,0.2788996,0.24846888
0,1,1,0,0,0,1,0,0,1,0,0,0.31,0.34543997,0.36532128
0,1,1,1,0,0,0,0,0,0,0,0,0.36,0.34244555,0.33420902
0,0,1,1,0,0,0,0,0,1,0,0,0.42,0.38632208,0.35776073
0,1,1,1,0,0,0,0,0,0,0,0,0.35,0.35469785,0.3520051
0,1,1,1,0,0,0,0,1,1,0,0,0.41,0.5265714,0.60841155
0,1,1,1,0,0,0,0,0,0,0,0,0.37,0.33688524,0.3263142
0,1,1,0,0,0,1,0,0,0,0,0,0.54,0.45382363,0.5432549
0,1,1,1,0,0,0,0,1,0,0,0,0.3,0.3044825,0.2912169
0,1,1,1,0,0,0,0,0,0,0,0,1.0,0.49319643,0.58787704
0,0,1,1,0,0,0,0,0,1,0,1,0.25,0.30612633,0.28560573
0,1,1,1,0,0,0,0,0,0,0,0,0.25,0.29547903,0.2716788
0,0,1,1,0,0,0,0,0,0,0,0,0.55,0.3575155,0.34722307
0,1,1,0,0,0,1,1,0,0,1,0,0.03,0.27734572,0.20789257
0,1,1,1,0,0,1,0,0,0,0,0,0.37,0.32172665,0.30189782
0,1,1,1,0,0,0,1,0,0,1,0,0.17,0.28735653,0.28455552
0,0,1,1,0,0,0,0,0,0,0,0,0.14,0.28185758,0.24466786
0,1,1,1,0,0,0,0,0,0,0,0,0.38,0.29451147,0.27044326
0,1,1,1,0,0,0,0,0,0,0,0,0.3,0.27301103,0.2436419
0,1,1,1,0,0,0,0,1,1,0,0,0.35,0.368527,0.3630412
0,0,1,1,0,1,0,0,0,0,0,0,0.4,0.34031397,0.36546
0,1,1,1,0,0,0,0,0,0,0,0,0.38,0.3757335,0.38380837
0,1,1,1,0,0,0,0,1,0,0,0,0.38,0.4263347,0.46237573
0,1,1,1,0,1,0,0,0,0,0,0,0.28,0.27010196,0.27351397
0,1,1,1,0,0,0,0,0,0,0,0,0.24,0.31088668,0.29155195
0,1,1,1,0,0,0,0,0,1,0,0,0.27,0.30774212,0.2912477
0,1,1,1,0,1,0,1,0,1,1,0,0.3,0.32826072,0.33194184
0,1,1,1,0,0,0,0,1,1,0,0,0.36,0.44536504,0.48182607
0,0,1,1,0,0,0,0,1,1,0,0,0.42,0.3136052,0.2828949
0,1,1,0,0,0,0,0,0,0,0,0,0.31,0.363037,0.37304378
0,0,1,0,0,0,1,0,0,0,0,1,0.38,0.4425272,0.45923963
0,1,1,0,0,0,1,0,0,0,1,0,0.41,0.41273636,0.38287637
0,1,1,1,0,0,0,0,1,1,0,0,0.27,0.4166778,0.4349289
0,1,1,1,0,0,0,1,1,1,1,0,0.39,0.39693546,0.3801251
0,1,1,1,0,0,1,0,0,0,0,0,0.05,0.28068647,0.24948673
0,1,1,1,0,0,0,0,0,0,0,0,0.46,0.41424122,0.44731647
0,0,1,1,0,0,1,0,0,0,0,1,0.43,0.3191122,0.29582787
0,1,1,1,0,0,0,0,0,0,0,0,0.55,0.37208122,0.37817785
0,1,1,1,0,1,0,0,0,0,0,0,0.46,0.33229512,0.34479624
0,1,1,1,0,0,0,0,0,0,0,0,0.62,0.40225178,0.42624268
1,1,1,1,0,0,0,0,0,0,0,0,0.4,0.28052756,0.26434714
0,0,0,1,0,0,0,0,0,0,0,0,0.93,0.4065117,0.4422226
0,0,0,1,0,0,0,0,1,1,1,0,0.34,0.53773606,0.56262606
0,1,1,1,0,0,0,0,0,0,0,0,0.29,0.26536024,0.23473811
0,1,1,1,0,0,0,0,0,0,0,0,0.39,0.313854,0.2954328
0,1,1,1,0,0,0,0,0,0,0,0,0.32,0.30523425,0.2841993
1,1,1,1,0,0,0,0,0,0,0,0,0.22,0.31775206,0.31101605
0,1,1,1,0,0,0,0,0,0,0,0,0.17,0.42874303,0.4734311
0,0,0,0,0,0,1,0,0,0,0,0,0.25,0.34829018,0.32634836
1,1,1,1,0,0,0,0,0,0,0,0,0.41,0.38668483,0.41125885
0,1,1,1,0,0,0,0,0,0,0,0,0.12,0.26316923,0.23229523
0,1,1,1,0,0,0,0,1,1,0,0,0.63,0.40871796,0.42285997
0,1,1,1,0,0,0,0,0,0,0,0,1.0,0.5849018,0.6972604
0,0,1,1,0,0,0,0,0,0,0,0,0.33,0.2815385,0.24430795
0,0,1,1,0,0,0,0,0,0,0,0,0.38,0.34604016,0.33048272
0,1,1,1,0,0,0,0,0,1,0,0,0.24,0.5249458,0.6060945
0,1,1,1,0,0,0,0,0,0,0,0,0.56,0.5093974,0.6111275
0,0,1,1,0,0,0,0,0,0,1,0,0.28,0.32366937,0.31293565
0,1,1,1,0,0,1,0,1,0,0,0,0.44,0.36273617,0.32678774
0,1,1,1,0,0,0,0,0,0,0,0,0.55,0.6220304,0.73052377
0,1,1,1,0,0,0,0,0,0,0,0,0.2,0.291642,0.26679358
0,1,1,1,0,0,1,0,0,0,0,0,0.52,0.34012792,0.3271696
0,1,1,1,0,0,0,0,1,1,0,0,0.46,0.43159348,0.4583125
0,1,1,1,0,0,0,0,0,0,0,0,0.4,0.47006878,0.54980564
0,1,1,1,0,0,0,0,1,1,0,0,0.2,0.27334422,0.2467993
0,1,1,1,0,0,0,0,0,0,0,0,0.27,0.37602788,0.38426358
0,1,1,1,0,0,0,0,0,0,0,0,0.42,0.29125774,0.26630658
0,1,1,1,0,0,0,0,0,0,0,0,0.28,0.3103606,0.29086655
0,1,1,1,0,0,0,0,0,0,0,0,0.38,0.33030608,0.31727296
0,1,1,1,0,0,0,0,0,1,0,0,0.32,0.3722535,0.38013297
0,0,1,1,0,0,0,0,0,0,0,1,0.28,0.2540406,0.1971128
0,1,1,1,0,0,0,0,0,0,0,0,0.71,0.5323142,0.64089847
0,1,1,1,0,0,0,0,0,0,0,0,0.34,0.3249116,0.3100659
0,1,1,1,0,0,0,0,0,1,0,0,0.03,0.43111712,0.4690062
0,1,1,1,0,0,0,0,0,0,0,0,0.22,0.3937587,0.4122631
0,1,1,1,0,0,0,0,0,0,0,0,0.43,0.2583534,0.22719637
0,1,1,1,0,0,0,0,0,0,0,0,0.31,0.3442411,0.336789
0,1,1,1,0,0,0,0,1,1,0,0,0.12,0.2945058,0.2691442
0,1,1,1,0,0,0,0,0,0,0,0,0.32,0.38187283,0.39334312
0,1,1,1,0,0,1,0,0,0,0,0,0.17,0.26797754,0.23483641
0,1,1,1,0,0,0,0,0,0,0,0,0.19,0.30851635,0.2884646
0,1,1,1,0,0,0,0,0,0,0,0,0.25,0.2964862,0.27296874
0,1,1,1,0,1,0,0,0,0,0,0,0.64,0.43361616,0.48238802
0,1,1,1,0,0,0,0,0,0,0,0,0.39,0.3495102,0.3444162
0,1,1,1,0,0,0,0,1,0,0,0,0.24,0.31290007,0.30194363
0,1,1,1,0,0,0,0,0,0,0,0,0.47,0.32850313,0.3148474
0,0,1,1,0,0,0,0,1,0,0,1,0.33,0.3800969,0.35911053
0,1,1,1,0,0,0,0,0,0,0,0,0.33,0.32215366,0.3064196
0,1,1,1,0,0,0,0,0,0,0,0,0.29,0.31567186,0.29782435
0,1,1,1,0,0,0,0,0,0,0,0,0.19,0.3103753,0.2908857
0,1,1,1,0,0,0,0,0,0,0,0,0.22,0.311332,0.29213285
0,1,1,1,0,0,0,0,0,0,0,0,0.55,0.4938979,0.58892584
0,1,1,1,0,0,0,0,0,0,0,0,0.23,0.28428718,0.257547
0,1,1,0,0,0,0,0,0,0,0,0,0.18,0.31421024,0.29542476
0,1,1,1,0,0,0,0,1,1,0,0,0.37,0.33662328,0.32013327
0,1,1,1,0,0,0,0,0,1,0,0,0.31,0.27149764,0.24820757
0,1,1,1,0,0,0,0,0,0,0,0,0.73,0.4434243,0.50053823
0,1,1,1,0,0,0,0,0,0,0,0,0.2,0.293223,0.2688032
0,1,1,1,0,0,0,0,0,0,0,0,0.29,0.31813085,0.30107707
0,0,1,0,0,1,1,0,0,0,0,0,0.31,0.34082758,0.3018697
0,1,1,0,0,0,0,0,1,1,0,0,0.47,0.42400432,0.49222502
0,0,1,1,0,0,0,0,0,0,0,0,0.2,0.3028783,0.27005354
0,1,1,1,0,1,1,1,1,1,0,0,0.37,0.40193233,0.4226199
0,0,0,1,0,0,0,0,0,0,0,0,0.68,0.3558126,0.35236254
0,1,1,1,0,0,0,0,0,0,0,0,0.98,0.4230137,0.46305603
0,0,1,1,0,0,0,0,1,0,0,0,0.29,0.39469984,0.4134589
0,1,1,1,0,0,0,0,1,1,0,0,0.37,0.3508895,0.33857703
0,1,1,1,0,0,0,0,0,0,0,0,0.49,0.49724713,0.59387994
0,1,1,0,0,0,0,1,0,0,1,0,0.32,0.28665137,0.23380657
0,1,1,1,0,0,0,0,1,1,0,0,0.61,0.39825234,0.40695864
0,0,1,1,0,1,0,0,0,0,0,1,0.48,0.545989,0.65722907
0,0,0,0,0,0,1,0,0,0,0,0,0.03,0.33963126,0.31132272
0,1,0,1,0,0,0,0,0,0,0,0,0.18,0.30046448,0.25769287
0,1,1,1,0,0,0,0,0,0,0,0,0.44,0.32860172,0.3149792
0,1,1,1,0,1,0,0,0,0,0,0,0.2,0.36715627,0.38795668
0,1,1,0,0,0,0,0,0,0,1,0,0.32,0.4676558,0.48989683
0,0,1,1,0,0,0,0,0,0,0,0,0.48,0.3452703,0.32936186
0,0,0,1,0,0,0,0,0,0,0,0,0.27,0.35164022,0.34566575
0,1,1,1,0,0,0,0,0,0,0,0,0.3,0.28869838,0.26307666
0,1,1,1,0,0,1,0,0,0,1,0,0.17,0.40901938,0.4030984
0,1,1,1,0,0,0,0,0,0,0,0,0.46,0.42840844,0.472817
0,0,1,1,0,0,1,0,0,0,0,0,0.45,0.28108695,0.2685955
0,1,1,1,0,0,0,0,1,0,0,0,1.0,0.68813574,0.74308777
0,0,0,0,0,0,0,0,0,0,0,0,0.27,0.35531956,0.3185993
0,1,1,1,0,0,0,0,1,0,0,0,0.17,0.2823997,0.2643829
0,1,1,1,0,0,0,1,0,0,0,0,0.09,0.32955983,0.29207698
0,1,1,1,0,0,0,0,0,0,0,0,0.2,0.2903933,0.2652128
0,1,1,1,0,0,0,0,0,0,0,0,0.24,0.3469432,0.34069005
0,1,1,1,0,0,1,0,1,1,0,0,0.33,0.3332829,0.30855054
0,1,1,1,0,0,0,0,0,0,0,0,0.28,0.39420873,0.41299564
0,1,1,1,0,0,0,0,0,0,0,0,0.31,0.38644034,0.40050107
0,1,1,1,0,0,0,0,1,1,0,0,0.36,0.2467179,0.22040026
0,1,1,1,0,0,0,0,0,0,0,0,0.32,0.29846057,0.2754858
0,1,1,1,0,0,0,0,0,0,0,0,0.37,0.28143755,0.2539851
0,1,1,1,0,1,0,0,0,0,0,0,0.2,0.26749608,0.27070165
0,1,1,0,0,0,0,0,0,0,0,0,0.02,0.36604062,0.37804574
0,1,1,1,0,0,0,0,0,0,0,0,0.43,0.3802281,0.39078042
0,1,1,1,0,0,0,0,0,0,0,0,0.03,0.39354867,0.41192132
0,1,1,1,0,0,0,0,1,1,0,0,0.36,0.34235245,0.3274705
0,1,1,1,0,0,0,0,0,0,0,0,0.21,0.30050716,0.27810162
0,1,1,1,0,0,1,0,0,0,0,0,0.03,0.25704807,0.22271189
0,1,1,1,0,0,1,0,1,1,0,0,0.37,0.42152888,0.4344891
0,1,1,1,0,0,0,0,0,0,0,0,0.38,0.37663263,0.3851994
0,1,1,1,0,0,0,0,0,0,0,0,0.31,0.36549369,0.36810574
0,0,0,1,0,0,0,0,0,0,1,0,0.15,0.4011734,0.37565976
0,0,1,0,0,0,1,0,0,0,0,0,0.41,0.48425144,0.5679951
0,1,1,0,0,0,0,0,0,0,0,0,0.38,0.3800925,0.4014133
0,0,1,0,0,0,0,0,0,0,0,0,0.37,0.3382502,0.3189127
0,1,1,1,0,0,0,0,0,0,1,0,0.58,0.40890756,0.43878412
0,1,1,1,0,0,0,0,0,0,0,0,0.3,0.2687814,0.2386575
0,1,1,1,0,0,0,0,0,0,0,0,0.31,0.31725335,0.29991403
0,1,1,1,0,0,0,0,0,0,0,0,0.13,0.3358887,0.32493007
0,1,1,1,0,0,0,0,0,0,0,0,0.5,0.3883668,0.4035407
1,1,1,1,0,0,0,0,0,0,0,0,0.21,0.29256195,0.27882785
0,0,0,1,0,1,0,0,0,0,0,0,0.35,0.3178216,0.2942962
0,1,1,1,0,0,0,0,1,1,0,0,0.3,0.3388943,0.32303116
0,1,1,1,0,0,0,0,0,0,0,0,0.35,0.396512,0.41675073
0,1,1,1,0,0,0,0,0,0,0,0,0.46,0.33098865,0.3182023
0,1,1,1,0,0,0,0,0,0,0,0,0.55,0.43042928,0.4765257
1,1,1,1,0,0,0,0,0,0,0,0,0.39,0.37052664,0.38643953
1,1,1,1,0,0,0,0,0,0,0,0,0.45,0.28554362,0.27028996
0,0,1,0,0,0,0,0,0,0,0,0,0.03,0.3137415,0.2856957
0,1,1,1,0,0,0,0,0,0,0,0,0.31,0.3376295,0.32735002
0,1,1,0,0,0,0,1,0,0,0,0,0.03,0.32577083,0.32341608
0,1,1,1,0,0,0,0,0,0,0,0,0.28,0.29916844,0.27638882
0,1,1,1,0,0,0,0,1,1,0,0,0.32,0.29081944,0.2651342
0,0,0,1,0,0,0,0,0,0,0,0,0.37,0.3668705,0.37042567
0,1,1,0,0,0,1,0,0,1,0,0,0.47,0.41927987,0.48973837
0,1,1,1,0,0,0,0,0,0,0,0,0.71,0.54930025,0.66161966
0,1,1,1,0,0,0,0,0,0,0,0,0.24,0.49791765,0.59486073
0,1,1,1,0,1,0,0,0,0,1,0,0.78,0.4427039,0.51599634
0,1,1,0,0,0,1,0,0,0,0,0,0.29,0.29245523,0.26282096
0,0,1,1,0,0,0,0,0,0,0,1,0.51,0.4534687,0.47296563
0,1,1,1,0,0,0,0,0,0,0,0,0.61,0.3517351,0.34766144
0,1,1,1,0,0,0,0,0,0,0,0,0.53,0.36188942,0.36265108
0,1,1,1,0,0,0,0,1,1,0,0,0.35,0.30992144,0.2870478
0,1,1,1,0,0,0,0,0,0,0,0,0.42,0.609993,0.71925086
0,0,1,1,0,0,0,0,0,0,0,0,0.14,0.27297118,0.23502675
0,1,1,1,0,0,0,0,0,0,0,0,0.52,0.3214076,0.3054355
0,0,1,1,0,0,0,0,0,0,0,1,0.56,0.3911058,0.36558658
0,1,1,1,0,0,0,0,0,0,0,0,0.36,0.35410428,0.35113287
1,1,1,1,0,0,0,0,0,0,0,0,0.23,0.33020723,0.32775468
0,0,1,0,0,0,0,0,0,0,0,1,0.56,0.51144964,0.5117796
0,1,1,1,0,0,0,0,1,0,0,0,0.32,0.33394188,0.32957667
0,1,1,1,0,0,0,0,0,0,0,0,0.26,0.30109945,0.2788615
0,1,1,1,1,0,0,0,1,1,0,0,0.32,0.31465453,0.24437316
0,1,1,1,0,0,0,0,0,0,0,0,0.15,0.32141432,0.30544454
0,1,1,1,0,1,0,0,0,0,0,0,0.4,0.34690374,0.3627411
0,1,1,1,0,0,0,0,1,1,0,0,0.21,0.36902457,0.36375648
1,1,1,1,0,0,0,0,0,0,0,0,0.55,0.4097528,0.4476641
1,1,1,1,0,1,0,0,0,0,0,0,0.35,0.4111206,0.42830005
0,1,1,1,0,0,0,0,0,0,0,0,0.04,0.41940498,0.45656905
0,1,1,1,0,0,0,0,0,0,0,0,0.48,0.32439184,0.3093773
0,0,0,0,0,0,0,0,0,0,0,0,0.3,0.30691612,0.24817376
0,0,1,1,0,0,0,0,0,0,0,1,0.49,0.4130792,0.39985186
0,1,1,1,0,0,0,0,0,0,0,0,0.84,0.5874875,0.69953144
0,1,1,1,0,0,0,0,0,0,0,0,0.33,0.30940673,0.28962454
0,1,1,1,0,1,0,0,0,0,0,0,0.27,0.4080566,0.44380087
0,1,1,0,0,0,0,0,0,0,0,0,0.43,0.45790023,0.5381902
0,1,1,1,0,0,0,0,0,0,0,0,0.46,0.3223517,0.3066807
0,1,1,1,0,0,0,0,1,1,0,0,0.42,0.48774067,0.5538681
0,1,1,1,0,1,0,0,1,1,0,0,0.27,0.29845682,0.27776253
0,1,1,1,0,0,0,0,0,0,0,0,0.46,0.33756027,0.32725358
0,1,1,1,0,0,0,0,0,0,0,0,0.24,0.2829418,0.25586432
0,1,1,1,0,0,0,0,0,0,0,0,0.6,0.42913467,0.47415
0,0,1,0,0,0,0,0,1,0,0,0,0.65,0.37280333,0.38728118
0,1,1,1,0,0,0,0,1,1,0,0,0.34,0.3075722,0.28421503
0,0,1,1,0,0,0,0,0,0,0,1,0.36,0.48350993,0.53075147
0,1,1,1,0,0,1,0,0,0,0,0,0.26,0.30322087,0.27723834
0,0,0,1,0,0,0,0,0,0,0,0,0.07,0.31283417,0.28889626
0,1,1,1,0,0,0,0,0,0,0,0,0.4,0.35026902,0.34552142
0,1,1,1,0,0,0,0,0,0,0,0,0.44,0.37648693,0.38497382
0,1,1,1,0,0,0,0,0,0,0,0,0.48,0.41937274,0.45651117
0,0,1,0,0,0,1,0,0,0,0,1,0.29,0.32429263,0.2602609
0,1,1,1,0,0,0,0,0,0,0,0,0.09,0.3243495,0.30932125
0,1,1,1,0,0,0,1,0,0,1,0,0.48,0.42902556,0.4690712
0,0,1,0,0,0,1,0,0,0,1,0,0.41,0.35010013,0.32411164
0,0,1,1,0,0,0,0,1,1,0,0,0.26,0.27839485,0.24248743
0,1,1,1,0,0,0,0,1,1,0,0,0.72,0.441993,0.47599944
0,1,1,1,0,1,0,0,0,0,0,0,0.2,0.36043856,0.3795273
0,0,1,1,0,0,0,0,0,0,0,1,0.26,0.38446826,0.35578793
0,1,1,1,0,0,0,0,0,0,0,0,0.36,0.39145884,0.40852657
0,0,0,1,0,0,0,0,0,0,0,1,0.16,0.26752418,0.18193449
0,1,1,1,0,1,0,0,0,0,0,0,0.3,0.36706567,0.38784254
0,0,1,1,0,0,0,0,0,1,1,1,0.25,0.32267907,0.3009843
0,1,1,1,0,0,0,0,0,0,0,0,0.16,0.2734163,0.24413092
0,1,1,1,0,0,0,0,0,0,0,0,0.43,0.37180537,0.3777539
0,1,1,1,0,0,1,0,0,0,0,0,0.28,0.33453813,0.3193384
0,1,1,1,0,0,0,0,0,0,0,0,0.65,0.5355066,0.64488447
0,0,1,1,0,1,0,0,0,0,0,1,0.33,0.46284127,0.5247641
0,1,1,1,0,1,0,0,0,0,0,0,0.32,0.35460562,0.37226647
0,1,1,1,0,0,0,0,0,0,0,0,0.87,0.5685121,0.6822172
0,1,1,0,0,0,0,1,0,0,0,0,0.7,0.56661874,0.7454774
0,1,1,1,0,0,0,0,0,0,0,0,0.38,0.41437548,0.44755656
0,1,1,1,0,0,0,0,0,0,0,0,0.29,0.28927863,0.2638067
0,1,1,1,0,0,0,0,0,0,0,0,0.32,0.52376395,0.63020766
0,1,1,1,0,0,0,0,1,1,0,0,0.35,0.35357732,0.34211865
0,0,0,0,0,0,1,0,0,0,0,0,0.94,0.52106035,0.70110923
0,1,1,1,0,1,0,0,0,0,0,0,0.31,0.29758066,0.30373335
0,1,1,1,0,0,0,0,0,0,0,0,0.58,0.41545185,0.44948202
0,1,1,1,0,0,0,0,0,0,0,0,0.89,0.49074095,0.58416665
0,1,1,1,0,0,0,0,1,1,0,0,0.33,0.33175758,0.31398195
0,1,1,1,0,0,0,0,0,0,0,0,0.4,0.36639485,0.36947718
0,1,0,1,0,0,0,0,0,0,0,0,0.46,0.33445024,0.29567477
0,1,1,1,0,0,0,0,0,1,0,0,0.18,0.31443372,0.2996918
0,1,1,0,0,0,0,0,0,0,0,0,0.28,0.3246613,0.3110981
0,0,0,1,0,0,0,0,0,0,0,0,0.43,0.37969095,0.39218396
1,1,1,1,0,0,0,0,0,0,0,0,0.22,0.259996,0.24156749
0,1,1,0,0,0,1,0,0,1,0,0,0.35,0.31650016,0.32034546
0,0,1,1,0,1,0,0,0,0,0,0,0.18,0.3264103,0.3466
0,1,1,1,0,0,0,0,1,1,0,0,0.7,0.4543838,0.4974126
0,1,1,1,0,0,0,0,0,0,0,0,0.51,0.32789248,0.31403154
0,1,1,1,0,0,0,0,0,0,0,0,0.62,0.28941235,0.26397514
0,1,1,1,0,0,0,0,0,0,0,0,0.54,0.38873774,0.40412688
0,1,1,1,0,0,0,0,1,0,0,0,0.79,0.40743923,0.43321428
0,1,1,1,0,0,1,0,0,0,0,0,0.23,0.33532757,0.32042965
0,1,1,1,0,0,0,0,0,0,0,0,0.31,0.35734916,0.3559134
0,1,1,1,0,0,0,0,0,0,0,0,0.36,0.42404133,0.46490568
0,0,0,1,0,0,0,0,0,1,0,0,0.84,0.41065878,0.42988753
0,1,1,1,0,0,0,0,0,0,0,0,0.74,0.50729364,0.6081713
0,1,1,1,0,0,0,0,0,0,0,0,0.31,0.30872664,0.2887383
0,1,1,1,0,0,0,0,0,0,0,0,0.52,0.31346056,0.29491672
0,1,1,0,0,0,1,1,0,0,1,0,0.2,0.27725893,0.20780103
0,1,1,1,0,0,0,0,0,0,0,0,0.81,0.39295858,0.41096163
0,0,1,1,0,0,0,0,0,0,0,1,0.37,0.35126302,0.309326
0,1,1,1,0,0,0,0,0,0,0,0,0.23,0.29001337,0.264733
0,0,1,0,0,0,0,0,0,0,0,0,0.22,0.29030174,0.25605077
0,1,1,1,0,0,0,0,1,1,0,0,0.33,0.2925852,0.26705462
0,1,1,1,0,0,0,0,1,1,0,0,0.51,0.4267145,0.45053443
0,1,1,1,0,0,0,0,0,0,0,0,0.63,0.511197,0.61363614
0,1,1,1,0,0,0,0,0,0,0,0,0.27,0.25962457,0.22849807
0,1,1,1,0,0,0,0,1,1,0,0,0.52,0.41259432,0.42872733
0,1,1,1,0,0,0,0,0,0,0,0,0.15,0.28156495,0.2541439
0,1,1,0,0,0,0,0,1,1,0,0,0.28,0.34985617,0.35276967
0,1,1,1,0,0,0,0,0,0,0,0,0.42,0.71214736,0.8019754
0,1,1,1,0,0,0,0,0,0,0,0,0.3,0.5025306,0.6014202
0,1,1,1,0,0,0,0,1,1,0,0,0.35,0.4602788,0.50764155
0,1,1,1,0,0,0,0,0,0,0,0,0.5,0.35940608,0.35895893
0,0,1,1,0,0,0,0,1,1,0,0,0.13,0.28375316,0.2483619
0,0,0,1,0,0,0,0,0,0,0,0,0.5,0.355501,0.35185832
0,1,1,0,0,0,0,0,0,0,0,0,0.44,0.5342928,0.67383957
0,1,1,1,0,0,0,0,1,1,0,0,0.26,0.31711167,0.2957972
0,0,1,1,1,0,0,0,0,0,0,0,0.36,0.41861835,0.43424955
0,1,1,1,0,0,0,0,0,0,0,0,0.34,0.30363455,0.28212738
0,1,1,1,0,0,1,0,1,0,0,0,0.28,0.31650126,0.2687869
0,1,1,1,0,0,0,0,0,0,0,0,0.15,0.24671178,0.21547082
0,1,1,1,0,0,0,0,0,0,0,0,0.8,0.5547124,0.6678022
0,1,1,1,0,0,1,0,1,0,0,0,0.49,0.47704488,0.49722904
0,1,1,1,0,0,0,0,1,1,0,0,1.0,0.38568163,0.38808513
0,0,1,1,0,1,0,0,0,0,0,1,0.73,0.45554033,0.5128422
0,1,1,1,0,0,0,0,0,0,0,0,0.28,0.3398623,0.33051467
0,0,1,0,0,0,0,0,0,0,0,0,0.24,0.34114712,0.32297772
0,0,1,0,0,0,0,0,1,1,0,1,0.24,0.36568853,0.3257316
0,1,1,1,0,0,0,0,0,0,0,0,0.31,0.34070092,0.33171174
0,1,1,0,0,0,0,0,0,0,0,0,0.52,0.3681262,0.38150334
0,1,1,1,0,0,1,0,0,1,0,0,0.3,0.27702674,0.2530776
0,1,1,1,0,0,0,0,0,0,0,0,0.21,0.29696378,0.27358168
0,0,1,1,0,0,0,0,0,0,0,1,0.34,0.3905248,0.3647222
0,1,1,1,0,0,0,0,1,1,0,0,0.26,0.29124534,0.26559657
0,1,1,1,0,0,0,0,0,0,1,0,0.49,0.32993278,0.31042865
0,1,1,1,0,0,1,0,0,0,1,0,0.04,0.2907499,0.24326321
0,1,1,1,0,0,0,0,1,1,0,0,0.49,0.36346334,0.35583144
0,1,1,1,0,0,0,0,0,0,0,0,0.22,0.3443326,0.33692074
0,1,1,1,0,0,1,0,0,0,0,0,0.21,0.34270203,0.33082917
0,1,1,1,0,0,0,0,0,0,0,0,1.0,0.5627055,0.67636764
0,1,1,1,0,0,0,0,1,1,0,0,0.03,0.45012182,0.49002337
0,1,1,1,0,0,0,0,0,0,0,0,0.28,0.32788384,0.31402
0,1,1,1,0,0,0,0,1,1,0,0,0.32,0.4201685,0.4402585
0,1,1,1,0,0,0,0,0,0,0,0,0.62,0.525721,0.6326812
0,1,1,1,0,0,0,0,0,0,0,0,0.24,0.31094894,0.29163313
0,1,1,1,0,0,0,1,0,0,0,0,0.21,0.3882291,0.37335733
0,0,1,0,0,0,0,0,0,0,0,0,0.46,0.40710682,0.41898823
0,0,1,1,0,0,0,0,0,0,0,0,0.3,0.29776263,0.26357943
0,1,1,0,0,0,0,1,0,0,0,0,1.0,0.43117276,0.5271322
0,1,1,1,0,0,0,0,1,1,0,0,0.48,0.46822366,0.5214041
0,1,1,1,0,0,0,0,1,1,0,0,0.38,0.3633724,0.35570267
0,1,1,1,0,0,0,0,0,0,0,0,0.31,0.34665567,0.34027386
0,1,1,1,0,0,0,0,0,1,0,0,0.29,0.30255428,0.28477034
0,0,1,0,0,0,0,1,0,0,0,1,0.4,0.4618989,0.41046214
0,1,1,1,0,0,0,0,0,0,0,0,0.34,0.31579202,0.29798284
0,0,1,1,0,1,0,0,0,0,0,1,0.33,0.35497943,0.36243132
0,1,1,1,0,0,0,0,0,0,0,0,0.37,0.4011081,0.42432132
0,1,1,1,0,0,0,0,1,1,0,0,0.79,0.49628443,0.56706077
0,1,1,1,0,1,0,0,0,0,0,0,0.28,0.30706474,0.31472942
0,1,1,0,0,0,1,1,0,0,1,0,0.03,0.357413,0.30609322
0,1,1,1,0,0,0,0,0,0,0,0,0.18,0.28215888,0.25488502
0,0,1,0,0,0,0,0,0,0,0,0,0.26,0.2866624,0.25166965
0,1,1,1,0,0,0,0,0,0,0,0,0.53,0.37586173,0.38400665
0,0,1,1,0,0,0,0,1,0,0,0,0.18,0.37004855,0.38006157
0,0,1,1,0,0,0,0,0,0,0,0,0.3,0.34238702,0.3251279
1,0,0,1,0,0,0,0,0,0,0,0,0.33,0.35714012,0.36392727
0,1,1,1,0,0,0,0,0,1,1,0,0.42,0.34896782,0.34656292
0,1,1,0,0,0,0,0,0,0,0,0,0.58,0.4606696,0.5433215
0,1,1,1,0,0,0,0,0,0,0,0,0.12,0.31721017,0.29985684
0,0,0,1,0,0,0,0,0,0,0,0,0.43,0.34073028,0.32851738
0,1,1,1,0,0,0,0,0,0,0,0,0.89,0.3248567,0.30999315
0,1,1,1,0,0,0,0,0,0,0,0,0.29,0.349202,0.34396783
0,1,1,1,0,0,0,0,1,1,0,0,0.77,0.37749845,0.37605977
0,1,1,1,0,0,0,0,1,1,0,0,0.19,0.31804645,0.29694057
0,1,1,0,0,0,1,1,1,1,0,0,0.58,0.4155867,0.5260225
0,1,1,1,0,0,1,0,0,0,0,0,0.33,0.32777244,0.3100737
0,1,1,1,0,0,0,0,1,0,0,0,0.34,0.29607472,0.2807542
0,1,1,1,0,0,0,0,0,0,0,0,0.45,0.32436556,0.30934253
0,1,1,1,0,0,0,0,0,0,0,0,0.57,0.5733291,0.6867884
0,1,1,1,0,0,0,0,0,0,0,0,0.24,0.27732387,0.24889454
0,1,1,0,0,0,0,0,0,0,0,0,0.42,0.37350863,0.39043766
0,1,1,1,0,0,0,0,0,0,0,0,0.17,0.2717437,0.24211693
0,1,1,0,0,0,0,0,0,0,0,0,0.52,0.341545,0.33775392
0,1,1,1,1,0,0,0,0,0,0,0,0.67,0.37995064,0.39550024
0,1,1,1,0,0,0,0,1,1,0,0,0.45,0.35961524,0.35043165
0,1,1,1,0,0,0,0,0,0,0,0,0.35,0.28206095,0.25476265
0,1,1,1,0,0,0,0,0,0,0,0,1.0,0.44220227,0.49825254
0,1,1,1,0,1,0,0,0,0,0,0,0.48,0.29477534,0.30058375
0,0,1,0,0,0,1,0,0,0,0,0,0.45,0.38099808,0.39470506
0,0,1,1,0,0,0,0,0,0,0,0,0.33,0.32904527,0.3057957
0,0,1,1,0,0,0,0,1,0,0,1,0.65,0.31334263,0.27545244
0,1,1,1,0,0,0,0,0,0,0,0,0.27,0.31770438,0.30051154
0,1,1,1,0,0,0,0,0,0,0,0,0.53,0.40415817,0.42952856
0,1,1,1,0,0,0,0,0,0,0,0,0.29,0.29737666,0.27410668
0,1,1,1,0,0,0,0,0,0,0,0,0.31,0.30531126,0.28429914
0,1,1,1,0,0,0,0,1,1,0,0,0.3,0.3317536,0.31397694
0,1,1,1,0,0,0,0,0,0,0,0,0.42,0.29817557,0.2751228
0,1,1,1,0,0,0,0,0,0,0,0,0.59,0.5399372,0.6503836
0,1,1,1,0,0,0,0,0,0,0,0,0.19,0.29513758,0.27124238
0,0,1,1,0,0,0,0,0,0,0,1,0.6,0.31538644,0.26352707
0,1,1,1,0,0,0,0,0,0,0,0,0.19,0.28334212,0.25636604
0,1,1,1,0,0,0,1,0,1,0,0,0.55,0.28815562,0.25857878
0,1,1,1,0,0,0,0,0,0,0,0,0.23,0.30660295,0.28597698
0,0,0,0,0,0,1,0,0,0,0,0,0.45,0.45033422,0.5554956
0,1,1,1,0,0,0,0,1,1,0,0,0.28,0.46675706,0.51887435
0,1,1,1,0,0,0,0,0,0,0,0,0.46,0.40377435,0.42886654
0,1,1,1,0,0,0,0,1,1,0,0,0.31,0.3395297,0.3238445
0,1,1,1,0,0,0,0,0,0,0,0,0.02,0.30716926,0.2867137
0,1,1,1,0,0,0,0,0,0,0,0,0.19,0.3000989,0.2775786
0,1,1,1,0,0,0,0,0,0,0,0,0.33,0.30035573,0.27790755
0,0,0,1,0,0,0,0,0,0,0,1,0.23,0.27942038,0.19319363
0,0,1,1,0,0,0,0,0,0,0,1,0.18,0.29912028,0.24440329
0,1,1,1,0,0,0,0,0,0,0,0,0.28,0.2946132,0.27057302
0,0,1,0,0,0,0,0,0,1,1,0,0.5,0.44176775,0.47719994
0,0,1,1,0,0,0,0,1,1,0,1,1.0,0.53241616,0.6554221
0,0,0,1,0,0,0,0,0,0,0,1,0.38,0.50429887,0.5881629
0,1,1,1,0,0,0,0,1,1,0,0,0.65,0.47433606,0.5318658
0,1,1,1,0,0,0,0,0,0,0,0,0.26,0.36454207,0.3666599
0,1,1,1,0,0,0,0,0,0,0,0,0.31,0.35857543,0.35772768
0,1,1,1,0,1,0,0,0,0,0,0,0.09,0.30309957,0.31008062
0,1,1,1,0,0,0,0,0,0,0,0,0.36,0.3850594,0.39832678
0,1,1,0,1,0,0,0,0,0,0,0,0.4,0.33839518,0.30578366
0,1,1,1,0,0,0,0,0,0,0,0,0.27,0.29083437,0.2657705
1,1,1,1,0,1,0,0,0,0,0,0,0.13,0.31662524,0.2954353
0,1,1,1,0,0,0,0,0,0,0,0,0.3,0.34277213,0.33467752
0,1,1,0,0,0,1,0,0,0,0,0,0.68,0.4936582,0.62561756
0,1,1,1,0,0,0,0,0,0,0,0,0.35,0.3390891,0.329413
0,1,1,1,0,0,0,0,0,0,0,0,0.22,0.24933377,0.21808513
0,0,1,1,0,0,0,0,1,1,0,1,0.28,0.30961913,0.286082
0,1,1,1,0,0,0,0,0,0,0,0,0.21,0.30353615,0.28200018
0,1,1,1,0,1,0,0,0,0,0,0,0.3,0.40330124,0.43687153
0,0,1,0,0,0,1,0,0,0,0,0,0.4,0.39756936,0.42108664
0,1,1,1,0,0,0,0,0,0,0,0,0.45,0.390716,0.40732303
0,0,1,1,0,0,0,0,1,1,0,1,0.27,0.31706938,0.29502144
0,1,1,1,0,0,0,0,0,0,0,0,0.95,0.5623348,0.67598057
0,1,1,1,0,0,0,0,0,1,1,0,0.31,0.28305188,0.26761776
0,1,1,1,0,0,0,0,0,0,0,0,0.28,0.31912634,0.30239835
0,0,1,1,0,0,0,0,1,1,0,1,0.31,0.40723187,0.41852364
0,1,1,1,0,0,0,0,0,0,0,0,0.35,0.41762406,0.45337296
0,1,1,1,1,0,0,0,0,0,0,0,0.3,0.40659222,0.4413929
0,1,1,1,0,0,0,0,0,0,0,0,0.65,0.35371867,0.3505668
0,1,1,1,0,0,0,0,0,0,0,0,0.37,0.3459239,0.33921587
0,1,1,1,0,0,1,0,0,0,0,0,0.27,0.28971592,0.26026097
0,1,1,0,0,0,0,0,0,0,0,0,0.25,0.31234297,0.29269022
0,1,1,1,0,0,0,0,0,0,0,0,0.06,0.4091045,0.43816966
0,0,1,1,0,0,0,0,0,0,0,1,0.29,0.30001026,0.24542455
0,0,0,1,0,1,0,0,0,0,0,0,0.22,0.38054278,0.3606063
0,1,1,0,0,0,1,1,0,0,0,0,0.51,0.3295216,0.32945925
0,1,1,1,0,0,0,0,0,1,0,0,0.19,0.2996747,0.2811916
0,1,1,1,0,0,0,0,0,0,0,0,0.34,0.49689823,0.59336555
0,1,1,1,0,0,0,0,0,0,0,0,0.34,0.32218885,0.30646598
0,1,1,1,0,0,0,1,0,0,0,0,0.22,0.28220534,0.23793995
0,1,1,1,0,0,1,0,0,0,0,0,0.04,0.32160816,0.30173853
0,1,1,1,0,0,0,0,1,0,0,0,0.66,0.3077014,0.29529393
0,1,1,1,0,0,0,0,1,0,0,0,0.27,0.32571846,0.31863782
0,1,1,1,0,0,0,0,0,0,1,0,0.34,0.28437495,0.24875338
0,1,1,1,0,0,0,0,0,0,0,0,0.18,0.28230703,0.25507012
0,0,0,1,0,0,0,0,0,0,0,0,0.42,0.38532776,0.4022421
0,0,0,1,0,0,0,0,1,1,0,0,0.28,0.30219588,0.26604494
0,0,0,1,0,0,0,0,1,0,0,0,0.22,0.29061437,0.2606978
0,1,1,1,0,0,0,0,0,0,0,0,0.3,0.2856235,0.2592193
0,1,1,1,0,0,0,0,1,1,0,0,0.35,0.33608338,0.31944638
0,1,1,1,0,0,0,0,0,0,0,0,0.03,0.39123097,0.40815726
0,1,1,1,0,0,0,1,1,1,1,0,0.33,0.32243234,0.2905186
0,1,1,1,0,0,0,0,0,0,0,0,0.37,0.3806197,0.39139006
0,0,0,0,0,0,0,0,0,0,0,0,0.13,0.2953888,0.23366404
0,1,1,1,0,0,1,1,0,0,1,0,0.39,0.3977208,0.41169447
0,1,1,1,0,0,1,0,0,0,0,0,0.52,0.3884905,0.39974913
0,1,1,1,0,0,0,0,0,0,0,0,0.18,0.3379034,0.32773167
0,1,1,1,0,0,0,0,1,0,0,0,0.21,0.29316986,0.27722344
1,1,1,1,0,0,0,0,0,0,0,0,0.36,0.29331595,0.27975482
0,1,1,1,0,1,0,0,0,0,0,0,0.31,0.29585654,0.30178958
0,1,1,1,0,0,1,0,0,0,0,0,0.36,0.36818194,0.3681797
1,1,1,1,0,0,0,0,0,0,0,0,0.28,0.35864455,0.36866608
0,0,1,1,0,0,0,0,0,0,0,1,0.29,0.27971354,0.22296229
0,1,1,1,0,1,0,0,0,0,0,0,0.49,0.51692235,0.60529995
0,1,1,1,0,0,0,0,0,0,0,0,0.48,0.49790564,0.5948432
0,1,1,0,0,0,0,0,0,0,0,0,0.56,0.3801461,0.40150222
0,1,1,1,0,0,0,0,0,0,0,0,0.3,0.32186985,0.30604565
0,1,1,1,0,1,1,0,0,0,0,0,0.84,0.43274355,0.5190004
0,1,1,1,0,0,0,0,0,0,0,0,0.56,0.6104321,0.7196404
0,1,1,1,0,0,0,0,0,1,0,0,0.34,0.27549368,0.25266877
0,1,1,1,0,1,0,0,0,0,0,0,0.48,0.4296071,0.47616282
0,1,1,1,0,0,0,0,0,0,0,0,0.02,0.33468068,0.3232562
0,0,0,1,0,0,0,0,0,0,0,0,0.3,0.29213375,0.26345596
0,1,1,1,0,0,0,0,0,0,0,0,0.22,0.3535294,0.35028908
0,0,1,1,0,0,0,0,0,0,0,1,0.59,0.49461657,0.5534483
0,0,1,1,0,0,0,0,1,1,0,1,0.77,0.51389897,0.62003213
0,1,1,1,0,0,0,0,0,0,1,0,0.27,0.35604778,0.34862489
0,0,1,1,0,0,0,0,0,0,1,0,0.41,0.37955475,0.38684636
0,0,0,0,0,0,1,0,0,0,0,0,0.53,0.5110676,0.68376875
0,1,1,1,0,0,0,0,0,0,0,0,0.1,0.31336442,0.29479066
0,0,1,1,0,0,0,0,0,0,0,1,0.45,0.3864687,0.35872024
0,1,1,1,0,0,0,0,0,0,0,0,0.03,0.28041694,0.25271574
0,1,1,1,0,0,0,0,0,0,0,0,0.5,0.40052652,0.42334938
0,0,0,0,0,0,0,0,0,0,0,0,0.35,0.35744232,0.3221056
0,1,1,1,0,0,0,0,0,1,0,0,0.3,0.35455132,0.35404414
0,1,1,1,0,0,0,0,1,1,0,0,0.25,0.3703782,0.36570534
0,1,1,1,0,0,0,0,0,0,0,0,0.04,0.3103483,0.29085052
0,1,1,1,0,0,0,0,0,0,0,0,0.17,0.2700564,0.24014096
0,1,1,1,0,0,0,0,0,0,0,0,0.31,0.27405617,0.24490443
0,1,1,0,0,0,1,0,0,0,0,0,0.28,0.36724973,0.37303692
0,1,1,1,0,0,0,0,0,0,0,0,0.18,0.31656763,0.2990069
0,1,1,1,0,0,0,0,0,0,0,0,0.32,0.38977033,0.40579256
0,1,1,1,0,0,0,0,0,0,0,0,0.23,0.3730755,0.37970752
0,1,1,1,0,0,0,0,1,1,0,0,0.28,0.36098617,0.3523386
0,1,1,1,0,0,1,1,0,0,0,0,0.59,0.4684832,0.55930126
0,1,1,0,0,0,1,0,0,0,0,0,0.33,0.286338,0.25524133
0,1,1,1,0,0,0,0,0,0,0,0,0.33,0.32045454,0.3041646
0,1,1,1,0,0,0,0,0,0,0,0,0.28,0.3326575,0.32048056
1,1,1,1,0,0,0,0,0,0,0,0,0.15,0.23501904,0.21604545
0,0,0,1,0,0,0,0,1,1,0,0,0.3,0.4258658,0.46449265
0,1,1,1,0,0,0,0,0,0,0,0,0.19,0.29247934,0.26785672
0,1,1,1,0,0,0,0,0,0,0,0,0.3,0.32341713,0.30808753
0,1,1,0,0,0,1,0,0,0,0,0,0.31,0.35337776,0.349505
0,1,1,1,0,0,0,0,0,0,0,0,0.41,0.29415408,0.26998776
0,0,1,1,0,0,0,0,0,0,0,1,0.32,0.32695538,0.27772826
0,1,1,1,0,0,0,0,1,0,0,0,0.28,0.41124335,0.439048
0,0,0,1,0,0,0,0,0,0,0,0,0.35,0.33172277,0.3149872
0,0,0,1,0,0,1,0,0,1,0,1,0.5,0.34314018,0.2899276
0,1,1,1,0,1,0,0,0,0,0,0,0.24,0.30793613,0.31574294
0,0,1,1,0,0,0,0,0,0,0,0,0.79,0.51584643,0.5887545
0,1,1,1,0,0,0,1,0,0,1,0,0.36,0.38674444,0.4115805
0,1,1,1,0,0,0,0,0,0,0,0,0.19,0.2765594,0.24795616
0,1,1,1,0,0,0,0,0,0,0,0,0.8,0.403099,0.4277022
0,0,1,0,0,0,0,0,0,0,0,0,0.24,0.35289824,0.33998242
0,0,0,1,0,0,1,0,0,0,0,0,0.25,0.28966367,0.27360702
0,0,0,1,0,0,0,0,1,0,0,0,0.71,0.30710766,0.27983984
0,1,1,1,0,1,0,0,0,0,0,0,0.72,0.6131313,0.70321333
0,1,1,1,0,0,1,0,0,0,0,0,0.5,0.43792024,0.48354778
0,0,0,1,0,0,0,0,1,0,0,0,0.2,0.35470545,0.34565902
0,1,1,1,0,0,0,0,0,0,0,0,1.0,0.5452221,0.6567513
0,0,0,1,0,0,0,0,1,0,0,1,0.1,0.3178206,0.21281514
0,0,0,1,0,0,0,0,0,0,0,0,1.0,0.5522214,0.6669289
0,1,1,0,0,0,0,0,0,0,0,0,0.22,0.33326286,0.32448703
0,1,1,1,0,0,0,0,0,0,0,0,0.52,0.39751375,0.418387
0,1,1,1,1,0,0,0,1,0,0,0,0.3,0.37725857,0.38322407
0,0,0,0,0,0,1,0,0,0,0,0,0.25,0.38916117,0.40673608
0,0,0,1,0,0,0,0,0,0,0,0,0.23,0.37032914,0.37620732
0,1,1,1,0,0,0,0,0,0,0,0,0.76,0.42761642,0.47136354
0,1,1,1,0,0,0,0,0,0,0,0,0.29,0.3236414,0.30838412
0,0,1,0,0,0,0,1,0,0,0,0,0.69,0.4491098,0.5575304
0,1,1,1,0,0,0,0,0,0,0,0,0.34,0.36560914,0.36828133
1,1,1,1,0,0,0,0,0,0,0,0,0.59,0.34650826,0.35075974
0,0,1,1,0,1,0,0,1,0,0,1,0.2,0.32869357,0.3036908
0,0,1,1,0,0,0,0,0,0,0,0,0.62,0.36032528,0.35134313
0,1,1,1,0,0,0,0,0,1,0,0,0.78,0.38745034,0.4032653
0,0,1,1,0,0,0,0,0,0,0,0,0.3,0.3236574,0.29810244
0,1,1,1,0,0,0,0,1,0,0,0,0.5,0.3299627,0.3242446
0,1,1,1,0,0,0,0,0,0,0,0,0.34,0.31575164,0.29792958
0,1,1,1,0,0,0,0,0,0,0,0,0.33,0.39769632,0.41868538
0,1,1,1,0,0,0,0,0,0,0,0,0.33,0.328262,0.31452507
0,1,1,1,0,0,0,0,1,1,0,0,0.2,0.3463536,0.3326455
0,0,0,1,0,0,0,0,0,0,0,0,0.2,0.29543686,0.26731148
0,1,1,1,0,0,0,0,0,0,0,0,0.2,0.36076686,0.3609801
0,0,0,1,0,0,0,0,1,1,0,0,0.68,0.4780096,0.5714407
0,0,1,1,0,0,0,0,0,0,0,1,1.0,0.7417715,0.8484844
0,1,1,1,0,0,0,0,1,1,0,0,0.66,0.39357796,0.39990157
0,1,1,1,0,0,0,0,1,0,0,0,0.29,0.2701169,0.25030017
0,0,0,0,0,0,1,0,0,0,0,0,0.2,0.2986289,0.2481323
0,1,1,1,0,0,1,0,0,1,0,0,0.47,0.42118463,0.44285327
0,1,1,1,0,0,0,0,0,0,0,0,0.32,0.35896498,0.35830486
0,1,1,1,0,0,0,0,0,0,0,0,1.0,0.66069466,0.7644389
0,1,1,1,0,0,0,0,0,0,0,0,0.91,0.6202136,0.7288353
0,1,1,1,0,1,0,0,0,0,0,0,0.3,0.28477383,0.28951842
0,1,1,1,0,0,0,0,0,0,0,0,0.23,0.30660892,0.28598475
0,1,1,1,0,0,0,0,0,0,0,0,0.32,0.3473169,0.34123126
0,1,1,1,0,0,0,0,1,0,0,0,0.65,0.42488402,0.4601028
0,1,1,1,0,0,0,0,0,0,1,0,0.12,0.2604224,0.22094719
0,1,1,1,0,0,0,0,1,1,0,0,0.39,0.34716883,0.3337049
0,0,0,1,0,0,0,0,0,0,0,0,0.31,0.3847987,0.4012921
0,1,1,0,0,0,1,0,0,0,0,0,0.43,0.42471343,0.48176628
0,1,1,1,0,0,0,1,0,0,1,0,0.38,0.3774533,0.39919373
0,1,1,0,0,0,0,0,0,0,0,0,0.24,0.27199927,0.24066941
0,1,1,1,1,0,0,0,0,0,0,0,0.51,0.4267521,0.47971982
0,1,1,1,0,0,0,0,0,0,0,0,0.1,0.28625554,0.26001275
0,1,1,1,0,1,0,0,0,0,0,0,0.31,0.37419266,0.3968642
1,1,1,1,0,0,0,0,0,0,0,0,0.02,0.41942725,0.46325564
0,1,1,1,0,0,0,0,1,0,1,0,0.25,0.4342832,0.39688608
0,1,1,1,0,0,0,0,0,0,0,0,0.09,0.26125067,0.23022811
0,0,1,1,0,0,0,0,0,0,0,0,0.37,0.4099617,0.4240029
0,1,1,1,0,0,0,0,1,1,0,0,0.29,0.32756263,0.30871215
0,0,0,0,0,0,1,0,0,0,0,0,0.27,0.38800806,0.40409645
0,1,1,1,0,0,0,0,0,0,0,0,0.28,0.3049788,0.28386825
0,1,1,1,0,0,0,0,1,1,0,0,0.35,0.31280974,0.29054648
0,1,1,1,0,0,0,0,0,0,0,0,0.41,0.31509107,0.29705906
0,1,1,1,0,0,0,0,1,0,0,0,0.2,0.2712256,0.25152025
0,1,1,1,0,0,0,0,0,0,0,0,0.21,0.31412807,0.29579267
0,1,1,1,0,0,0,0,0,0,0,0,0.29,0.32957792,0.3162861
0,1,1,1,0,0,0,0,0,0,0,0,0.12,0.3454344,0.33850905
0,0,0,0,0,0,0,0,1,0,0,0,0.21,0.26916617,0.22645466
0,1,1,1,0,0,0,0,0,0,0,0,0.32,0.31690532,0.29945344
0,0,1,1,0,0,0,0,0,0,0,0,0.27,0.29647383,0.26199716
1,1,1,1,0,0,0,0,0,0,0,0,0.28,0.3011713,0.28956383
0,1,1,1,0,0,0,0,0,0,0,0,0.27,0.26712477,0.23673911
0,1,1,1,0,0,0,0,0,0,0,0,0.3,0.30812317,0.2879533
0,0,0,1,0,0,0,0,0,0,0,0,0.88,0.48022476,0.5821227
0,1,1,1,0,0,0,0,0,0,0,0,0.33,0.259856,0.2287379
0,0,1,0,0,0,0,0,0,0,0,0,0.3,0.28629097,0.25122535
0,0,1,1,0,0,0,0,0,0,0,1,0.19,0.23092547,0.17651437
0,0,0,1,0,0,0,0,0,0,0,0,0.29,0.3747579,0.38372827
0,1,1,0,0,0,0,1,1,1,0,0,0.29,0.30440393,0.27222666
0,0,0,1,0,0,0,0,0,0,0,1,0.38,0.38619715,0.3446504
0,1,1,0,0,0,1,1,0,0,0,0,0.25,0.37338087,0.4073998
0,1,1,0,0,0,0,0,0,0,0,0,0.28,0.3923264,0.4218425
0,1,1,1,0,0,0,0,0,0,0,0,0.27,0.25828895,0.22713049
0,0,0,1,0,0,0,0,0,0,0,0,0.19,0.28534806,0.2556622
0,1,1,0,0,0,0,1,0,0,1,0,0.2,0.28588533,0.23290536
0,1,1,1,0,0,0,0,0,0,1,0,0.42,0.36153215,0.35720474
0,1,1,1,0,0,0,0,0,0,0,0,0.38,0.41766006,0.45343748
0,1,1,1,0,0,0,0,0,0,0,0,0.41,0.35075188,0.34622556
0,1,1,1,0,0,0,0,0,0,0,0,0.57,0.6035379,0.71346396
0,1,1,1,0,0,0,0,0,0,0,0,0.38,0.39103904,0.4078463
0,1,1,1,0,0,0,0,0,1,1,0,0.42,0.29911965,0.28586036
0,0,1,1,0,0,0,0,0,0,0,0,0.43,0.46715745,0.51245457
1,1,1,1,0,0,0,0,0,0,0,0,0.1,0.32763854,0.32424125
0,1,1,1,0,1,0,0,0,0,0,0,0.23,0.37468857,0.3975008
0,1,1,1,0,0,0,0,0,0,0,0,0.75,0.64265364,0.7491868
0,1,1,1,0,0,0,0,0,0,0,0,0.3,0.28184494,0.25449303
0,1,1,1,0,0,0,0,1,1,0,0,0.03,0.42513305,0.4480237
0,0,0,0,0,0,1,0,0,0,0,0,0.26,0.31473702,0.2712198
0,0,1,0,0,0,0,0,0,0,0,0,0.44,0.29256043,0.25879675
0,0,1,1,0,0,0,0,0,0,0,0,0.21,0.34672967,0.33148807
0,1,1,1,0,0,0,0,0,0,0,0,0.36,0.3423952,0.3341368
0,0,1,1,0,1,0,0,0,0,0,1,0.27,0.32056993,0.31688988
0,0,0,0,0,0,1,0,0,1,0,1,0.24,0.35142663,0.2805743
0,1,1,1,0,0,0,0,0,0,1,0,0.19,0.40144676,0.4254276
0,0,1,1,0,0,0,0,0,0,0,0,0.34,0.29246566,0.25712475
0,1,1,1,0,0,0,0,0,0,0,0,0.55,0.35910636,0.35851446
0,1,1,0,0,0,1,0,0,1,0,0,0.34,0.28304943,0.27297622
0,1,1,1,0,0,0,0,0,0,0,0,0.13,0.27850515,0.2503493
0,1,1,1,0,1,0,0,0,0,1,0,0.33,0.4010344,0.44787058
0,1,1,1,0,0,0,0,1,0,0,0,0.36,0.42575604,0.46146983
0,0,1,1,0,0,0,0,0,1,0,1,0.35,0.29489094,0.27146575
0,1,1,1,0,0,0,0,0,0,0,0,1.0,0.5441656,0.6554928
0,1,1,1,0,0,0,0,0,1,1,0,0.54,0.52896106,0.60789853
0,0,1,0,0,0,0,0,1,1,0,0,0.31,0.3348094,0.34294856
0,1,1,0,0,0,0,0,0,0,0,0,0.21,0.27510816,0.24424477
1,1,1,1,0,0,0,0,0,0,0,0,0.21,0.30620027,0.29596004
0,1,1,0,0,0,1,0,0,0,0,0,0.39,0.29940468,0.2716443
0,0,1,1,0,0,0,0,1,1,0,1,0.58,0.504557,0.6013894
0,1,1,1,0,1,0,0,0,0,0,0,0.28,0.31792918,0.32739478
1,1,1,1,0,0,0,0,0,0,0,0,0.43,0.6052286,0.67566335
0,1,1,0,0,0,0,0,0,0,0,0,0.32,0.33291155,0.3239288
0,0,1,1,0,0,0,0,0,0,0,1,0.44,0.3628741,0.32522827
0,1,1,1,0,0,0,0,0,0,0,0,0.2,0.27141178,0.24172306
0,1,1,1,0,0,0,0,0,1,0,0,0.3,0.47676545,0.5372561
0,1,1,1,0,0,0,0,0,0,0,0,0.34,0.2854138,0.2589564
0,1,1,1,0,0,0,0,0,0,0,0,0.35,0.2809704,0.25340357
0,1,1,1,0,0,0,0,0,0,0,0,0.82,0.67286026,0.7741687
0,1,1,1,0,0,0,0,0,0,0,0,0.25,0.37224922,0.37843615
0,0,0,1,0,0,0,0,0,0,0,0,0.1,0.41544023,0.45973355
0,1,1,0,0,0,0,0,0,0,0,0,0.39,0.35515094,0.35996932
0,1,1,1,0,0,1,0,0,0,0,0,0.41,0.35449782,0.34788135
0,1,1,1,0,0,0,0,0,0,0,0,0.18,0.38988706,0.40598136
0,1,1,1,0,0,0,0,0,0,0,0,0.52,0.34014338,0.33091566
0,1,1,1,0,0,0,0,0,0,0,0,0.37,0.30468932,0.28349292
0,1,1,1,0,0,1,0,0,0,0,0,0.08,0.3181778,0.29712152
0,0,0,1,0,0,0,0,0,0,0,0,0.41,0.38838285,0.40789923
0,1,1,1,0,0,0,0,1,1,0,0,0.36,0.37685388,0.37511736
0,1,1,1,0,0,0,0,1,1,0,0,0.36,0.2872128,0.2612434
0,0,0,0,0,0,0,0,0,0,0,0,0.57,0.45766515,0.5196148
0,1,1,1,0,0,1,0,0,0,0,0,0.32,0.30235276,0.27610925
0,1,1,1,0,0,0,0,0,0,0,0,0.28,0.2903394,0.26514474
0,1,1,1,0,0,0,1,0,0,1,0,0.28,0.28171715,0.2778851
0,1,1,1,0,0,0,1,0,0,1,0,0.35,0.3608647,0.37735575
0,0,1,0,0,0,1,0,0,0,0,1,0.71,0.4650815,0.50669557
0,0,1,0,0,0,1,0,0,0,0,1,0.29,0.35535738,0.30502543
0,1,1,1,0,0,0,0,1,1,0,0,0.25,0.39298886,0.39901504
0,1,1,1,0,0,0,0,0,0,0,0,0.18,0.33042222,0.31743097
0,0,1,1,0,0,0,0,1,1,0,0,0.66,0.5928403,0.70609367
0,1,1,1,0,0,0,0,0,0,0,0,0.34,0.44755107,0.5083818
0,1,1,0,0,0,0,1,0,0,0,0,0.47,0.32625574,0.32413864
0,0,1,1,0,0,0,0,0,0,0,0,0.34,0.37924102,0.37870604
0,1,1,1,0,1,0,0,1,0,0,0,0.29,0.3812237,0.39125067
0,0,0,1,0,0,0,0,0,0,0,0,0.24,0.2623793,0.23140788
0,0,1,1,0,0,0,0,0,0,0,1,0.18,0.3183079,0.2670634
0,1,1,1,0,0,0,0,0,0,0,0,0.64,0.45079678,0.5145554
0,1,1,1,0,0,0,0,1,1,0,0,0.45,0.42375046,0.44583082
0,1,1,1,0,0,0,0,0,0,0,0,0.29,0.3656972,0.3684153
0,1,1,0,0,0,0,1,0,0,1,0,0.11,0.2887849,0.23633282
0,1,1,0,0,0,1,0,0,0,0,0,0.61,0.48887435,0.6161778
0,1,1,1,0,0,0,0,0,0,0,0,0.13,0.35235906,0.34857416
0,1,1,1,1,0,0,0,0,0,0,0,0.36,0.3609168,0.3648263
0,1,1,0,0,0,0,0,0,0,0,0,0.55,0.52264273,0.6556243
0,1,1,1,0,0,0,0,0,0,0,0,0.9,0.55789363,0.67127496
0,1,1,1,0,0,0,0,1,1,0,0,0.27,0.35768136,0.3477515
0,0,0,1,0,0,0,0,0,0,0,0,0.03,0.3397833,0.327071
0,1,1,1,0,0,0,0,0,0,0,0,0.62,0.33890238,0.32914722
0,1,1,1,0,0,0,0,0,0,0,0,0.27,0.2885588,0.26290128
0,1,1,1,0,0,1,0,0,0,0,0,0.34,0.31669706,0.29511988
0,1,1,1,0,0,0,0,0,0,0,0,0.83,0.7326633,0.81440735
0,1,1,1,0,0,1,0,0,0,0,0,0.02,0.30136794,0.27483168
0,1,1,1,0,0,0,0,0,0,0,0,0.73,0.40798277,0.43619066
0,0,0,1,0,0,0,0,0,0,0,0,0.71,0.41776857,0.4643522
0,1,1,1,0,0,0,0,0,0,0,0,0.42,0.46174377,0.53484917
0,1,1,1,0,0,0,0,0,0,0,0,0.29,0.2934963,0.26915076
0,1,1,1,0,0,0,0,0,0,0,0,1.0,0.7524086,0.8250054
0,1,1,1,0,0,0,0,1,1,0,0,0.03,0.402064,0.41273832
0,1,1,1,0,0,0,0,0,0,0,0,0.22,0.29379076,0.26952523
0,1,1,0,0,0,0,0,0,0,0,0,0.24,0.33789355,0.3318858
0,1,1,0,0,0,0,0,0,0,0,0,0.46,0.4170553,0.46480617
0,1,1,1,0,0,0,0,1,1,0,0,0.28,0.3979491,0.40649962
0,1,1,1,0,0,1,0,0,0,1,0,0.15,0.33492678,0.2964781
0,1,1,1,0,0,0,0,0,0,0,0,0.38,0.55765784,0.67102087
0,0,1,1,0,0,0,0,0,0,0,0,1.0,0.52386326,0.6003617
0,1,1,0,0,0,0,0,0,0,0,0,0.29,0.3543396,0.35863066
0,1,1,1,0,0,0,0,1,1,0,0,1.0,0.46793932,0.5209142
0,1,1,1,0,1,0,0,0,1,1,0,0.34,0.3351008,0.3370793
0,1,1,1,0,0,0,0,1,1,0,0,0.13,0.29809982,0.27309972
0,1,1,1,0,0,0,0,0,0,0,0,0.35,0.3867595,0.40100414
0,1,1,1,0,0,0,0,0,0,0,0,0.29,0.31473663,0.2965926
0,1,1,1,0,0,0,0,1,0,0,0,0.7,0.3839241,0.39875263
0,1,1,1,0,0,0,0,0,0,1,0,0.02,0.2903152,0.25624505
0,1,1,1,0,0,0,0,0,0,0,0,0.51,0.46304148,0.5372043
0,0,1,1,0,0,0,0,0,0,0,0,0.36,0.37123203,0.36714488
0,0,1,0,0,0,0,0,0,0,0,0,0.42,0.33226922,0.310571
0,1,1,1,0,0,0,0,0,0,0,0,0.29,0.3150751,0.29703802
0,1,1,1,0,0,0,0,0,0,1,0,0.41,0.51688653,0.61248416
0,1,1,1,0,0,0,0,1,0,0,0,0.81,0.5382594,0.6013652
0,0,0,0,0,0,0,1,0,1,0,0,0.18,0.3470234,0.23407944
0,1,1,0,0,0,1,0,0,0,0,0,0.91,0.3912677,0.4163823
0,1,1,1,0,0,0,0,0,0,0,0,0.45,0.33172816,0.31921083
0,0,1,1,0,0,0,0,1,1,0,0,0.21,0.3002645,0.26697904
0,1,1,1,0,0,0,0,0,0,0,0,0.28,0.31607205,0.29835233
0,0,1,1,0,0,0,0,0,0,0,1,0.43,0.34535095,0.30134478
0,0,1,1,0,0,0,0,0,0,0,0,0.25,0.30381793,0.27125388
0,1,1,1,0,0,0,0,1,1,0,0,0.43,0.38268325,0.38366348
0,1,1,1,0,0,0,0,0,0,0,0,0.3,0.31917265,0.3024598
1,1,1,1,0,0,0,0,0,0,0,0,0.28,0.29887143,0.28665558
0,1,1,1,0,0,0,0,0,0,0,0,0.43,0.39514205,0.41451606
0,1,1,1,0,0,0,0,0,0,0,0,1.0,0.5694511,0.68312395
0,1,1,0,0,0,0,0,0,0,0,0,0.67,0.37194785,0.38784027
0,1,1,1,0,0,0,0,0,0,0,0,0.48,0.44221273,0.4982721
0,1,1,1,0,0,0,0,0,0,0,0,0.22,0.3134196,0.29486305
0,1,1,1,0,0,0,0,1,0,0,0,0.18,0.31213564,0.3009592
0,1,1,1,0,0,1,0,0,0,0,0,0.19,0.2835825,0.25290063
0,1,1,1,0,1,0,0,0,0,0,0,0.24,0.24242023,0.2445993
0,1,1,1,0,0,0,0,0,0,0,0,0.3,0.35435623,0.35150298
0,0,1,1,0,0,0,0,0,0,0,1,0.24,0.32397968,0.27402717
0,1,1,1,0,0,0,0,0,0,0,0,0.28,0.2804659,0.25277656
0,1,0,1,0,0,1,0,0,0,1,0,0.23,0.3456045,0.30286577
0,0,0,1,0,0,0,0,0,0,0,0,0.16,0.26102164,0.23010096
0,0,0,1,0,0,0,0,1,1,0,0,0.25,0.3605651,0.34852725
0,1,1,1,0,0,0,0,0,0,0,0,0.26,0.39438552,0.4132835
1,1,1,1,0,0,0,0,0,0,0,0,0.94,0.60204685,0.67320895
0,1,1,1,0,0,0,0,1,1,0,0,0.48,0.3405363,0.32513517
0,1,1,1,0,0,1,0,0,0,0,0,0.34,0.37191734,0.3738141
0,1,1,1,0,0,0,0,0,0,0,0,0.22,0.3391629,0.32951802
0,0,1,1,0,0,0,0,1,1,0,0,0.31,0.30500317,0.27250043
0,1,1,1,0,0,0,0,0,0,0,0,0.33,0.2827689,0.25564784
0,0,0,1,0,0,0,0,0,0,0,0,0.27,0.3238806,0.30391693
0,1,1,1,0,0,0,0,0,0,0,0,0.34,0.32576546,0.31119904
0,1,1,1,0,0,0,0,0,0,0,0,0.25,0.29786438,0.27472672
0,1,1,0,0,0,0,1,1,1,0,0,0.33,0.3471765,0.3404445
0,0,1,1,0,0,0,0,0,0,0,0,1.0,0.58489925,0.671989
0,1,1,1,0,0,0,0,0,0,0,0,0.68,0.44608793,0.50560313
0,1,1,1,0,0,0,0,0,0,0,0,0.28,0.37294802,0.37951124
0,0,0,1,0,0,0,0,0,1,0,0,0.2,0.29707474,0.25527626
0,1,1,1,0,0,0,0,0,0,0,0,0.8,0.533393,0.6422449
0,1,1,1,0,0,0,0,0,0,0,0,0.36,0.3264343,0.3120882
0,0,0,0,0,0,0,0,0,0,0,0,0.97,0.5446159,0.67987543
0,0,0,1,0,0,0,0,0,0,0,1,0.02,0.27269873,0.18670432
0,1,1,1,0,0,0,0,0,0,0,0,0.27,0.3129324,0.29422468
0,1,1,1,0,0,0,0,1,1,0,0,0.27,0.36684725,0.3606363
0,1,1,1,0,0,0,0,1,1,1,0,0.34,0.4107236,0.40233207
0,1,1,0,0,0,0,0,0,0,0,0,0.44,0.33480352,0.326941
0,1,1,1,0,0,0,0,0,1,0,0,0.25,0.31542888,0.30095828
0,0,1,1,0,0,0,0,0,0,0,0,0.49,0.31156754,0.28139994
0,1,1,1,0,0,0,0,0,0,0,0,0.55,0.29998738,0.27743584
1,1,1,1,0,0,1,0,0,0,0,0,0.32,0.3167736,0.27863464
0,1,1,1,0,0,0,0,0,0,1,0,0.12,0.26635796,0.22732091
0,0,0,0,0,0,0,0,0,0,0,0,0.3,0.41410074,0.42777443
0,1,1,1,0,0,0,0,0,0,0,0,0.55,0.3996163,0.4218294
0,1,1,1,0,0,0,0,0,0,0,0,0.24,0.37763363,0.3867502
0,0,0,1,0,0,1,0,1,0,0,0,0.69,0.72538245,0.823671
0,1,1,1,0,0,0,0,0,0,0,0,1.0,0.3926206,0.41041225
0,0,0,1,0,1,0,0,0,0,0,0,0.02,0.6452315,0.65879905
0,0,0,1,0,0,0,0,0,0,0,0,0.57,0.40650415,0.4422079
0,1,1,1,0,0,0,0,0,0,0,0,0.28,0.3410048,0.33214602
0,0,1,1,0,0,0,0,0,0,0,1,0.27,0.27255335,0.21551628
0,1,1,1,0,0,0,0,0,0,1,0,0.26,0.259265,0.21973233
0,1,1,1,0,1,0,0,0,0,0,0,0.43,0.3153326,0.32435364
1,1,1,1,0,0,0,0,0,0,0,0,0.02,0.34641135,0.3506188
0,1,1,1,1,1,0,0,0,0,0,0,0.2,0.30046025,0.25178236
0,1,1,1,0,0,0,0,0,0,0,0,0.53,0.48530418,0.5757806
0,0,1,1,0,0,0,0,0,0,0,0,0.34,0.34891307,0.33467823
0,1,1,1,0,0,0,0,0,0,0,0,0.5,0.335649,0.32459757
0,1,1,1,0,0,0,0,1,0,0,0,0.65,0.47645426,0.5343747
0,1,1,1,0,0,0,0,0,0,0,0,0.23,0.25610387,0.22490604
0,1,1,1,0,1,0,0,0,1,1,0,0.26,0.45307845,0.53859824
0,1,1,1,0,0,0,0,1,1,0,0,0.29,0.33329362,0.31591356
0,1,1,1,0,0,0,0,0,0,0,0,0.07,0.26569897,0.2351186
0,0,1,1,0,0,0,0,0,0,0,0,0.12,0.3394727,0.3208651
0,1,1,1,0,0,0,0,0,0,0,0,0.29,0.34586072,0.33912462
0,1,1,0,0,0,0,0,0,0,0,0,0.49,0.35390168,0.357909
0,1,1,1,0,0,0,0,0,0,0,0,0.42,0.3006254,0.27825323
0,1,1,1,0,0,1,1,0,0,0,0,0.24,0.4279558,0.48605746
0,1,1,1,0,0,0,0,0,0,0,0,0.28,0.29183975,0.2670444
0,1,1,1,0,0,0,0,0,0,0,0,0.37,0.34116048,0.33236864
0,1,1,1,0,0,0,0,1,1,0,0,0.13,0.3009223,0.27633762
0,1,1,0,1,1,0,0,0,0,0,0,0.19,0.34337696,0.23073228
0,0,1,1,0,0,0,0,0,0,0,1,0.26,0.31032687,0.25747538
0,1,1,1,0,0,0,0,0,0,0,0,1.0,0.6718093,0.77334654
0,0,1,1,0,0,1,0,0,0,0,0,0.02,0.33494937,0.33923092
0,0,1,1,0,0,0,0,0,0,0,0,0.67,0.42995548,0.45492715
0,1,1,1,0,0,0,0,1,1,0,0,0.6,0.3647369,0.35763663
0,1,1,1,0,0,0,0,0,0,0,0,0.2,0.33439428,0.32286018
0,1,1,1,0,0,1,0,0,0,0,0,0.85,0.7381338,0.84271705
0,1,1,0,0,0,0,0,1,1,0,0,0.19,0.29995078,0.2826348
0,1,1,1,0,1,0,0,0,0,0,0,0.37,0.3691373,0.3904552
0,1,1,1,0,0,0,0,0,0,0,0,0.35,0.36022335,0.3601722
0,1,1,1,0,0,0,0,1,1,0,0,0.06,0.2821051,0.2558506
0,1,1,1,0,0,0,0,0,0,0,0,0.6,0.4393801,0.49298668
0,0,1,1,0,0,0,0,0,0,1,1,0.17,0.2739753,0.19328752
0,1,1,1,0,0,0,0,0,0,1,0,0.31,0.37151182,0.37355644
0,1,1,1,0,0,1,0,0,0,0,0,0.37,0.29718068,0.2695296
0,1,1,1,0,0,0,0,0,0,0,0,0.34,0.3435573,0.33580527
0,0,1,1,0,0,0,0,0,0,0,0,0.23,0.29848805,0.26447815
0,1,1,1,0,0,0,0,0,0,0,0,0.27,0.29293093,0.26843125
0,1,1,1,0,0,0,0,0,0,0,0,1.0,0.78992015,0.8425223
0,1,1,1,0,0,0,0,0,0,0,0,0.47,0.43662873,0.4879117
0,1,1,1,0,0,0,0,0,0,0,0,0.21,0.28008923,0.25230902
0,0,1,1,0,0,0,0,0,0,0,0,0.27,0.3085297,0.27737665
0,1,1,1,0,0,0,0,0,0,0,0,0.29,0.30313897,0.28148717
0,1,1,1,0,0,0,0,1,1,0,0,0.29,0.32712314,0.30816317
0,0,1,0,0,0,0,0,0,0,0,0,0.41,0.35065895,0.33670768
1,1,1,1,0,0,0,0,0,0,0,0,0.28,0.37848717,0.3985409
0,1,1,1,0,0,0,0,0,0,0,0,0.45,0.31398368,0.29560304
0,1,1,1,0,0,0,0,1,1,0,0,0.33,0.42790437,0.4524278
0,1,1,1,0,0,0,0,0,0,0,0,0.32,0.35094535,0.3465079
0,1,1,1,0,0,0,0,1,1,0,0,0.28,0.38759047,0.39091685
0,1,1,1,0,0,0,0,0,0,0,0,0.35,0.31100783,0.29170993
0,1,1,1,0,0,0,0,0,0,0,0,0.33,0.3510398,0.34664577
0,1,1,1,0,0,0,0,0,0,0,0,0.33,0.27849692,0.25033912
0,1,1,1,0,0,0,0,0,0,0,0,0.26,0.29690343,0.2735042
0,1,1,1,0,0,0,0,0,0,0,0,0.39,0.29701382,0.27364597
0,0,1,1,0,0,0,0,0,0,0,1,0.77,0.7269083,0.8403106
0,1,1,0,0,0,0,1,0,0,1,0,0.3,0.31140834,0.26569697
0,1,1,1,0,1,0,1,0,0,0,0,0.15,0.2644766,0.24972638
0,1,1,0,0,0,0,0,0,0,0,0,0.35,0.3168939,0.29939616
0,1,1,1,0,0,0,0,0,0,0,0,0.41,0.3517593,0.34769687
0,1,1,1,0,0,0,0,0,0,0,0,0.22,0.34749705,0.3414923
0,1,1,1,0,0,0,0,0,0,0,0,0.11,0.2792221,0.251235
0,1,1,0,0,0,0,0,0,0,0,0,0.56,0.37821478,0.39830083
0,1,1,1,0,0,0,0,1,1,0,0,0.43,0.30824524,0.2850272
0,0,0,1,0,0,0,0,0,0,0,0,0.53,0.5106935,0.6230536
0,0,1,1,0,0,0,0,0,0,0,0,0.8,0.36514097,0.35833383
0,0,0,0,0,0,1,0,0,0,0,0,0.53,0.53117037,0.7176477
0,1,1,1,0,0,0,0,0,0,0,0,0.19,0.27873352,0.25063118
0,1,1,1,0,0,0,0,1,0,0,0,0.44,0.29022402,0.27368012
0,0,0,1,0,0,0,0,0,0,0,0,0.76,0.47906747,0.58021307
0,0,0,0,0,0,1,0,0,0,0,0,0.21,0.33852702,0.30943364
0,0,0,1,0,0,0,0,0,0,0,1,0.55,0.38423425,0.34074417
0,1,1,1,0,0,0,0,0,0,0,0,0.26,0.29038864,0.26520693
0,0,1,1,0,0,0,0,0,0,0,0,0.4,0.49008688,0.5488243
0,1,1,1,0,0,0,0,0,0,0,0,0.19,0.31513327,0.2971146
0,1,1,1,0,0,0,0,0,0,0,0,0.06,0.4290093,0.47391987
0,1,1,1,0,1,0,0,0,0,0,0,0.45,0.43920666,0.49114734
0,1,1,1,0,0,0,0,0,0,0,0,0.48,0.45278388,0.5182952
0,1,1,1,0,0,1,0,0,0,0,0,0.43,0.41032815,0.4353164
0,1,1,1,0,0,0,0,0,0,0,0,0.33,0.38373703,0.39625484
0,1,1,1,0,0,0,0,1,1,0,0,0.66,0.4238847,0.44604364
0,1,1,1,0,0,0,0,0,0,0,0,0.61,0.4451662,0.50385237
0,1,1,0,0,0,0,1,1,1,1,0,0.23,0.28473204,0.22375032
0,1,1,1,0,0,0,0,0,0,0,0,0.28,0.27366868,0.24443582
0,1,1,1,0,0,0,0,0,0,0,0,0.72,0.34060866,0.33157992
0,1,1,1,0,0,0,0,0,0,0,0,0.42,0.36807758,0.37204334
0,1,1,1,0,0,1,0,0,0,0,0,0.39,0.42455196,0.459867
0,1,1,1,0,1,0,0,0,0,1,0,0.9,0.4908177,0.59803563
0,1,1,1,0,0,0,0,0,0,0,0,0.3,0.41014472,0.44001213
0,0,0,0,0,0,1,0,0,0,0,0,0.64,0.4893581,0.642213
0,1,1,1,0,0,1,0,1,1,0,0,0.36,0.3442766,0.3227073
0,1,1,1,0,0,0,0,1,1,0,0,0.59,0.45730734,0.5024911
0,0,1,1,0,0,0,0,0,0,0,1,0.23,0.29953727,0.24488142
0,1,1,1,0,0,0,0,0,0,0,0,0.92,0.5314044,0.6397815
0,1,1,1,0,0,0,0,1,1,0,0,0.32,0.28865916,0.26279682
0,1,1,1,0,0,0,0,0,0,0,0,0.23,0.3182002,0.30116907
0,0,0,0,0,0,1,0,0,0,0,0,1.0,0.6440438,0.8289458
0,1,1,1,0,0,0,0,0,0,1,0,0.03,0.2930619,0.2597737
1,1,1,1,0,0,0,0,0,0,0,0,0.36,0.26676127,0.24886155
0,1,1,1,0,0,1,0,0,0,0,0,0.31,0.3683175,0.36838168
0,0,0,1,0,0,0,0,0,0,0,1,0.31,0.33668408,0.2605112
0,1,1,1,0,0,0,0,1,1,0,0,0.45,0.3972394,0.40542597
0,0,1,1,0,0,0,0,0,0,0,1,0.36,0.2640727,0.20697212
0,1,1,1,0,0,0,0,0,0,0,0,0.32,0.28415298,0.25737944
0,1,1,1,0,0,1,0,0,0,0,0,0.22,0.32140797,0.3014695
0,1,1,0,0,0,0,1,0,0,0,0,0.28,0.31868783,0.31295174
0,1,1,1,0,0,0,0,0,0,0,0,0.35,0.3280658,0.31426302
0,1,1,1,0,0,0,0,0,0,0,0,0.31,0.3608094,0.36104327
0,1,1,1,0,1,0,0,0,0,0,0,0.36,0.73835486,0.8037031
0,1,1,1,0,0,0,0,0,0,0,0,0.35,0.4123358,0.4439122
0,1,1,0,0,0,0,1,0,0,1,0,0.17,0.25669554,0.20114365
0,0,0,0,0,0,0,0,0,0,0,0,0.16,0.28638905,0.22373979
0,0,0,1,0,0,0,0,0,0,0,0,0.39,0.407991,0.44511157
0,1,1,1,0,0,1,1,0,0,0,0,0.29,0.3209067,0.32100555
0,1,1,1,0,0,0,0,1,1,0,0,0.29,0.31188616,0.289425
0,0,0,1,0,0,1,0,0,0,0,0,0.4,0.32557315,0.32453007
0,1,1,1,0,0,1,0,0,0,0,0,0.03,0.36248237,0.35971683
0,1,1,1,0,0,0,0,0,0,0,0,0.35,0.320805,0.30463165
0,0,1,1,0,0,0,0,0,0,0,1,0.46,0.43482262,0.4378601
0,0,0,1,0,0,0,0,0,0,0,0,0.03,0.33357948,0.3177337
0,0,0,1,0,0,0,0,1,1,0,0,0.19,0.29638913,0.25940147
0,1,1,1,0,1,0,0,0,0,1,0,0.24,0.33280754,0.34616646
0,1,1,1,0,0,1,0,0,0,0,0,0.42,0.3506922,0.34231853
0,1,1,1,0,1,0,0,0,0,0,0,0.3,0.3201385,0.32999337
1,1,1,1,0,0,0,0,0,0,0,0,0.81,0.4537514,0.5155148
0,0,1,1,0,0,0,0,0,0,0,0,0.24,0.31495136,0.28595188
0,0,1,1,0,0,0,0,0,0,0,0,0.49,0.36033407,0.35135606
0,1,1,0,0,0,0,0,0,1,1,0,1.0,0.5014243,0.637998
0,1,1,0,0,1,0,0,0,0,0,0,0.31,0.31258234,0.29257414
0,1,1,1,0,0,0,0,1,1,0,0,0.26,0.36545643,0.35865825
0,1,1,1,0,0,0,1,0,0,0,0,1.0,0.4663321,0.5012687
0,0,0,1,0,0,0,0,0,0,0,0,0.48,0.30930868,0.28437215
0,1,1,1,0,0,0,0,1,1,0,0,0.37,0.36861166,0.36316288
0,1,1,0,0,0,1,0,0,1,0,0,0.31,0.38419408,0.42828646
0,1,1,0,0,0,0,1,0,0,1,0,0.32,0.33080506,0.2928794
0,1,1,1,0,0,0,0,1,1,0,0,0.2,0.31357604,0.29147893
0,1,1,1,0,0,0,0,0,0,0,0,0.36,0.45700803,0.52617633
0,1,1,1,0,0,0,0,0,0,0,0,0.51,0.7477714,0.82264745
1,1,1,1,0,0,0,0,0,0,0,0,0.25,0.2943974,0.2810878
0,1,1,1,0,0,0,0,0,0,0,0,0.26,0.28126413,0.25376916
0,1,1,1,0,0,0,0,0,0,0,0,0.42,0.3745837,0.3820323
0,1,1,1,0,0,0,0,0,1,0,0,0.36,0.27157995,0.24829718
0,1,1,1,0,0,0,0,0,0,0,0,0.33,0.3172924,0.2999657
0,1,1,1,0,0,0,0,0,1,1,0,0.45,0.37689644,0.38388187
0,0,1,1,0,0,0,0,0,0,0,1,0.42,0.3355683,0.28860226
0,0,0,0,0,0,0,0,0,1,0,0,0.56,0.494563,0.54080355
0,1,1,1,0,0,0,0,1,1,0,0,0.45,0.33151293,0.31367332
0,1,1,1,0,0,0,0,1,0,0,0,0.37,0.34947324,0.35049075
0,1,1,1,0,1,0,0,0,0,0,0,0.29,0.30777544,0.3155559
0,1,1,1,0,0,0,0,1,1,0,0,0.35,0.35339475,0.34187752
0,0,0,1,0,0,0,0,0,0,0,0,0.28,0.26878938,0.23775057
0,0,0,1,0,0,0,0,1,0,0,0,0.07,0.30533606,0.27773863
0,1,1,1,0,0,1,0,0,0,0,0,0.55,0.47341734,0.5482234
0,1,1,1,0,0,0,0,0,0,0,0,0.24,0.26253244,0.23160672
0,1,1,1,0,0,0,0,0,0,0,0,0.46,0.38104805,0.39205724
0,0,1,1,0,0,0,0,0,0,0,0,0.51,0.5029254,0.56907725
0,1,1,1,0,0,0,0,1,1,0,0,0.47,0.44929543,0.48860317
0,1,1,1,0,0,0,0,0,0,0,0,0.29,0.3018983,0.2798883
0,1,1,1,0,0,0,0,0,0,0,0,0.36,0.38360947,0.39605546
0,0,1,1,0,0,0,0,0,0,1,1,0.02,0.27458054,0.19384381
0,1,1,1,0,1,0,0,1,1,0,0,0.31,0.27441007,0.2526981
0,0,1,1,0,0,0,0,0,0,0,1,0.28,0.32777452,0.27875257
0,1,1,1,0,0,0,0,0,0,0,0,0.49,0.430343,0.47636732
0,1,1,1,0,0,0,0,0,0,0,0,0.38,0.5069793,0.6077213
0,1,1,1,0,0,0,0,0,0,0,0,0.55,0.34678152,0.34045598
0,1,1,1,0,0,0,0,0,0,0,0,0.24,0.3074073,0.28702363
0,1,1,1,0,0,0,1,0,0,1,0,0.63,0.3388625,0.3489098
0,0,1,0,0,0,0,0,0,0,0,0,0.44,0.42989135,0.4508459
0,1,1,1,0,0,0,0,0,1,0,0,0.23,0.2923612,0.27224517
0,1,1,1,0,0,1,0,0,0,0,0,0.27,0.295361,0.2672575
0,0,1,1,0,0,0,0,1,0,0,0,0.59,0.7343124,0.77097833
0,0,1,1,0,0,0,0,0,0,0,1,0.25,0.2587946,0.20171133
0,0,1,1,0,0,0,0,0,0,0,0,0.05,0.3451894,0.32924417
0,1,1,1,0,1,0,0,0,0,0,0,0.27,0.29523468,0.3010957
0,1,1,1,0,0,0,0,0,0,0,0,0.39,0.3750908,0.3828153
0,0,1,1,0,0,0,0,1,1,0,0,0.02,0.29423627,0.2601132
0,0,1,1,0,0,0,0,0,0,0,1,0.48,0.37022308,0.33546072
0,1,1,1,0,0,0,0,0,0,0,0,0.25,0.24545674,0.2142258
0,1,1,1,0,1,0,0,0,0,0,0,0.45,0.3668364,0.38755375
0,1,1,1,0,0,0,0,1,1,0,0,1.0,0.5666338,0.65665036
0,0,0,1,0,0,0,0,1,1,0,0,0.27,0.29504126,0.25789064
0,0,1,1,0,0,0,0,0,0,1,0,0.18,0.27445364,0.25422907
0,1,1,1,0,0,0,0,0,0,0,0,0.4,0.31575137,0.29792923
0,1,1,1,0,0,0,0,0,0,0,0,0.29,0.29825467,0.2752235
0,0,1,1,0,0,0,0,1,1,0,0,0.5,0.50529957,0.57797086
0,1,1,1,0,0,1,1,0,0,1,0,0.25,0.25903195,0.23864937
0,1,1,1,0,0,0,0,1,1,0,0,0.58,0.5028405,0.57686603
0,1,1,1,0,0,0,0,0,0,0,0,0.52,0.31432316,0.29604897
0,1,1,1,0,0,0,0,0,0,0,0,0.3,0.28586695,0.25952473
0,0,1,1,0,0,0,0,0,0,0,0,0.73,0.3893197,0.39323422
0,1,1,1,0,0,1,0,0,0,0,0,0.45,0.3519872,0.34420493
0,1,1,1,0,0,1,0,1,1,0,0,0.81,0.5038048,0.57771105
0,0,0,1,0,0,0,0,1,1,0,0,0.15,0.28057185,0.24198313
0,1,1,1,0,0,0,0,0,0,0,0,0.28,0.3241666,0.30907917
0,1,1,1,0,0,0,0,1,1,1,0,0.36,0.3906416,0.37480107
0,1,1,1,0,0,1,0,0,0,0,0,0.39,0.35156086,0.34358245
0,1,1,1,0,0,0,0,0,0,0,0,0.3,0.35373867,0.35059613
0,1,1,1,0,0,0,0,0,1,0,0,1.0,0.41263175,0.44165438
0,1,1,1,0,0,1,0,0,0,0,0,0.39,0.3630824,0.3606117
1,1,1,1,0,0,0,0,0,0,0,0,0.33,0.37123543,0.3874996
0,0,1,1,0,0,0,0,0,0,0,1,0.4,0.42949614,0.42818838
0,1,1,1,0,0,0,0,0,0,0,0,0.82,0.6239743,0.73232234
0,1,1,1,0,1,0,0,1,0,0,0,1.0,0.70484495,0.7735431
0,0,1,0,0,0,0,0,0,0,0,0,0.19,0.27617308,0.23965135
0,1,1,1,0,0,0,0,1,1,0,0,0.07,0.38353974,0.38492444
0,1,1,1,0,0,0,0,1,1,0,0,0.26,0.3333517,0.31598672
0,1,1,1,0,0,0,0,0,0,0,0,0.22,0.28353834,0.25661215
0,1,1,1,0,0,0,0,0,0,0,0,0.45,0.34549522,0.33859682
0,1,1,1,0,0,0,0,0,0,0,0,0.26,0.28149623,0.25405824
0,1,1,1,0,0,0,0,1,1,0,0,0.41,0.37514427,0.37262234
0,1,1,1,0,1,0,0,0,0,0,0,0.26,0.32502776,0.33592004
0,0,1,1,0,0,0,0,0,0,0,1,0.24,0.34933335,0.30672032
0,1,1,1,0,0,0,0,1,1,0,0,0.28,0.34498245,0.33086747
0,1,1,1,0,0,0,0,0,0,0,0,0.29,0.31510347,0.2970754
0,1,1,1,0,0,0,0,0,0,0,0,0.89,0.6144382,0.7234203
0,0,1,1,0,0,0,0,1,1,0,0,0.67,0.34732062,0.32529983
0,0,1,0,0,0,1,1,1,0,1,0,0.19,0.33960775,0.2802453
0,1,1,1,0,0,0,0,0,0,0,0,0.21,0.3198865,0.30340853
0,0,1,1,0,0,0,0,0,0,0,0,0.58,0.43542948,0.46350938
0,1,1,1,0,0,0,0,1,1,0,0,0.12,0.31250483,0.29017597
0,1,1,1,0,0,0,0,0,0,0,0,0.2,0.29966792,0.2770271
0,1,1,1,0,0,0,0,0,0,0,0,0.33,0.31075007,0.29137385
0,1,1,1,0,0,0,0,0,0,0,0,0.3,0.36957926,0.37433952
0,1,1,1,0,0,0,0,0,0,0,0,0.41,0.38847366,0.40370956
0,1,1,1,0,0,0,0,0,0,0,0,0.36,0.3353631,0.3242012
0,0,0,0,0,0,0,0,0,0,0,1,0.08,0.34353322,0.2698242
0,1,1,1,0,1,0,0,0,0,0,0,0.84,0.63270843,0.7216824
0,1,1,1,0,0,0,0,1,1,0,0,0.39,0.4857177,0.5507016
0,1,1,0,0,0,0,0,0,0,0,0,0.41,0.39816886,0.43163332
0,1,1,1,0,0,0,0,0,0,0,0,0.08,0.4979458,0.5949018
0,1,1,1,0,0,0,0,1,1,0,0,0.1,0.4013616,0.4116741
0,0,1,1,0,0,0,0,0,0,0,0,0.33,0.36007896,0.35098132
0,1,1,1,0,0,0,0,0,0,0,0,0.3,0.34373087,0.33605486
0,1,1,1,0,0,0,0,0,0,0,0,0.74,0.35411674,0.35115117
0,1,1,0,0,0,0,0,0,0,0,0,0.34,0.29938522,0.27447373
0,1,1,1,0,0,1,0,0,0,0,0,0.66,0.62665635,0.76477975
0,1,1,1,0,0,0,0,1,1,0,0,1.0,0.54715335,0.6329007
1,1,1,1,0,0,0,0,0,0,0,0,0.37,0.27760714,0.26097494
0,1,1,1,0,0,0,0,0,0,0,0,0.27,0.30100125,0.27873546
0,1,1,1,0,0,0,0,0,1,0,0,0.31,0.3134817,0.29848298
0,1,1,1,0,0,0,0,0,0,0,0,0.65,0.3308166,0.31796786
0,1,1,1,0,0,0,0,1,0,0,0,0.45,0.47120422,0.5278562
0,1,1,1,0,1,0,0,0,0,0,0,0.16,0.29562727,0.30153364
0,1,1,1,0,0,0,0,0,0,0,0,0.49,0.4140567,0.4469866
0,1,1,1,0,0,0,0,1,1,0,0,0.37,0.3961366,0.40375954
1,1,1,1,0,1,0,0,0,0,0,0,0.15,0.31124863,0.28891373
0,1,1,1,0,0,0,0,1,0,0,0,0.2,0.31718808,0.30747536
0,0,0,0,0,0,1,0,0,0,0,1,0.39,0.37557563,0.31585664
0,1,1,0,0,0,0,0,0,1,0,0,0.3,0.32379267,0.28974944
0,1,1,0,0,0,0,0,0,0,0,0,0.39,0.38355678,0.40717602
0,1,1,0,0,0,1,1,0,0,0,0,0.28,0.31860003,0.31302577
0,1,1,1,0,0,0,0,0,0,0,0,0.32,0.27557176,0.24674733
0,1,1,1,0,0,0,0,1,1,0,0,0.32,0.3066247,0.28307408
0,1,1,1,0,0,0,0,0,0,0,0,0.56,0.35658282,0.35478178
0,1,1,1,0,0,0,0,1,1,0,0,0.24,0.32479548,0.3052648
0,1,1,1,0,0,0,0,0,0,0,0,0.52,0.407125,0.43469167
0,0,1,1,0,0,0,0,0,0,0,1,0.24,0.4471282,0.46084064
0,1,1,1,0,0,1,1,0,0,1,0,0.25,0.3025157,0.28613874
0,0,0,1,0,0,0,0,1,1,0,0,1.0,0.5882324,0.72758496
0,1,1,1,0,0,0,0,0,0,0,0,0.21,0.2812976,0.25381082
0,0,0,0,0,0,0,0,0,0,0,0,0.42,0.34132862,0.2965208
0,1,1,1,0,0,0,0,0,1,0,0,0.25,0.29459673,0.27495143
0,1,1,1,0,0,0,0,0,0,0,0,0.58,0.7917466,0.843305
0,0,1,1,0,0,0,0,0,1,0,0,0.6,0.73252547,0.81285685
0,1,1,1,0,0,0,0,0,0,0,0,0.29,0.3520766,0.34816086
0,1,1,1,0,0,0,0,1,1,0,0,0.59,0.3987982,0.40778533
0,0,1,0,0,0,1,0,0,0,0,0,0.37,0.31266445,0.2898238
0,1,1,1,0,1,0,0,1,1,0,0,0.63,0.50313026,0.55216205
0,1,1,1,0,0,0,0,0,0,0,0,0.3,0.3145989,0.2964114
0,1,1,1,0,1,0,0,0,0,0,0,0.63,0.5052747,0.5906574
0,1,1,1,0,0,0,0,0,1,0,0,0.34,0.35966912,0.36146438
0,0,0,0,0,0,1,0,0,0,0,0,0.2,0.29320067,0.24081358
0,0,1,1,0,0,0,0,0,0,0,1,0.39,0.30616894,0.25257164
0,1,1,1,0,0,0,0,0,0,0,0,0.69,0.48869792,0.58103824
0,1,1,1,0,0,0,0,1,1,0,0,1.0,0.5558286,0.6430913
0,0,0,1,0,0,0,0,0,0,0,0,0.57,0.33914995,0.3261055
0,1,1,1,0,0,0,0,1,1,0,0,0.42,0.4789484,0.5396811
0,0,0,1,0,0,0,0,0,0,0,0,0.14,0.3223339,0.3017816
0,1,1,1,0,0,0,0,0,1,1,0,0.48,0.6073678,0.70629215
0,1,1,1,0,0,0,0,0,0,0,0,0.03,0.38078493,0.39164737
0,1,1,1,0,1,0,1,0,0,1,0,0.25,0.4241014,0.48926362
0,0,1,1,0,0,0,0,0,0,0,0,0.71,0.45410538,0.49239922
0,1,1,1,0,1,0,1,0,0,0,0,0.39,0.36350673,0.37091604
0,0,1,1,0,0,0,0,0,0,1,1,0.38,0.3071181,0.22626562
0,0,0,1,0,0,0,0,0,0,0,0,0.53,0.3326196,0.31630725
0,0,1,1,0,0,0,0,0,1,0,0,0.36,0.49699783,0.5404249
0,1,1,1,0,0,0,0,0,0,0,0,0.37,0.30512303,0.28405517
0,1,1,1,0,0,0,0,0,0,0,0,0.29,0.29223993,0.26755247
0,1,1,1,0,0,0,0,0,1,1,0,0.66,0.43430203,0.4703369
0,0,0,1,0,0,1,0,0,0,0,1,0.12,0.29372543,0.21688648
0,0,1,1,0,0,1,0,0,0,0,0,0.73,0.49215755,0.5678399
0,1,1,1,0,0,1,0,0,1,0,0,0.25,0.32561177,0.30917993
0,1,1,0,0,0,0,0,0,0,0,0,0.33,0.39201894,0.42132884
0,0,0,1,0,0,1,0,0,0,0,0,0.8,0.41317588,0.48927966
0,1,1,1,0,1,0,0,0,0,0,0,0.5,0.38468605,0.41057986
0,0,1,1,0,1,0,0,0,0,0,1,0.66,0.58492184,0.70611525
0,1,1,1,0,0,0,0,1,1,0,0,0.59,0.32589763,0.30663526
0,1,1,1,0,0,0,1,1,1,0,0,0.36,0.34416595,0.3167466
0,1,1,1,0,0,0,0,1,1,0,0,0.16,0.307309,0.28389785
0,1,1,1,0,1,0,0,1,0,0,0,0.27,0.2946754,0.28331417
0,1,1,1,0,0,0,1,0,0,1,0,0.6,0.38876134,0.41432905
0,1,1,0,0,0,0,0,0,0,0,0,0.45,0.4003393,0.43537745
0,1,1,1,0,0,0,0,1,1,0,0,0.34,0.34400123,0.32959804
0,1,1,0,0,0,0,0,0,0,0,0,0.48,0.6212535,0.7684495
0,1,1,1,0,0,0,0,0,0,0,0,0.79,0.5439968,0.6552915
0,1,1,1,0,0,0,0,1,1,0,0,0.17,0.2542634,0.22777791
0,0,1,1,0,0,0,0,0,0,0,0,0.47,0.3484407,0.33398673
0,1,1,0,0,0,0,0,0,1,0,0,0.76,0.41831556,0.44151506
0,0,0,1,0,0,0,0,0,0,1,1,0.4,0.51281106,0.6054581
0,1,1,1,0,0,0,0,0,0,0,0,0.17,0.27983385,0.2519924
0,1,1,1,0,0,0,0,0,0,0,0,0.28,0.32495537,0.31012398
0,1,1,1,0,1,0,0,0,0,0,0,0.17,0.27872795,0.28286856
0,1,1,1,0,0,0,0,1,1,0,0,0.49,0.36351746,0.3559081
0,1,1,1,0,0,0,0,0,0,0,0,0.25,0.29534,0.27150106
0,1,1,1,0,0,0,0,0,0,0,0,0.29,0.3595385,0.3591554
0,0,1,1,0,0,0,0,0,0,0,1,0.2,0.24244559,0.18652377
0,1,1,1,0,0,0,0,0,0,1,0,0.24,0.29142636,0.25766712
0,0,0,0,0,0,1,0,0,0,0,0,0.48,0.44193083,0.5353277
0,1,1,1,0,0,0,0,0,0,0,0,0.03,0.31414905,0.29582024
0,1,1,1,0,0,0,0,0,0,0,0,0.29,0.30699527,0.28648728
0,1,1,1,0,0,0,0,0,0,0,0,0.27,0.36470756,0.36691117
0,1,1,1,0,0,0,0,0,0,0,0,0.49,0.4211572,0.45971718
0,1,1,1,0,0,0,0,0,1,0,0,0.6,0.30079442,0.28257996
0,1,1,1,0,0,0,0,0,0,0,0,0.38,0.34149286,0.33284417
0,1,1,0,0,0,1,0,0,0,0,0,0.65,0.48529586,0.6089406
0,1,1,1,0,0,0,0,0,0,0,0,0.37,0.3418772,0.33339444
0,1,1,1,0,0,0,0,0,0,0,0,0.37,0.3529407,0.34942597
0,1,1,1,0,0,0,0,0,0,0,0,0.29,0.28882107,0.26323098
0,1,1,1,0,0,0,0,0,0,0,0,0.43,0.37492624,0.38256112
0,1,1,1,0,0,0,0,0,0,0,0,0.41,0.3146029,0.2964167
0,1,1,1,0,0,0,0,0,0,0,0,0.4,0.27352005,0.24425623
0,1,1,1,0,0,0,0,0,0,0,0,0.4,0.32494736,0.31011337
0,0,0,1,0,0,0,0,1,1,0,0,0.18,0.29856563,0.26186275
1,1,1,1,0,0,0,0,0,0,0,0,0.27,0.34806156,0.35302237
0,1,1,1,0,0,1,0,0,0,0,0,0.22,0.35282242,0.3454259
0,1,1,1,0,0,0,0,0,0,0,0,0.52,0.5062726,0.606706
0,0,1,1,0,0,0,0,0,0,0,0,0.16,0.3580357,0.34798414
0,1,1,0,0,0,0,0,0,0,0,0,0.35,0.34332234,0.34062862
0,1,1,1,0,0,0,0,0,0,0,0,0.06,0.2910564,0.2660515
0,1,1,1,0,1,0,0,0,0,0,0,0.93,0.66406393,0.74925417
0,1,1,1,0,1,0,1,0,0,0,0,0.62,0.43420237,0.4781832
0,1,1,1,0,0,0,0,0,0,0,0,0.26,0.26841864,0.2382365
0,1,1,1,0,0,0,0,0,0,0,0,0.34,0.30180675,0.27977052
0,1,1,1,0,0,0,0,1,1,0,0,0.51,0.38165417,0.3821504
0,1,1,1,0,0,0,0,0,0,0,0,0.25,0.29631016,0.272743
0,1,1,1,0,0,0,0,0,0,0,0,0.12,0.33284494,0.32073694
0,1,1,1,0,0,0,0,0,0,0,0,0.78,0.5045513,0.60424376
0,0,1,0,0,0,0,0,0,0,0,0,0.59,0.3316967,0.3097789
0,1,1,1,0,0,0,0,0,0,0,0,0.61,0.39733124,0.41808873
0,1,1,1,0,0,0,0,0,0,0,0,0.63,0.40616637,0.43301782
0,1,1,1,0,0,0,0,1,1,0,0,0.57,0.3998436,0.40937
0,1,1,1,0,0,1,0,0,0,0,0,0.34,0.3387738,0.32525283
0,1,1,1,0,1,0,0,0,0,0,0,0.19,0.30838943,0.31627083
0,1,1,1,0,0,0,0,0,0,0,0,0.41,0.3923396,0.40995565
0,1,1,1,0,0,0,0,0,0,0,0,0.5,0.3622748,0.36322552
0,1,1,1,0,0,0,0,0,0,0,0,0.22,0.32997328,0.31682032
0,1,1,1,0,0,0,0,0,0,0,0,0.27,0.3256039,0.31098443
0,1,1,0,0,0,0,1,0,1,0,0,0.2,0.31352484,0.274795
0,1,1,1,0,0,0,0,0,0,0,0,0.7,0.5877995,0.69980115
0,0,1,0,0,0,1,0,0,0,0,1,0.39,0.37808186,0.3414793
0,1,1,1,0,0,0,0,0,0,0,0,0.21,0.29328543,0.26888275
0,1,1,1,0,1,0,0,0,0,1,0,0.26,0.3925392,0.4343637
0,0,0,1,0,0,0,0,1,1,0,0,0.33,0.3197106,0.2876801
0,0,0,1,0,1,0,0,0,0,0,0,0.26,0.35387486,0.33161375
0,1,1,1,0,0,0,0,1,1,0,0,0.76,0.4689997,0.5227355
0,1,1,1,0,0,0,0,0,0,0,0,0.23,0.29817072,0.2751166
0,1,1,1,0,1,0,0,0,0,0,0,0.3,0.33720598,0.35077924
0,1,1,1,0,0,0,0,0,0,0,0,0.22,0.33323207,0.3212668
0,1,1,1,0,0,1,0,0,0,0,0,0.05,0.269869,0.2369807
0,1,1,1,0,0,0,0,0,0,0,0,0.54,0.4065125,0.43362197
1,1,1,1,0,0,0,0,0,0,0,0,0.42,0.38786274,0.41310254
0,1,1,1,0,0,0,0,0,0,0,0,0.23,0.41025162,0.44020146
0,1,1,1,0,0,0,0,0,0,0,0,0.25,0.290235,0.26501283
0,1,1,1,0,0,0,0,0,0,0,0,0.19,0.32653686,0.3122247
0,1,1,0,0,0,0,1,0,0,1,0,0.3,0.30976212,0.2634797
0,1,1,1,0,0,0,0,0,0,1,0,1.0,0.41680732,0.4529844
0,1,1,1,0,0,0,0,0,0,0,0,0.36,0.3967081,0.41707093
0,1,1,1,0,0,0,0,1,0,0,0,1.0,0.71399003,0.7646407
0,1,1,1,0,0,0,0,0,0,0,0,0.4,0.26982772,0.23987469
0,1,1,1,0,0,0,1,0,0,1,0,0.98,0.5261159,0.5960831
0,1,1,1,0,0,0,1,1,0,0,0,0.24,0.2992216,0.26215792
0,1,1,1,0,0,0,0,0,0,0,0,0.54,0.48103017,0.5688547
0,1,1,1,0,0,0,0,1,1,0,0,0.34,0.3969199,0.404943
0,1,1,1,0,1,0,0,0,0,0,0,0.2,0.33055416,0.34267288
0,0,0,1,0,0,0,0,1,1,0,0,0.19,0.3199623,0.28801084
0,1,1,1,0,0,0,0,0,0,0,0,0.2,0.25186747,0.22064051
0,1,1,1,0,0,0,0,0,0,0,0,0.21,0.29596248,0.2722975
0,1,1,1,0,0,0,0,0,0,0,0,0.03,0.35111353,0.34675336
0,0,1,1,0,0,0,0,0,0,0,0,0.26,0.3264205,0.30203396
0,1,1,1,0,0,0,0,0,0,0,0,0.18,0.30096027,0.27868286
0,1,1,1,0,0,0,0,0,0,0,0,0.29,0.3782184,0.38765725
0,1,1,0,0,0,1,0,0,0,0,0,0.36,0.3812477,0.39791137
0,1,1,0,0,0,0,0,0,0,0,0,0.43,0.3345314,0.32650685
0,1,1,1,0,0,0,0,0,0,0,0,0.46,0.52531177,0.6321645
0,0,1,1,0,0,0,0,0,0,0,1,0.92,0.5281613,0.62006426
0,1,1,0,0,1,0,1,0,0,0,0,0.77,0.7314011,0.8418608
0,0,1,1,0,0,0,0,0,0,0,0,0.83,0.5016302,0.56705177
0,1,1,1,0,0,0,0,0,0,0,0,1.0,0.7494959,0.8235291
0,1,1,1,0,0,0,0,0,0,0,0,0.11,0.28381193,0.25695395
0,1,1,1,0,0,0,0,1,0,0,0,0.55,0.6327712,0.68863976
0,0,0,1,0,0,1,0,0,0,0,1,0.31,0.30193952,0.22613017
0,1,1,0,0,0,0,0,0,0,0,0,0.22,0.30334732,0.27995777
0,1,1,1,0,0,0,0,0,0,0,0,0.26,0.32630375,0.31191453
0,1,1,1,0,0,0,0,0,0,0,0,0.61,0.4809773,0.5687655
0,1,1,1,0,0,0,0,1,0,0,0,1.0,0.6609503,0.7177692
0,1,1,1,0,0,0,0,0,0,0,0,0.74,0.44283476,0.49943265
0,1,1,1,0,0,0,0,1,1,0,0,0.31,0.37605977,0.37395757
0,1,1,1,0,0,0,0,0,0,0,0,0.23,0.33930963,0.32972702
0,1,1,1,0,0,0,0,1,1,0,0,0.24,0.42806584,0.4526852
0,1,1,1,0,0,0,0,0,0,0,0,0.42,0.446922,0.50718725
0,0,1,1,0,0,0,0,0,0,0,1,0.35,0.42553234,0.42124003
1,1,1,1,0,0,0,0,0,0,0,0,0.21,0.24690369,0.22788915
0,1,1,0,0,0,0,0,0,0,0,0,0.24,0.2941391,0.26731944
0,0,0,1,0,0,0,0,0,0,0,0,0.3,0.34875083,0.34106028
0,1,1,1,0,0,0,0,0,0,0,0,0.32,0.31074116,0.29136223
0,1,1,0,0,0,0,1,0,0,0,0,0.42,0.39293933,0.44677344
0,0,1,1,0,0,0,0,0,0,0,0,0.37,0.28710458,0.2507441
0,1,1,1,0,0,0,0,1,1,0,0,0.67,0.46374995,0.51366585
0,0,1,1,0,0,0,0,0,0,0,0,1.0,0.7737573,0.80793965
0,1,1,1,0,0,0,0,0,0,0,0,0.24,0.26018006,0.22908083
0,1,1,1,0,1,0,0,0,0,0,0,0.43,0.36875802,0.3899766
0,1,1,1,0,0,0,0,0,0,0,0,0.55,0.3917575,0.40901074
0,1,1,1,0,0,0,0,0,0,0,0,0.42,0.39669955,0.41705695
0,1,1,1,0,0,0,0,0,0,0,0,0.23,0.34513348,0.3380749
0,1,1,1,0,0,0,0,1,1,0,0,0.48,0.28046024,0.2541345
0,1,1,1,0,0,0,1,0,1,1,0,0.4,0.59918654,0.6728366
0,1,1,1,0,0,0,0,0,0,0,0,0.38,0.29994553,0.27738228
0,1,1,1,0,0,0,0,0,0,0,0,0.27,0.303592,0.28207237
0,1,1,1,0,0,0,0,0,1,1,0,0.77,0.42124072,0.4503963
0,0,1,1,0,0,0,0,0,0,0,1,0.23,0.27589294,0.21893188
0,1,1,1,0,0,0,1,0,0,0,0,0.65,0.35889757,0.3310826
0,1,1,1,0,0,0,0,0,0,0,0,0.2,0.37835735,0.38787287
0,1,1,1,0,0,1,0,0,0,0,0,0.42,0.37879023,0.38451988
0,1,1,0,0,0,1,0,0,0,0,0,0.44,0.41828603,0.46862403
0,1,1,0,0,0,0,0,1,1,0,0,0.07,0.29450935,0.27591908
0,1,1,1,0,0,0,0,0,0,0,0,0.79,0.4585689,0.529055
0,1,1,1,0,0,1,0,0,0,0,0,0.29,0.31802762,0.29691845
0,1,1,1,0,0,0,0,0,0,0,0,0.29,0.3152956,0.2973284
0,1,1,1,0,0,0,0,1,0,0,0,0.34,0.30117115,0.2870491
0,1,1,1,0,1,0,0,0,0,0,0,0.23,0.3678681,0.38885394
0,0,1,1,0,0,0,0,0,0,0,1,0.58,0.43612385,0.44027513
0,1,1,1,0,0,0,0,1,0,0,0,0.23,0.36785764,0.3758249
0,1,1,1,0,0,0,0,1,1,0,0,1.0,0.4781456,0.5383353
0,1,1,1,0,0,0,0,0,0,0,0,0.41,0.27849263,0.25033388
0,0,1,1,0,0,0,0,1,1,0,0,0.36,0.41790342,0.4256305
0,1,1,1,0,0,0,0,0,0,0,0,0.43,0.44325954,0.5002252
0,1,1,0,0,0,1,1,0,0,0,0,0.24,0.31399366,0.30627775
0,0,1,1,0,0,0,0,0,0,0,1,0.3,0.29526916,0.24001782
0,1,1,0,0,0,0,0,0,0,0,0,0.35,0.32716554,0.31493634
0,1,1,0,0,1,0,1,0,0,0,0,0.06,0.3464051,0.30233067
0,1,1,1,0,0,0,0,0,0,0,0,0.32,0.33960986,0.3301548
0,1,1,0,0,1,0,0,1,0,0,0,0.54,0.41353288,0.4454444
0,1,1,1,0,0,0,0,0,1,0,0,0.27,0.3778611,0.38863286
0,1,1,1,0,1,0,0,0,0,0,0,0.37,0.44778568,0.50475043
0,0,1,1,0,0,0,0,0,0,0,0,0.25,0.298085,0.26397568
0,1,1,1,0,0,0,0,0,1,0,0,0.48,0.31204087,0.29665893
0,0,0,1,0,0,0,0,0,0,0,0,0.26,0.32223433,0.3016444
0,1,1,1,0,0,0,0,0,0,0,0,0.27,0.2692858,0.23924372
0,1,1,1,0,0,0,0,0,0,0,0,0.33,0.4098823,0.4395473
0,1,1,1,0,0,0,0,1,0,0,0,0.84,0.61662114,0.6737865
0,1,1,1,0,0,0,0,0,0,0,0,0.07,0.38150015,0.3927619
0,0,0,1,0,0,0,0,0,0,0,0,0.31,0.42631665,0.48127395
0,1,1,0,0,0,0,0,0,0,0,0,0.55,0.4981958,0.613345
0,1,1,0,0,0,1,0,0,0,0,0,0.25,0.3514325,0.34641168
0,1,1,1,0,0,0,0,1,1,0,0,0.32,0.2912916,0.26564685
0,0,1,1,0,0,0,0,1,1,0,1,0.36,0.32266527,0.3017603
0,1,1,1,0,0,1,0,0,1,0,0,0.93,0.411205,0.42806607
1,1,1,1,0,0,0,0,0,0,0,0,0.32,0.42842308,0.47763672
0,1,1,1,0,0,0,0,0,0,0,0,0.49,0.28794518,0.262131
0,1,1,1,0,0,0,0,0,0,0,0,0.29,0.45076472,0.5144946
0,1,1,1,0,0,0,0,1,1,0,0,0.57,0.37895334,0.37819034
0,1,1,1,0,0,0,0,0,0,0,0,0.34,0.2975933,0.27438197
0,1,1,1,0,0,0,0,1,1,0,0,0.47,0.38939953,0.3936243
0,1,1,1,0,0,0,0,0,0,0,0,0.22,0.273269,0.24395308
1,1,1,0,0,0,0,0,0,0,0,0,0.13,0.26828057,0.19633137
0,1,1,1,0,0,1,0,0,0,0,0,0.51,0.27911338,0.24764495
0,1,1,1,0,0,0,0,0,0,0,0,0.23,0.3283723,0.3146725
0,1,1,1,0,0,0,0,0,0,0,0,0.03,0.27481964,0.2458297
0,0,0,1,0,0,0,0,0,0,0,0,0.27,0.27940053,0.24902268
0,1,1,0,0,0,1,0,0,0,0,0,0.34,0.30946922,0.28482026
0,1,1,1,0,0,1,1,0,0,0,0,0.39,0.38810012,0.4201913
0,0,1,0,0,0,0,1,0,0,0,1,0.35,0.30321652,0.18948881
0,1,1,1,0,0,0,0,0,0,1,0,0.42,0.32175043,0.29882017
0,1,1,0,0,1,0,0,0,0,0,0,1.0,0.5208464,0.6612812
0,1,1,1,0,0,0,0,1,1,0,0,0.37,0.41099676,0.4263069
1,1,1,1,0,0,0,0,0,0,0,0,0.09,0.43788567,0.49226785
0,1,1,0,0,0,0,0,0,1,0,0,0.41,0.37444115,0.3629462
0,1,1,1,0,0,0,0,0,0,0,0,0.53,0.5435527,0.6547617
0,1,1,0,0,0,0,0,0,0,0,0,0.19,0.28124183,0.25141516
0,1,1,1,0,0,0,0,0,0,0,0,0.31,0.29335263,0.26896816
0,1,1,1,0,0,0,0,0,0,0,0,0.28,0.33371896,0.3219338
0,1,1,0,0,0,0,0,0,0,0,0,0.42,0.35827735,0.36514392
0,1,1,1,0,0,0,0,0,0,0,0,0.33,0.28199196,0.25467652
0,1,1,1,0,0,0,0,1,1,0,0,0.14,0.35347623,0.34198514
0,1,1,1,0,0,0,1,0,0,0,0,0.62,0.3597389,0.33226722
0,1,1,1,0,1,0,0,0,0,0,0,0.3,0.3277951,0.3393059
0,0,1,1,0,1,0,1,0,0,0,1,0.32,0.34554404,0.29634172
0,0,0,1,0,1,0,0,0,0,0,0,0.28,0.43810052,0.4287879
0,1,1,1,0,0,0,0,1,0,0,0,0.43,0.456112,0.50748825
0,1,1,1,0,0,0,0,0,0,0,0,0.78,0.40294427,0.42743555
0,1,1,1,0,0,1,0,0,0,0,0,0.33,0.3300817,0.31321627
0,1,1,1,0,0,1,0,0,0,0,0,0.6,0.36349016,0.36121997
0,0,0,1,0,0,0,0,0,0,0,0,0.52,0.37953225,0.39190558
0,1,1,1,0,0,0,0,0,0,0,0,0.36,0.35613766,0.35412508
0,0,1,1,0,0,1,0,0,0,0,0,0.05,0.41457343,0.4490326
0,0,0,1,0,0,0,0,0,0,0,0,0.23,0.30125242,0.2743612
0,1,1,1,0,0,0,0,0,0,0,0,0.21,0.3224817,0.30685216
0,1,1,1,0,0,0,0,0,1,0,0,0.25,0.2715785,0.24829563
0,0,1,1,0,0,0,0,0,0,0,1,0.22,0.31768787,0.2663103
0,1,1,1,0,0,0,0,0,0,0,0,0.38,0.38781804,0.4026741
0,1,1,1,0,0,0,1,0,0,1,0,0.31,0.4223667,0.46005473
0,0,1,1,0,0,0,0,0,0,0,1,0.08,0.27736568,0.22047046
0,1,1,1,0,0,0,0,0,0,0,0,0.68,0.5370797,0.64684325
0,1,1,1,0,0,0,0,0,0,0,0,0.24,0.37934762,0.38941097
0,1,1,1,0,0,0,0,0,0,0,0,0.27,0.34787634,0.34204227
0,1,1,1,0,0,1,0,0,1,0,0,0.35,0.31190497,0.29236597
0,1,1,1,0,0,0,0,0,0,0,0,0.26,0.2762496,0.2475765
0,0,1,1,0,0,0,0,1,1,0,1,0.26,0.34524944,0.32990015
0,1,1,1,0,0,0,0,0,0,0,0,0.28,0.30314946,0.28150073
0,1,1,1,0,0,0,0,0,0,0,0,0.33,0.32294315,0.30746123
0,1,1,1,0,0,0,0,0,0,0,0,0.36,0.3759452,0.38413572
0,1,1,1,0,0,0,0,0,0,0,0,0.47,0.6305069,0.73836297
0,1,1,1,0,0,0,0,0,1,0,0,0.37,0.27920738,0.2568637
0,1,1,1,0,0,0,0,1,1,0,0,0.27,0.3435337,0.32899404
0,1,1,1,0,0,0,0,0,0,0,0,0.25,0.33797106,0.32782596
0,1,1,1,0,0,0,0,0,0,0,0,0.29,0.31551963,0.29762366
0,1,1,1,0,0,0,0,0,0,0,0,0.43,0.3114775,0.2923228
0,1,1,1,0,0,0,0,0,0,0,0,0.33,0.2859829,0.25967032
0,1,1,1,0,0,0,0,0,0,0,0,0.45,0.37313646,0.37980133
0,0,1,0,0,0,1,0,0,0,0,0,0.37,0.38391277,0.39931014
0,1,1,0,0,0,0,0,1,0,0,0,0.26,0.31653625,0.29664606
0,1,1,1,0,0,0,0,0,0,0,0,0.56,0.7011638,0.79482764
0,1,1,1,0,0,0,0,0,0,0,0,0.79,0.4753523,0.55911064
0,0,0,1,0,0,0,0,1,1,0,0,0.41,0.2985505,0.26184556
0,1,1,1,0,0,0,0,1,1,0,0,0.38,0.37190765,0.36791748
0,1,1,1,0,0,1,0,0,0,0,0,0.22,0.31315023,0.29035038
0,1,1,1,0,0,0,0,0,0,0,0,0.25,0.28998694,0.26469964
0,0,0,1,0,0,0,0,0,0,0,0,0.24,0.2965357,0.26861745
0,1,1,0,0,0,0,0,0,0,1,0,0.29,0.2875403,0.2268106
0,1,1,1,0,0,0,0,0,0,0,0,0.33,0.25364,0.2224339
0,1,1,1,0,0,0,0,0,0,0,0,0.21,0.25803196,0.22686803
0,0,1,1,0,0,0,0,0,0,0,0,0.6,0.628561,0.70935047
0,1,1,1,0,0,0,0,0,0,0,0,0.35,0.49662393,0.5929592
0,1,1,0,0,0,0,0,0,0,0,0,0.24,0.26041493,0.22786143
0,1,1,1,0,0,0,0,0,0,0,0,0.58,0.33404967,0.32238734
0,0,0,1,0,0,0,0,0,0,0,1,0.33,0.32989192,0.25091064
0,1,1,1,0,0,0,0,0,0,0,0,0.25,0.2607675,0.22970982
0,1,1,1,0,0,0,0,0,0,0,0,0.45,0.5601136,0.67365104
0,0,1,1,0,0,0,0,0,0,0,1,0.49,0.35432827,0.313489
0,1,1,1,0,0,0,0,1,1,0,0,0.06,0.32957366,0.31123215
0,1,1,1,0,0,0,0,0,0,0,0,1.0,0.509394,0.6111228
0,1,1,1,0,0,0,0,1,1,0,0,1.0,0.5030779,0.5772092
0,1,1,1,0,0,0,0,0,0,0,0,0.32,0.3392896,0.3296985
0,1,1,1,0,0,0,0,1,0,0,0,0.38,0.3275544,0.32106423
0,1,1,1,0,0,0,0,0,0,0,0,0.33,0.32157028,0.3056512
0,1,1,0,0,0,0,0,0,0,0,0,0.3,0.31798816,0.30102253
0,1,1,1,0,0,0,0,0,0,0,0,0.31,0.5860414,0.69826984
1,1,1,1,0,0,0,0,0,0,0,0,0.3,0.3590627,0.36929423
0,0,1,1,0,0,0,0,1,1,0,0,0.13,0.2680059,0.23135114
0,0,1,1,0,0,0,0,0,0,0,1,0.22,0.26962194,0.21255298
0,1,1,1,0,0,1,0,1,0,0,0,0.35,0.39093837,0.36630195
0,1,1,1,0,0,0,0,1,1,0,0,0.36,0.38708168,0.39015913
0,1,1,1,0,0,0,0,0,0,0,0,0.38,0.37966424,0.38990325
0,1,1,1,0,0,0,0,0,0,0,0,0.24,0.27204466,0.24247849
0,0,0,0,0,1,0,0,0,0,0,0,0.4,0.34072465,0.30763087
0,1,1,1,0,0,1,0,1,1,0,0,0.94,0.7225903,0.8306886
0,1,1,1,0,1,0,0,0,0,0,0,0.33,0.35228536,0.3693929
0,1,1,1,0,1,0,0,0,0,0,0,0.31,0.31785023,0.32730207
0,0,0,1,0,0,0,0,0,0,0,0,0.29,0.31843418,0.29643875
0,1,1,1,0,0,1,0,0,0,0,0,0.23,0.29361165,0.2650804
0,1,1,1,0,1,0,0,0,0,0,0,0.86,0.48465008,0.56220925
0,0,0,1,0,0,0,0,0,0,0,0,0.28,0.34052008,0.32819605
0,1,1,1,0,0,0,0,0,0,0,0,0.3,0.36542836,0.36800644
0,1,1,1,0,0,0,0,0,0,0,0,0.3,0.34888992,0.34351403
0,0,1,1,0,0,0,0,1,1,0,1,1.0,0.5976462,0.7505835
0,1,1,1,0,0,0,0,0,0,0,0,0.34,0.5157331,0.61980313
0,0,1,0,0,0,0,0,0,0,0,0,0.12,0.32405776,0.29936576
0,1,1,1,0,0,0,0,0,0,0,0,0.4,0.39442438,0.41334677
0,1,1,1,0,0,0,0,0,0,0,0,0.25,0.3274911,0.31349596
0,1,1,0,0,0,1,0,0,0,0,0,0.35,0.34701636,0.33947626
0,1,1,0,0,0,0,0,0,0,1,0,0.24,0.2679657,0.20780015
0,1,1,1,0,0,0,0,0,0,0,0,1.0,0.62769026,0.73576367
0,1,1,0,0,0,1,0,0,1,0,0,0.26,0.34014344,0.3568778
0,1,1,1,0,0,0,0,1,1,0,0,0.34,0.28879994,0.26294872
0,1,1,1,0,0,0,0,0,0,0,0,1.0,0.7848341,0.8403106
0,1,1,1,0,0,0,0,0,0,0,0,0.31,0.29137042,0.2664493
0,1,1,1,0,0,0,0,0,0,0,0,0.15,0.28325236,0.25625348
0,1,1,1,0,0,0,0,0,0,0,0,0.37,0.3593264,0.35884073
0,1,1,1,0,0,0,0,0,0,0,0,0.38,0.3194021,0.30276456
0,0,0,0,0,0,1,0,0,0,0,0,0.26,0.30591998,0.25829142
0,1,1,0,0,1,0,1,0,0,1,0,0.4,0.32696742,0.27038634
0,1,1,0,0,0,0,0,0,0,0,0,0.18,0.30050912,0.2760224
0,1,1,1,0,0,0,0,0,0,0,0,0.24,0.3263604,0.31198984
0,1,1,1,0,0,0,0,1,0,1,0,0.26,0.37279972,0.31788749
0,1,1,0,0,0,0,0,0,0,0,0,0.33,0.29580912,0.2695829
0,1,1,1,0,0,0,0,0,0,0,0,0.42,0.33540788,0.32426327
0,1,1,1,0,0,0,0,0,0,0,0,0.43,0.28482822,0.2582232
0,1,1,1,0,0,0,0,0,0,0,0,0.15,0.47063988,0.5508173
0,0,1,0,0,0,0,0,0,0,0,0,0.32,0.32480448,0.3003688
0,1,1,1,0,0,0,0,0,0,0,0,0.43,0.3770538,0.38585165
1,1,1,1,1,0,0,0,0,0,0,0,0.32,0.39521557,0.3304335
0,1,1,1,0,0,0,0,0,0,0,0,0.79,0.32677048,0.31253564
0,1,1,1,0,0,0,0,0,0,0,0,0.31,0.32679313,0.31256577
0,1,1,1,0,0,1,0,0,0,0,0,0.44,0.40219307,0.42152604
0,1,1,1,0,0,0,0,0,0,0,0,0.22,0.28769127,0.2618127
0,1,1,1,0,0,0,1,0,0,0,0,0.16,0.31008273,0.2684764
0,1,1,1,0,0,0,0,0,0,0,0,0.2,0.31440717,0.2961594
0,1,1,1,0,1,0,0,0,0,0,0,0.24,0.3055362,0.31293398
0,1,1,1,0,0,0,0,1,1,0,0,0.28,0.39474776,0.40166387
0,0,0,1,0,0,0,0,0,0,0,0,0.28,0.30924067,0.28428674
0,1,1,1,0,0,0,0,0,0,0,0,0.31,0.3432655,0.33538598
0,1,1,1,0,0,0,0,0,0,0,0,0.31,0.31663117,0.29909092
0,1,1,1,0,0,0,0,0,0,0,0,0.27,0.30428714,0.2829718
0,1,1,1,0,0,0,0,0,0,0,0,0.32,0.25607747,0.22487926
0,1,1,1,0,0,0,0,0,0,0,0,0.45,0.30098167,0.2787103
0,0,0,1,0,0,0,0,0,0,0,0,0.22,0.26906842,0.23803452
0,1,1,1,0,0,0,0,0,0,0,0,0.3,0.2687593,0.23863184
0,1,1,1,0,0,0,0,0,0,0,0,0.15,0.30919084,0.28934303
0,0,0,0,0,0,0,0,0,0,0,0,0.22,0.30755028,0.24899797
0,1,1,1,0,0,0,0,0,0,0,0,0.18,0.32967252,0.31641287
0,1,1,1,0,0,0,0,0,0,0,0,0.14,0.29667643,0.27321276
0,1,1,1,0,0,0,0,0,0,0,0,0.29,0.5296395,0.63760287
0,1,1,0,0,0,0,0,0,0,0,0,0.05,0.60641956,0.75624967
0,1,1,1,0,0,0,0,0,0,0,0,0.25,0.27380186,0.2445968
0,1,1,1,0,0,1,0,0,0,0,0,0.42,0.30632386,0.2812975
1,1,1,1,0,0,0,0,0,0,0,0,0.26,0.31847283,0.31196684
0,0,1,1,0,0,0,0,1,1,0,1,0.27,0.39581984,0.40099454
0,1,1,1,0,0,0,0,0,0,0,0,0.27,0.3186941,0.30182427
0,1,1,1,0,0,0,0,0,0,0,0,0.29,0.39643052,0.41661778
0,1,1,1,0,0,0,0,0,0,0,0,0.16,0.27761644,0.24925432
0,1,1,1,0,0,1,0,0,0,0,0,0.32,0.32234874,0.30273494
0,1,1,1,0,0,0,0,0,0,0,0,0.51,0.3945159,0.41349584
0,1,1,1,0,0,0,0,1,1,0,0,0.35,0.29484197,0.269508
0,1,1,1,0,0,1,0,0,0,0,0,0.64,0.46486157,0.5326473
0,1,1,1,0,0,0,0,0,0,0,0,0.68,0.6164324,0.72529966
0,1,1,1,0,0,0,0,1,1,0,0,0.12,0.29659137,0.27141947
0,1,1,1,0,0,0,0,0,0,0,0,0.29,0.3433482,0.3355048
0,0,1,1,0,1,0,0,0,0,0,0,0.44,0.37872854,0.4202432
0,0,0,1,0,0,0,0,0,0,0,0,0.34,0.37219813,0.3793734
0,1,1,1,0,0,0,0,1,1,0,0,0.1,0.4719712,0.5278267
0,1,1,0,0,0,0,0,0,0,0,0,0.35,0.32825598,0.31661153
0,1,1,1,0,0,0,0,0,0,0,0,0.75,0.50886244,0.6103791
0,1,1,1,0,0,0,0,0,0,0,0,0.32,0.32405734,0.30893463
0,1,1,1,0,0,0,0,0,0,0,0,0.34,0.28886306,0.26328373
0,1,1,1,0,0,0,0,0,0,0,0,0.22,0.36910975,0.37362102
0,0,1,1,0,0,0,0,0,0,0,0,0.46,0.4551509,0.49401322
0,1,1,1,0,1,0,0,0,0,0,0,0.23,0.62101984,0.71066844
0,0,1,1,0,0,0,0,0,0,0,1,0.82,0.44529042,0.4573695
0,1,1,1,0,0,0,0,0,0,0,0,0.42,0.42577523,0.4680287
0,1,1,1,0,0,0,0,0,0,0,0,0.49,0.32124358,0.3052166
0,1,1,1,0,0,0,0,0,0,0,0,0.3,0.2622967,0.23135276
0,0,1,1,0,0,0,0,0,0,0,0,0.34,0.3185269,0.2908944
0,1,1,0,0,0,1,0,0,0,0,0,0.33,0.3588552,0.35857958
0,1,1,1,0,0,0,0,1,1,0,0,0.38,0.42007375,0.44011348
0,1,1,1,0,0,0,0,1,0,0,0,1.0,0.3570227,0.36078256
0,1,1,0,0,0,1,0,0,1,0,0,0.36,0.3786282,0.4191053
0,0,0,1,0,0,0,0,0,0,0,0,0.12,0.2854754,0.2558071
0,0,1,1,0,0,0,0,0,0,0,1,0.16,0.3008233,0.2463601
0,1,1,1,0,0,0,0,0,0,0,0,0.16,0.27377787,0.2445678
0,1,1,1,0,0,0,0,1,0,0,0,0.5,0.56956255,0.63137597
0,1,1,1,0,0,0,0,0,0,0,0,0.28,0.35672373,0.35498968
0,0,0,1,0,0,1,0,0,0,0,0,0.65,0.5426141,0.7041133
0,1,1,1,0,0,1,0,0,0,1,0,0.33,0.33738592,0.29967746
0,1,1,1,0,0,0,0,1,1,0,0,0.18,0.281585,0.2553072
0,1,1,1,0,0,1,0,0,0,1,0,0.34,0.36787882,0.34126973
0,0,1,1,0,0,0,0,0,0,0,1,0.27,0.32731277,0.27817488
0,0,0,0,0,0,0,0,1,1,0,1,0.26,0.38714257,0.30120158
0,1,1,1,0,0,0,0,1,1,0,0,0.25,0.45026255,0.49026528
0,0,0,1,0,0,0,0,0,0,0,0,0.28,0.29948813,0.27218515
0,1,1,1,0,1,0,0,1,1,0,0,0.35,0.46829256,0.49867448
0,1,1,0,0,0,1,0,0,0,0,0,0.29,0.3156384,0.29312176
0,1,1,1,0,0,0,0,0,0,0,0,0.46,0.3318531,0.3193814
0,1,1,0,0,0,0,0,0,0,1,0,0.24,0.2615655,0.20189905
0,1,1,1,0,0,0,0,0,0,0,0,0.12,0.2956294,0.27187115
0,1,1,1,0,0,0,0,0,0,0,0,0.46,0.46551257,0.54165995
0,0,1,1,0,0,0,0,0,0,0,1,0.18,0.27462652,0.21763194
0,1,1,1,0,0,0,0,1,0,0,0,0.4,0.29849172,0.28372738
0,1,1,1,0,0,0,0,0,0,0,0,0.25,0.27132624,0.24162237
0,0,1,1,0,0,0,0,0,0,0,0,0.26,0.32781026,0.30402243
1,1,1,1,0,0,0,0,0,0,0,0,1.0,0.43322906,0.48513713
0,0,1,1,0,0,0,0,0,0,0,1,0.43,0.41473246,0.40260983
0,1,1,1,0,0,0,0,0,0,0,0,0.02,0.2679413,0.2376833
0,1,1,1,0,0,0,0,0,0,0,0,0.63,0.43841347,0.49118528
0,1,1,1,0,0,0,0,1,1,0,0,0.43,0.31463093,0.29276544
0,1,1,1,0,0,0,0,1,1,0,0,0.59,0.3557712,0.34511507
0,1,1,1,0,0,0,0,0,0,0,0,0.58,0.4102971,0.44028196
1,1,1,1,0,0,0,0,0,0,0,0,0.27,0.49567828,0.56870675
0,1,1,1,0,0,0,0,0,0,0,0,0.12,0.31231403,0.29341573
0,1,1,1,0,0,0,0,0,0,0,0,0.26,0.30397525,0.282568
0,1,1,0,0,0,0,0,0,0,0,0,0.38,0.34812605,0.34847862
0,1,1,1,0,0,0,0,0,0,0,0,0.25,0.2699829,0.24005547
0,1,1,1,0,0,0,0,0,0,0,0,1.0,0.35391968,0.35086185
0,1,1,1,0,0,0,0,0,0,0,0,0.25,0.3256139,0.31099772
0,1,1,1,0,0,0,0,0,0,0,0,0.44,0.58082163,0.6936188
0,1,1,1,0,0,0,0,0,0,0,0,0.35,0.36783814,0.37167776
0,1,1,1,0,0,0,0,1,0,0,0,0.3,0.28016353,0.26174504
0,1,1,1,0,0,0,0,0,0,0,0,0.31,0.34718493,0.34104007
0,1,1,1,0,1,0,0,0,0,0,0,0.22,0.29356775,0.2992402
0,1,1,1,0,1,1,1,0,0,1,0,0.8,0.492706,0.6621448
0,0,0,1,0,0,0,0,0,0,0,1,0.22,0.364552,0.30393898
0,1,1,1,0,0,0,0,0,1,0,0,0.2,0.33968017,0.3328082
0,0,1,1,0,0,0,0,0,0,0,0,0.16,0.32608166,0.30155027
0,1,1,1,1,0,1,0,0,0,0,0,0.43,0.42814308,0.49626598
0,1,1,1,0,0,0,0,0,0,0,0,0.56,0.27473956,0.24573238
0,1,1,1,0,0,0,0,0,0,0,0,0.45,0.32217342,0.30644566
0,0,0,0,0,0,1,0,0,0,0,0,0.31,0.34865695,0.32699293
0,1,1,1,0,0,0,0,0,0,0,0,0.24,0.34386396,0.3362463
0,1,1,1,0,0,0,0,0,0,0,0,0.37,0.29452688,0.2704629
0,1,1,1,0,0,0,0,0,0,0,0,0.22,0.3175947,0.3003662
0,0,1,1,0,0,1,0,0,0,0,0,0.27,0.3383308,0.3438094
0,0,1,1,0,0,0,0,0,0,0,0,0.62,0.36008906,0.3509962
0,0,1,1,0,0,0,0,1,0,0,0,0.36,0.30888802,0.3006658
0,1,1,1,0,0,0,0,0,0,0,0,0.17,0.3598129,0.35956258
0,1,1,1,0,0,0,0,0,0,0,0,0.25,0.30493006,0.28380513
0,1,1,0,0,0,1,1,1,1,0,0,0.3,0.3628259,0.41511163
0,1,1,1,0,0,0,0,0,0,0,0,0.17,0.27060437,0.24077916
0,1,1,1,0,0,0,0,0,0,0,0,0.23,0.32455397,0.30959204
0,1,1,1,0,0,0,0,1,0,0,0,0.43,0.34390125,0.34292862
0,1,1,1,0,0,0,0,0,0,0,0,0.58,0.42735186,0.4708782
0,1,1,1,0,0,0,0,0,0,0,0,0.31,0.4090444,0.4380633
0,1,1,1,0,0,0,0,0,0,0,0,0.46,0.4221521,0.46150607
0,1,1,0,0,0,0,1,0,0,1,0,0.19,0.3135803,0.26866525
0,1,1,1,0,0,1,0,0,0,0,0,0.24,0.30604178,0.280927
0,1,1,0,0,1,0,1,0,0,1,0,0.29,0.30120075,0.23803301
0,0,0,1,0,0,0,0,0,0,0,0,0.2,0.26923177,0.23820081
0,0,0,1,0,0,0,0,0,0,0,0,0.72,0.54840815,0.6633391
0,1,1,1,0,0,0,0,0,0,0,0,0.27,0.4132577,0.4455586
0,1,1,1,0,1,0,0,0,0,0,0,0.52,0.3187419,0.3283494
0,1,1,1,0,0,0,0,0,0,0,0,0.3,0.36169627,0.36236328
0,0,0,0,0,0,0,0,0,0,0,0,0.32,0.4083898,0.41592664
0,1,1,1,0,0,0,0,0,0,0,0,0.29,0.33554924,0.32445917
0,1,1,1,0,1,0,0,0,0,0,0,0.19,0.27601779,0.27991813
0,0,1,1,0,0,0,0,1,1,0,0,0.12,0.40062875,0.39922166
0,1,1,1,0,0,1,0,0,0,0,0,0.49,0.32920796,0.3120249
0,1,1,0,0,0,0,1,1,1,1,0,0.23,0.35150704,0.30387473
0,1,1,1,0,0,0,0,1,0,0,0,0.03,0.4202246,0.45287594
0,0,1,0,0,0,0,0,0,0,0,0,0.43,0.48511392,0.526806
0,0,0,1,0,0,0,0,0,0,0,0,0.04,0.3842755,0.40035325
0,1,1,1,0,0,0,0,0,0,0,0,0.24,0.34309012,0.33513403
0,1,1,1,0,0,1,0,0,0,0,0,0.44,0.3220186,0.3022905
0,0,1,1,0,0,0,0,0,0,0,0,0.23,0.33830318,0.3191557
0,0,0,1,0,0,0,0,0,0,0,1,0.3,0.31482077,0.2318445
0,1,1,1,0,0,0,0,0,0,0,0,0.75,0.41236448,0.44396335
0,1,1,1,0,0,0,0,0,0,0,0,0.38,0.41619405,0.45081058
0,0,1,1,0,0,0,0,0,0,0,0,0.69,0.653815,0.72851175
0,1,1,1,0,0,0,0,0,0,0,0,0.05,0.35680684,0.3551124
0,0,1,0,0,0,1,0,0,0,0,0,0.27,0.35663313,0.3561787
0,0,1,1,0,0,1,0,0,0,0,0,0.41,0.35901672,0.37161437
0,1,1,1,0,0,0,0,0,0,0,0,0.15,0.34644535,0.33996958
0,1,1,0,0,0,0,0,0,0,0,0,0.3,0.30831993,0.28693634
0,1,1,0,0,0,0,0,0,0,0,0,0.39,0.30248874,0.27876362
0,0,0,1,0,1,0,0,0,0,0,0,0.3,0.40583706,0.38898534
0,1,1,1,0,0,0,0,0,0,0,0,0.38,0.341538,0.3329088
0,1,1,1,0,0,0,0,1,1,0,0,0.72,0.6106512,0.7110244
0,1,1,1,0,0,0,0,0,0,0,0,0.39,0.30197385,0.2799855
0,1,1,1,0,0,0,0,0,0,0,0,0.27,0.33792007,0.32775488
0,1,1,0,0,0,0,0,0,0,0,0,0.5,0.433563,0.4945333
0,1,1,1,0,0,0,0,0,0,1,0,1.0,0.6094682,0.7169162
0,1,1,1,0,0,0,0,0,1,0,0,0.42,0.34600574,0.3417849
0,1,1,1,0,0,0,0,0,0,0,0,0.3,0.34388262,0.33627313
0,1,1,1,0,0,0,0,0,0,0,0,0.43,0.37775794,0.38694295
0,0,1,1,0,0,0,0,1,1,0,0,0.4,0.36648205,0.3509099
1,1,1,1,0,1,0,0,0,0,0,0,0.21,0.2585933,0.23166534
0,0,0,1,0,0,0,0,0,0,0,0,0.6,0.40912732,0.44733143
0,1,1,1,0,1,0,0,0,0,0,0,0.32,0.29343757,0.29909557
0,1,1,1,0,0,0,0,1,1,0,0,0.44,0.34851816,0.33546728
0,1,1,1,0,1,0,0,0,0,0,0,0.34,0.37915224,0.40327674
0,1,1,0,0,0,0,0,0,0,0,0,0.34,0.41486436,0.46088642
0,1,1,1,0,0,0,0,0,0,0,0,0.3,0.3071504,0.28668913
0,1,1,1,0,0,0,0,0,0,0,0,0.3,0.2590867,0.22794664
0,0,1,0,0,1,0,0,0,0,0,0,0.48,0.6428043,0.67615825
0,1,1,1,0,0,0,0,1,1,0,0,0.22,0.31843805,0.29742032
0,1,1,1,0,0,1,0,0,0,0,0,0.5,0.3621507,0.35922164
0,0,1,1,0,0,0,0,0,0,0,0,0.27,0.3403525,0.32215202
0,0,1,1,0,0,0,0,0,0,0,0,0.66,0.68457663,0.7502923
1,1,1,1,0,0,0,0,0,0,0,0,0.81,0.39533707,0.42480153
0,0,0,1,0,0,0,0,1,1,0,1,0.2,0.35592505,0.22214346
0,1,1,1,0,0,0,0,0,0,0,0,0.36,0.27339813,0.24410899
0,1,1,0,0,0,0,0,0,1,0,0,0.39,0.34712785,0.32106918
0,1,1,1,0,0,0,0,0,0,0,0,0.36,0.28474295,0.25811654
0,1,1,0,0,0,0,0,0,0,0,0,0.21,0.2714692,0.24006328
0,0,1,1,0,0,0,0,0,0,0,1,0.62,0.5443125,0.649356
0,0,1,1,1,0,0,0,0,0,0,1,0.29,0.34660038,0.39908725
0,1,1,1,0,0,0,0,0,0,0,0,0.4,0.3472584,0.3411465
0,1,1,1,0,0,0,0,0,0,0,0,0.17,0.28614998,0.25988013
0,1,1,0,0,1,0,1,0,0,1,0,0.18,0.26297167,0.19668268
0,1,1,1,0,0,0,0,0,0,0,0,0.32,0.26523778,0.23460066
0,1,1,1,0,0,0,0,0,0,0,0,0.32,0.36805782,0.37201315
0,1,1,1,0,1,0,0,0,0,0,0,0.45,0.37232906,0.39448255
0,1,1,1,0,0,0,1,1,1,0,0,0.57,0.49385032,0.54944843
0,0,0,1,0,0,0,0,0,1,1,0,0.59,0.43090305,0.4569622
0,1,1,1,0,1,0,0,0,1,1,0,0.18,0.3450114,0.350155
0,1,1,1,0,0,0,1,1,1,0,0,0.4,0.3319715,0.30138737
0,1,1,1,0,0,0,0,0,0,0,0,0.12,0.28974217,0.26439086
0,1,1,1,0,0,0,0,0,0,0,0,0.25,0.33653086,0.32582164
0,0,0,0,0,0,0,0,0,0,0,0,0.17,0.2811934,0.21853904
0,0,0,0,0,0,1,0,0,0,0,0,0.27,0.32112393,0.2808466
0,1,1,1,0,0,1,0,0,0,0,0,0.29,0.2776037,0.24588509
0,1,1,1,0,0,0,0,0,0,0,0,0.45,0.37065464,0.3759874
0,1,1,0,0,0,1,0,0,0,0,0,0.32,0.31274202,0.28919786
0,0,1,1,0,0,0,0,0,1,0,0,0.84,0.51185834,0.5686332
0,0,0,1,0,0,0,0,0,0,0,0,0.26,0.2749056,0.24413285
0,1,1,1,0,0,1,0,0,0,0,0,0.27,0.36502665,0.3634929
0,1,1,1,0,0,0,0,0,0,0,0,0.52,0.45989814,0.53149414
0,1,1,1,0,0,0,0,1,1,0,0,0.22,0.30478615,0.28086796
0,1,1,1,0,0,0,0,1,0,0,0,0.27,0.32053888,0.31183413
0,0,1,1,0,0,0,0,0,0,0,0,0.25,0.3088298,0.27777064
0,1,1,1,0,0,0,0,0,0,0,0,0.37,0.26120818,0.23018248
0,0,1,1,0,0,0,0,0,1,0,0,0.69,0.45315582,0.46027717
0,1,1,1,0,0,0,0,0,0,0,0,0.76,0.3566122,0.3548251
0,1,1,1,0,0,0,0,1,0,0,0,0.83,0.3867435,0.40283212
0,1,1,1,0,0,0,0,0,0,0,0,1.0,0.6947219,0.7904277
0,0,0,1,0,0,0,0,0,0,0,0,0.14,0.40708765,0.4433484
1,1,1,1,1,0,0,0,0,0,0,0,0.17,0.33607468,0.2586912
0,1,1,1,0,0,0,0,0,0,0,0,0.5,0.5577872,0.67116016
0,1,1,1,0,0,0,0,0,0,0,0,1.0,0.46976835,0.54927075
0,1,1,1,0,0,0,0,0,0,0,0,0.09,0.3989367,0.4207143
0,1,1,1,0,1,0,0,0,0,1,0,0.47,0.4548564,0.5365613
0,1,1,1,0,0,0,0,0,0,0,0,0.17,0.29013297,0.264884
0,1,1,0,0,0,1,1,0,0,0,0,0.22,0.29193798,0.27501282
0,1,1,1,0,0,0,0,0,0,0,0,0.25,0.27331394,0.24400738
0,1,1,1,0,0,0,0,0,0,0,0,0.31,0.27752918,0.24914698
0,1,1,1,0,0,0,0,0,0,0,0,0.3,0.28049558,0.2528134
0,0,1,0,1,0,1,0,0,0,0,0,0.18,0.35179776,0.3114929
0,1,1,1,0,1,1,0,0,0,0,0,0.23,0.36296743,0.4053523
0,0,0,1,0,0,0,0,0,0,0,1,0.29,0.30692583,0.22236116
1,1,1,1,0,0,0,0,0,0,0,0,0.18,0.296477,0.2836617
0,1,1,1,0,0,0,0,0,0,0,0,0.59,0.41517863,0.44899312
0,0,1,1,0,0,0,0,0,0,0,1,0.43,0.36018208,0.3215133
1,1,1,1,0,1,0,0,0,0,0,0,0.75,0.35305175,0.34297377
0,1,1,1,0,0,0,0,0,0,0,0,0.12,0.24688785,0.21564594
0,0,1,1,0,1,0,0,0,0,0,1,0.41,0.3248654,0.32239273
0,0,1,1,0,0,0,0,0,0,0,1,0.89,0.61858094,0.7526278
1,1,1,1,0,0,0,0,0,0,0,0,0.27,0.2748924,0.25788555
0,1,1,1,0,0,0,0,1,1,0,0,0.52,0.47170156,0.5273655
0,1,1,1,0,0,0,0,1,0,0,0,0.2,0.269149,0.24923834
0,1,1,1,0,0,0,0,0,0,0,0,0.29,0.2583711,0.22721443
0,0,1,1,0,0,0,0,0,0,0,0,0.45,0.3415443,0.32389668
0,1,1,1,0,0,0,0,0,0,0,0,0.29,0.31515056,0.29713738
0,1,1,1,0,0,0,0,1,0,0,0,0.03,0.6169199,0.6740505
0,0,1,1,0,0,0,0,0,0,0,0,0.4,0.4131481,0.42891288
0,1,1,1,0,0,0,0,0,0,0,0,0.25,0.24545857,0.2142276
0,0,1,1,0,0,0,0,0,1,0,0,0.4,0.46778744,0.48643628
0,1,1,1,0,0,0,0,0,1,0,0,0.75,0.51852053,0.5973207
0,1,1,0,0,0,1,0,0,0,0,0,0.23,0.3333978,0.31852502
0,0,1,1,0,1,0,0,1,0,0,1,0.4,0.39152247,0.38669556
0,1,1,1,0,0,0,0,0,0,0,0,0.77,0.6042894,0.7141427
0,1,1,0,0,0,0,0,1,1,0,0,0.23,0.31895712,0.30756462
0,1,1,1,0,1,0,0,0,0,0,0,0.23,0.29790193,0.30409715
0,1,1,1,0,0,0,0,0,0,0,0,0.22,0.25492966,0.22371754
0,0,1,0,0,0,1,0,0,0,0,0,0.63,0.41673914,0.45138797
0,1,1,1,0,0,0,0,0,0,0,0,0.55,0.4236278,0.46416125
0,1,1,1,0,0,0,0,1,0,0,0,0.44,0.3080725,0.29576564
0,0,1,1,0,1,0,1,0,0,0,1,0.31,0.32736543,0.27437872
0,1,1,1,0,0,0,0,0,0,0,0,0.3,0.59483683,0.7058198
0,1,1,1,0,1,0,0,0,0,0,0,0.2,0.3333202,0.34604058
0,1,1,1,0,0,0,0,0,0,0,0,0.42,0.32330388,0.3079378
0,0,1,1,0,0,0,1,1,1,1,0,0.57,0.4281605,0.48924375
0,1,1,1,0,0,0,0,0,0,0,0,0.22,0.30986124,0.29021686
0,1,1,1,0,0,0,0,1,1,0,0,0.24,0.30349818,0.27933255
1,1,1,1,0,1,0,0,0,0,0,0,0.31,0.2839291,0.25731903
0,1,1,1,0,0,0,0,0,0,0,0,0.34,0.32112157,0.3050538
0,0,1,1,0,0,1,0,0,0,0,1,0.53,0.45888,0.51993275
0,1,1,1,0,0,0,0,0,0,0,0,1.0,0.6138691,0.7228805
0,1,1,1,0,0,1,0,0,0,0,0,0.05,0.36548305,0.3641692
0,0,1,1,0,0,0,0,1,1,0,1,0.62,0.5031881,0.59861743
0,1,1,1,0,0,0,0,0,0,0,0,0.56,0.5360654,0.6455808
0,1,1,1,0,0,0,0,0,0,0,0,0.36,0.35163468,0.3475147
0,0,0,1,0,0,0,0,0,0,0,0,0.68,0.5267941,0.6412529
1,1,1,1,0,0,0,0,0,0,0,0,0.24,0.40546924,0.44087225
0,0,0,1,0,0,0,0,1,0,0,0,0.31,0.31938815,0.29503974
0,1,1,1,0,0,0,0,0,0,0,0,0.44,0.593611,0.70475256
0,1,1,1,0,0,0,0,0,0,0,0,0.32,0.30304655,0.28136784
0,1,1,1,0,0,0,0,0,0,0,0,0.36,0.4440732,0.5017736
0,1,1,1,1,0,0,0,0,0,0,0,0.44,0.35650524,0.35807365
0,1,1,1,0,0,0,0,0,0,0,0,0.59,0.4315154,0.47851944
0,1,1,1,0,0,0,0,0,0,0,0,0.34,0.31781578,0.30065924
0,1,1,1,0,0,0,0,0,0,0,0,0.36,0.2637303,0.2329131
0,1,1,1,0,1,1,1,0,0,0,0,0.58,0.38815376,0.43840724
0,0,1,1,0,0,0,0,0,0,0,0,0.33,0.3664869,0.3602901
0,1,1,1,0,0,0,0,0,0,0,0,0.32,0.33671224,0.32607374
0,1,1,1,0,0,0,0,0,0,1,0,0.21,0.2799243,0.24323933
0,1,1,0,0,0,1,0,0,0,0,0,0.62,0.5138911,0.66287464
0,1,1,1,0,0,0,0,1,1,0,0,1.0,0.5416742,0.6264945
1,1,1,1,0,0,0,0,0,0,0,0,0.72,0.45625287,0.51900613
0,1,1,1,0,0,1,0,0,0,0,0,1.0,0.4577938,0.5196482
0,1,1,1,0,0,0,0,1,1,0,0,0.3,0.49502173,0.5651208
0,1,1,1,0,0,0,0,0,0,0,0,0.3,0.4095232,0.4389111
0,0,1,1,0,0,0,0,0,0,0,0,1.0,0.5660825,0.65265286
0,0,1,1,0,0,1,0,0,0,0,1,0.62,0.35446543,0.3459047
0,0,1,1,0,0,1,0,0,0,0,0,0.17,0.3608606,0.3740615
0,1,1,0,0,0,0,0,0,0,0,0,0.71,0.44641265,0.51765037
0,0,0,1,0,0,1,0,0,0,0,0,0.12,0.3020637,0.2902042
0,1,1,1,0,0,0,0,0,0,0,0,0.7,0.4764557,0.5610325
0,0,1,1,0,0,0,0,0,0,0,0,1.0,0.5646661,0.65106666
0,1,1,1,0,0,0,0,0,0,0,0,1.0,0.51989055,0.6252845
0,1,1,1,0,0,0,0,0,0,0,0,0.39,0.3902107,0.40650502
0,0,1,1,0,0,0,0,0,0,0,1,0.04,0.27528176,0.21830384
0,1,1,1,0,0,0,0,1,1,0,0,1.0,0.60983443,0.71011
0,1,1,1,0,1,0,1,0,1,1,0,0.27,0.3716352,0.38721794
0,1,1,1,0,0,1,0,1,1,0,0,0.25,0.3068265,0.27666327
0,0,1,1,0,0,0,0,1,0,0,1,0.25,0.3612311,0.33438927
0,0,1,1,0,0,0,0,0,0,0,1,0.2,0.28424722,0.22783156
0,1,1,1,0,0,0,0,0,0,0,0,0.44,0.46973324,0.5492081
0,0,1,1,0,0,0,0,0,0,0,0,0.23,0.37970495,0.37937495
0,1,1,1,0,0,0,0,0,0,0,0,0.46,0.4067033,0.4339552
0,1,1,1,0,0,0,0,0,0,0,0,0.15,0.37617332,0.38448852
0,1,1,1,0,0,0,0,0,0,0,0,0.33,0.3258866,0.31135994
0,0,1,1,0,0,0,0,0,0,0,1,0.26,0.2954194,0.24018784
0,1,1,1,0,1,0,0,0,0,0,0,0.61,0.2808842,0.28522956
0,1,1,0,0,0,1,0,0,0,0,0,0.29,0.28743625,0.2565915
0,1,1,1,0,0,0,0,0,0,0,0,0.23,0.33520398,0.32398072
0,1,1,1,0,0,0,0,1,1,0,0,0.54,0.32612833,0.30692258
0,1,1,1,0,0,0,0,0,0,0,0,0.17,0.3391006,0.32942933
0,1,1,1,0,0,0,0,1,1,0,0,0.02,0.31189162,0.28943163
0,1,1,1,0,0,0,1,0,0,1,0,0.33,0.39112252,0.41755337
0,1,1,1,0,0,0,0,0,0,0,0,0.65,0.39372292,0.41220483
0,1,1,0,0,0,0,0,1,1,0,0,0.26,0.3509124,0.35439402
0,0,1,1,0,1,0,0,0,0,0,0,0.12,0.28528467,0.2942578
0,1,1,1,0,0,0,0,0,0,0,0,0.42,0.44326305,0.5002318
0,1,1,1,0,0,1,0,0,0,0,0,0.2,0.29240885,0.26358724
0,1,1,1,0,0,0,0,0,0,0,0,0.24,0.30362433,0.28211415
0,1,1,1,0,0,0,0,0,0,0,0,0.41,0.2955274,0.27174067
0,1,1,1,0,0,0,0,0,0,0,0,0.49,0.29879236,0.27590886
0,1,1,1,0,0,0,0,1,1,0,0,0.55,0.30614978,0.2825032
0,1,1,1,0,0,0,0,0,1,0,0,0.3,0.3335916,0.32448748
0,0,1,0,0,0,0,0,0,0,0,0,0.04,0.5103179,0.5619605
0,0,0,1,0,0,0,0,0,0,0,1,0.24,0.27146205,0.18553832
0,1,1,1,0,0,0,0,0,0,0,0,0.74,0.48027405,0.5675783
0,1,1,1,0,1,0,0,0,0,0,0,0.32,0.42603368,0.47067937
0,1,1,1,0,1,0,0,0,0,0,0,0.29,0.27563518,0.27950212
0,0,1,1,0,0,0,0,0,0,0,0,0.23,0.28333107,0.24634309
0,0,1,1,0,0,0,0,0,1,0,1,0.74,0.47506618,0.58175784
0,1,1,0,0,0,1,0,0,0,0,0,0.41,0.3869842,0.4084217
0,1,1,1,0,0,0,0,1,0,0,0,0.5,0.6187496,0.67572373
0,1,1,1,0,0,0,0,0,0,0,0,0.78,0.54087555,0.6515382
0,1,1,1,0,0,0,0,0,0,0,0,0.23,0.32215175,0.30641708
0,1,1,1,0,0,1,0,0,0,0,0,1.0,0.692015,0.81570256
0,1,1,1,0,0,0,0,0,0,0,0,0.29,0.2764312,0.24779904
0,1,1,1,0,0,0,0,1,0,0,0,0.24,0.30175376,0.28778058
0,1,1,1,0,0,1,0,0,0,0,0,1.0,0.53616965,0.66009396
0,0,0,1,0,0,0,0,0,0,0,0,1.0,0.5777162,0.69012886
0,0,1,1,0,0,0,0,0,0,0,1,0.2,0.3027477,0.24858408
0,0,0,1,0,1,0,0,0,0,0,0,0.53,0.3608715,0.33914262
0,1,1,1,0,0,0,0,1,1,0,0,0.42,0.36417967,0.35684627
0,1,1,1,0,0,0,1,0,0,0,0,0.22,0.4159448,0.4161172
0,1,1,1,0,0,0,0,0,0,0,0,0.29,0.32202065,0.3062443
0,1,1,1,0,0,0,0,1,1,0,0,0.53,0.5342235,0.617706
0,1,1,1,0,0,0,0,0,0,0,0,0.22,0.23400354,0.20314196
0,0,0,0,0,0,1,0,0,0,0,0,0.37,0.3979839,0.42761007
0,1,1,1,0,0,0,0,0,0,0,0,0.49,0.5848002,0.69716996
0,1,1,1,0,0,0,0,0,0,0,0,0.46,0.48224726,0.5708723
0,1,1,1,0,0,1,0,0,0,0,0,0.35,0.46913475,0.5404602
0,1,1,0,0,0,0,0,0,0,0,0,0.29,0.2842336,0.25498196
0,1,1,1,0,0,0,0,0,0,0,0,1.0,0.51656616,0.62091154
0,1,1,1,0,0,0,0,0,0,0,0,0.66,0.4612577,0.53396654
0,1,1,0,0,0,1,1,1,1,0,0,0.71,0.41184217,0.518114
0,1,1,1,0,0,0,0,0,0,0,0,0.34,0.39955112,0.4217206
0,1,1,1,0,0,0,0,0,0,0,0,0.29,0.26616913,0.23564747
0,1,1,1,0,0,0,0,0,0,0,0,0.27,0.29521194,0.2713374
0,1,1,1,0,0,0,0,0,0,0,0,0.11,0.26176557,0.2307812
0,0,0,1,0,0,1,0,0,0,0,0,0.22,0.26572996,0.24351752
0,0,1,1,0,0,0,0,1,1,0,0,0.42,0.34437448,0.32150128
0,0,1,0,0,0,0,0,0,0,0,0,0.29,0.28589788,0.2507557
0,1,1,1,0,0,0,0,0,0,0,0,0.26,0.2461267,0.21488972
0,1,1,1,1,0,0,0,0,0,0,0,0.25,0.3913373,0.41447896
0,1,1,1,0,0,0,0,1,1,0,0,0.29,0.3055395,0.28177062
0,1,1,1,0,0,0,0,0,0,0,0,0.2,0.2837088,0.2568254
0,1,1,0,0,0,0,1,0,0,0,0,0.46,0.44687995,0.5595097
0,1,1,1,0,0,0,0,0,0,0,0,0.84,0.39311278,0.41121235
0,1,1,1,0,0,0,0,0,0,0,0,0.3,0.37015834,0.37522656
0,0,1,1,0,1,0,0,0,0,0,1,0.51,0.47331992,0.5425766
0,1,1,1,0,0,0,0,1,0,0,0,0.26,0.40125066,0.42403418
0,1,1,0,0,0,1,1,0,0,0,0,0.25,0.3132179,0.3051495
0,1,1,0,0,0,0,1,1,1,0,0,0.21,0.3300578,0.31087273
0,1,1,1,0,0,0,0,0,1,0,0,0.43,0.37532997,0.38478848
1,1,1,1,0,0,0,0,0,0,0,0,0.42,0.41844207,0.46165353
0,0,1,1,0,0,0,0,1,1,0,0,0.31,0.29550552,0.26155037
0,0,0,0,1,0,1,0,0,1,0,0,0.2,0.33931452,0.23508081
0,0,1,1,0,0,0,0,0,0,0,1,0.52,0.35528126,0.3147896
0,0,1,1,0,0,0,0,0,0,1,0,0.34,0.427998,0.45250773
0,1,1,1,0,0,0,0,0,0,0,0,0.47,0.5726073,0.68611354
0,1,1,1,0,0,0,0,0,0,0,0,0.16,0.31645638,0.29885986
0,1,1,1,0,0,0,0,0,0,0,0,0.38,0.35122713,0.34691927
0,1,1,1,0,0,0,0,0,0,0,0,0.43,0.31303418,0.294358
0,0,1,1,0,0,0,0,1,1,1,0,0.45,0.41628185,0.42171383
0,1,1,1,0,0,0,0,0,0,0,0,0.35,0.3247297,0.30982485
0,1,1,1,0,0,0,0,0,0,1,0,0.54,0.46970907,0.5453381
0,1,1,1,0,0,0,0,1,1,0,0,1.0,0.42768353,0.4520758
0,1,1,1,0,0,0,0,0,0,0,0,0.15,0.26716417,0.2367846
0,1,1,1,0,0,0,0,0,0,0,0,0.59,0.60178435,0.7118765
0,1,1,0,0,0,1,1,0,0,1,0,0.32,0.30595735,0.23999476
0,0,0,1,0,0,0,0,0,0,1,1,1.0,0.53663224,0.64846426
1,1,1,1,0,0,0,0,0,0,0,0,0.13,0.38137355,0.40297765
0,1,1,1,0,0,0,0,0,0,0,0,0.22,0.32965335,0.3163872
0,1,1,1,0,0,1,0,0,0,0,0,0.26,0.31567186,0.2937366
0,0,1,1,1,0,0,0,1,1,0,0,0.3,0.40021658,0.3400221
0,0,1,1,0,0,0,0,0,0,0,0,1.0,0.715252,0.77170444
0,1,1,1,0,0,0,0,0,0,0,0,0.32,0.29813647,0.275073
0,1,1,1,0,0,0,0,0,0,0,0,0.27,0.34961337,0.3445664
0,1,1,1,0,1,0,0,0,0,0,0,0.35,0.31528458,0.32429752
0,0,0,1,0,0,0,0,0,0,0,0,0.28,0.32991385,0.31240267
0,1,1,1,0,0,0,0,0,0,0,0,0.31,0.336973,0.32643628
0,1,1,1,0,0,0,0,0,0,0,0,0.62,0.5288131,0.63656884
0,1,1,1,0,0,0,0,0,0,0,0,0.46,0.64709526,0.75304073
0,1,1,1,0,0,0,0,0,0,0,0,0.28,0.35984296,0.35960728
0,1,1,1,0,0,0,0,0,0,0,0,0.43,0.33055547,0.31761232
0,0,1,0,0,0,0,0,0,0,0,0,0.75,0.6061908,0.69926786
0,1,1,1,0,0,0,0,0,0,0,0,0.15,0.2586852,0.2275356
0,1,1,1,0,0,0,0,0,0,0,0,0.31,0.2599764,0.22886336
0,1,1,0,0,1,1,0,0,1,0,0,0.67,0.39046508,0.41269922
0,1,1,1,0,0,1,0,0,1,0,0,0.47,0.32084087,0.30322114
0,1,1,0,0,0,1,1,1,1,1,0,0.11,0.37690687,0.3962632
0,1,1,1,0,0,0,0,0,0,0,0,0.21,0.2707369,0.2409337
0,0,1,1,0,0,0,0,0,0,0,0,0.37,0.3501943,0.3365559
0,0,1,1,0,0,0,0,1,0,0,0,0.3,0.29570884,0.28489566
0,0,0,1,0,0,0,0,0,0,0,0,0.42,0.3109289,0.28642026
0,1,1,1,0,0,0,0,0,0,0,0,0.37,0.2923717,0.2677199
0,1,1,1,0,0,0,0,0,0,0,0,0.29,0.3919514,0.4093252
0,1,1,1,0,0,0,0,0,0,0,0,0.56,0.31059873,0.29117668
0,1,1,1,0,0,0,0,1,1,0,0,0.25,0.33515143,0.31826252
0,1,1,1,0,0,0,1,0,0,1,0,0.33,0.3002538,0.30005687
0,1,1,1,1,0,0,0,1,1,0,0,0.26,0.39275417,0.34238404
0,1,1,1,0,0,0,0,0,0,0,0,0.57,0.4917108,0.58563983
0,1,1,1,0,0,0,0,0,0,0,0,0.48,0.4704102,0.5504105
0,1,1,1,0,0,0,0,0,0,0,0,0.57,0.7140415,0.8031685
0,1,1,1,0,1,0,0,0,0,0,0,0.33,0.28344485,0.2880488
0,1,1,1,0,0,0,0,0,0,0,0,0.31,0.4038732,0.42903703
0,1,1,1,0,0,1,0,0,1,0,0,0.44,0.3281301,0.3123297
0,0,1,0,0,0,0,0,0,0,0,0,0.21,0.27993408,0.24386713
0,1,1,1,0,0,0,0,1,1,0,0,0.87,0.4465436,0.48386383
0,1,1,1,0,0,0,0,1,1,0,0,0.35,0.42885837,0.4539482
0,1,1,1,0,0,0,0,0,0,0,0,0.3,0.40026054,0.42290506
0,1,0,0,0,0,0,0,0,0,1,0,0.46,0.40792513,0.40943795
0,0,1,1,0,0,0,0,0,1,0,1,0.44,0.37937406,0.39548057
0,1,1,0,0,0,1,0,0,0,0,0,0.09,0.33348078,0.3186502
0,1,1,1,1,0,0,0,0,0,0,0,0.69,0.35293657,0.35275316
0,1,1,1,0,0,0,0,0,0,0,0,0.44,0.35813427,0.3570745
0,0,0,1,0,0,0,0,0,0,0,0,0.19,0.36764088,0.3716968
1,1,1,1,0,0,0,0,0,0,0,0,0.57,0.38786703,0.4131092
0,1,1,1,0,0,0,0,0,0,0,0,0.39,0.3800039,0.39043155
0,1,1,1,0,0,0,0,1,0,0,0,1.0,0.58509576,0.64589477
0,1,1,1,0,1,0,0,1,1,0,0,0.27,0.34284434,0.3286162
0,1,1,1,0,0,0,0,0,0,0,0,0.53,0.46341354,0.5378793
0,1,1,1,0,0,0,0,1,1,0,0,0.4,0.4231483,0.44488272
0,0,0,1,0,0,0,0,0,0,0,0,0.63,0.36454815,0.36660412
0,1,1,1,0,0,0,0,1,1,0,0,0.36,0.38816854,0.3917813
0,1,1,1,0,0,0,0,0,0,0,0,0.25,0.30737275,0.2869786
0,1,1,1,0,0,0,0,0,0,0,0,0.38,0.2994361,0.27673072
0,1,1,1,0,0,1,0,0,0,0,0,0.26,0.3108615,0.28729698
0,0,0,1,0,0,0,0,0,0,0,0,0.23,0.39918548,0.4281234
0,1,1,0,0,0,0,0,0,0,0,0,0.36,0.3005704,0.276107
0,1,1,0,0,0,1,0,0,0,0,0,0.17,0.29761878,0.2693459
0,1,1,1,0,0,0,0,0,0,0,0,0.3,0.27184445,0.24223793
0,1,1,0,0,0,0,1,0,0,1,0,0.08,0.24812233,0.19256203
0,1,1,1,0,0,0,0,0,0,0,0,0.41,0.53383327,0.6427954
0,1,1,1,0,0,1,0,0,0,0,0,0.35,0.3798262,0.38614604
0,0,1,1,0,0,0,0,0,1,0,0,1.0,0.56537426,0.6583354
0,1,1,1,0,1,0,0,1,1,0,0,0.46,0.29873553,0.27806225
1,1,1,1,0,0,0,0,0,0,0,0,0.31,0.31905895,0.3127411
0,1,1,1,0,1,0,0,0,0,0,0,0.18,0.33858955,0.35248452
0,0,0,1,0,0,0,0,0,0,0,0,0.24,0.3381413,0.32457107
0,1,1,0,0,0,0,0,0,0,0,0,0.4,0.32152167,0.30632988
0,0,0,1,0,0,0,0,1,1,0,0,0.17,0.35990766,0.34747192
0,0,1,1,0,1,0,0,0,0,0,0,0.25,0.34401113,0.3706623
0,1,1,1,0,0,0,0,0,0,0,0,0.27,0.33364373,0.3218307
0,1,1,1,0,0,0,0,0,0,0,0,0.41,0.35764012,0.3563435
0,1,1,1,0,0,0,0,0,0,0,0,0.39,0.292276,0.2675983
0,1,1,1,0,0,0,0,0,1,1,0,0.33,0.4156789,0.44182855
1,1,1,1,0,0,0,0,0,0,0,0,0.4,0.4516737,0.5125857
0,0,1,1,0,0,0,0,0,0,0,1,0.41,0.35895818,0.31983107
0,1,1,1,0,0,0,0,0,0,0,0,0.38,0.32379118,0.3085823
0,1,1,1,0,0,1,0,0,0,0,0,0.66,0.476468,0.5537091
0,0,1,0,0,0,1,0,1,1,0,0,0.02,0.31433922,0.28982747
0,1,1,1,0,0,0,0,0,0,0,0,0.5,0.32738572,0.31335545
0,1,1,1,0,0,0,0,0,0,0,0,0.59,0.42081326,0.459099
0,1,1,0,0,0,0,0,0,0,0,0,0.05,0.31796286,0.30098486
0,1,1,1,0,0,0,0,1,0,0,0,0.23,0.29796368,0.2830762
0,1,1,0,0,0,1,1,0,0,1,0,1.0,0.5899073,0.74520844
0,1,1,1,0,0,0,0,1,1,0,0,0.22,0.33197826,0.31425914
0,1,1,0,0,0,1,0,0,1,0,0,0.13,0.37081546,0.4062554
0,1,1,1,0,0,0,0,1,0,0,0,0.18,0.2785321,0.25983337
0,1,1,1,0,0,0,0,0,0,0,0,0.42,0.37807947,0.38744166
0,1,1,0,0,0,0,0,0,0,1,0,0.35,0.35734925,0.31318298
0,1,1,1,0,0,0,0,0,1,0,0,0.2,0.36890945,0.37508672
0,1,1,1,0,0,0,0,0,0,0,0,0.88,0.40530324,0.43151203
0,1,1,1,0,0,0,0,1,0,0,0,0.33,0.3113753,0.29998335
0,1,1,1,0,0,0,0,0,0,0,0,0.72,0.6813706,0.78072417
0,1,1,1,0,0,0,0,0,0,0,0,0.38,0.35441843,0.3515944
0,1,1,1,0,0,0,0,1,1,0,0,0.16,0.29405138,0.26865298
0,0,0,1,0,0,0,0,0,0,0,0,0.66,0.44913778,0.52559006
0,1,1,1,0,0,0,1,1,0,1,0,0.27,0.29553157,0.25150847
0,1,1,1,0,0,0,0,0,0,0,0,0.61,0.37329245,0.38004157
0,1,1,1,0,0,0,0,0,0,1,0,0.28,0.3002666,0.26921242
0,1,1,1,0,0,0,0,0,0,0,0,0.23,0.33506376,0.3237865
0,1,1,1,0,0,0,0,0,0,0,0,0.21,0.3184546,0.30150643
0,1,1,1,0,0,0,0,0,0,0,0,0.28,0.27623135,0.24755418
0,1,1,0,0,0,0,0,0,0,0,0,0.43,0.3816489,0.4039991
0,1,1,1,0,0,0,0,0,0,0,0,1.0,0.53801787,0.6480091
0,1,1,1,0,0,0,0,0,0,0,0,0.3,0.2805743,0.25291118
0,1,1,1,0,0,0,0,0,0,0,0,0.22,0.33648485,0.32575768
0,1,1,1,0,0,0,0,0,0,0,0,0.42,0.400062,0.4225735
0,1,1,1,0,0,0,0,1,1,0,0,0.63,0.6253644,0.726926
0,1,1,1,0,0,0,0,0,0,0,0,0.36,0.29749775,0.27426052
0,0,0,1,0,0,1,0,0,0,0,0,0.32,0.34595126,0.3588882
0,1,1,0,0,0,1,0,0,0,0,0,0.51,0.32573646,0.30722743
0,1,1,1,0,0,1,0,0,0,0,0,0.2,0.2987052,0.271443
0,1,1,1,0,1,1,0,0,0,0,0,0.31,0.24841718,0.2515631
0,1,1,1,0,0,0,0,1,0,0,0,0.3,0.26733434,0.24727044
1,1,1,1,0,1,0,0,0,0,0,0,0.37,0.319484,0.2989284
0,1,1,1,0,0,0,0,0,0,0,0,0.31,0.2947038,0.2706886
0,1,1,1,0,0,0,0,0,0,0,0,0.31,0.35167083,0.34756756
0,1,1,1,0,0,0,0,0,0,0,0,0.41,0.3464763,0.34001437
0,0,0,0,0,0,0,0,0,0,0,0,0.23,0.33532187,0.28758043
0,1,1,1,0,0,0,0,0,0,0,0,0.09,0.3782743,0.38774398
0,1,1,1,0,0,0,0,0,0,0,0,0.36,0.34252617,0.33432466
0,0,1,0,0,0,0,0,0,0,0,0,0.2,0.32005244,0.2940189
0,0,1,1,0,0,0,0,0,0,0,0,0.35,0.51552975,0.5882887
0,1,1,1,0,0,0,0,0,0,0,0,0.17,0.26317337,0.23229972
0,1,1,1,0,0,0,0,0,1,0,0,0.62,0.39162594,0.4096404
0,0,1,1,0,0,1,0,0,1,0,0,0.55,0.32327008,0.30669624
0,0,1,1,0,0,0,0,1,1,0,0,0.34,0.40870413,0.41136652
0,1,1,0,0,0,0,0,0,0,0,0,0.24,0.25839722,0.22566149
0,1,1,1,0,0,1,0,0,0,0,0,0.58,0.44619837,0.49846202
0,0,1,1,0,0,0,0,0,0,0,1,0.21,0.31526548,0.2633813
0,1,1,1,0,0,0,0,0,0,0,0,0.22,0.28752226,0.26160094
0,1,1,1,0,0,0,0,0,0,0,0,0.45,0.3980241,0.4192213
0,1,1,1,0,0,0,0,0,0,0,0,0.34,0.40454048,0.43018833
0,1,1,0,0,1,0,1,0,0,1,0,0.3,0.34576315,0.29604855
0,0,1,1,0,0,0,0,0,0,0,0,0.28,0.32500687,0.30001888
0,1,1,1,0,0,0,0,0,0,0,0,0.36,0.2942393,0.27009636
0,1,1,1,0,0,0,0,0,0,0,0,0.25,0.28259248,0.25542706
0,1,1,1,0,0,0,0,0,0,0,0,0.43,0.43776315,0.48999324
0,0,1,0,0,0,0,0,0,0,0,0,0.25,0.27144483,0.23429215
0,1,1,1,0,0,0,0,0,0,0,0,0.17,0.28011015,0.25233498
0,1,1,1,0,0,0,0,0,0,0,0,0.61,0.4416132,0.49715334
0,1,1,1,0,0,0,0,0,0,0,0,0.66,0.40825266,0.43666258
0,1,1,1,0,0,0,0,0,0,0,0,0.29,0.37410212,0.38128942
0,0,0,0,0,0,1,0,0,0,0,0,0.33,0.4332809,0.5141166
0,0,0,0,0,0,1,0,0,0,0,0,0.21,0.3138357,0.26987857
0,1,1,1,0,0,0,0,0,0,0,0,0.48,0.29151925,0.26663792
0,0,0,0,0,0,0,0,1,1,0,0,0.52,0.42238927,0.45935374
0,1,1,1,0,0,0,0,0,0,0,0,0.42,0.41063792,0.44088578
0,1,1,1,0,0,0,0,0,0,0,0,0.17,0.31074077,0.29136172
0,1,1,1,0,0,0,0,0,0,0,0,1.0,0.54645365,0.65822476
0,1,1,1,0,0,0,0,0,0,0,0,0.31,0.4667186,0.543824
0,1,1,1,0,0,0,0,0,0,0,0,0.13,0.25323373,0.22202761
0,0,1,1,0,0,0,0,0,0,0,1,0.37,0.3387686,0.29270715
0,1,1,1,0,0,0,0,0,0,0,0,0.31,0.35535023,0.35296494
0,1,1,1,0,0,0,0,0,0,0,0,0.17,0.2684918,0.23832138
0,1,1,1,0,0,1,1,0,0,0,0,0.39,0.34977078,0.36201754
0,1,1,1,0,0,0,0,0,0,0,0,0.21,0.29612368,0.272504
0,1,1,1,0,0,0,0,0,0,0,0,0.4,0.43773684,0.489945
0,0,0,0,0,0,1,0,0,0,0,0,0.78,0.5181846,0.6962017
0,1,1,1,0,0,0,0,0,0,0,0,0.23,0.31693164,0.29948825
0,1,1,1,0,0,0,0,0,0,0,0,0.32,0.3513705,0.3471287
0,1,1,1,0,0,0,0,0,0,0,0,0.28,0.25991464,0.22879902
0,1,1,1,0,0,0,0,0,0,0,0,0.47,0.29506096,0.27114454
1,1,1,1,0,0,1,0,0,0,0,0,0.52,0.4024939,0.39742365
0,1,1,1,0,0,0,0,1,1,0,0,0.35,0.35813355,0.34837705
0,1,1,1,0,1,0,0,1,1,0,0,0.21,0.30028304,0.27973032
0,1,1,1,0,0,0,0,1,1,0,0,0.26,0.29042405,0.26470536
0,0,1,1,0,0,0,0,0,0,0,0,0.34,0.30934685,0.27845114
0,1,1,0,0,0,1,0,0,0,1,0,0.54,0.4423933,0.43598938
0,1,1,1,0,0,0,0,0,0,0,0,0.74,0.6240036,0.73234934
0,0,1,1,0,0,0,0,0,0,0,0,0.23,0.30275887,0.26990122
0,1,1,1,0,1,0,0,0,0,0,0,0.37,0.29549986,0.30139148
0,1,1,1,0,0,0,1,1,1,0,0,0.18,0.29252285,0.25497657
0,1,1,1,0,0,0,0,0,0,0,0,0.44,0.41810074,0.454228
0,1,1,1,0,0,0,0,1,1,0,0,0.34,0.31485194,0.29303542
0,1,1,1,0,0,1,0,0,0,0,0,0.36,0.38503665,0.39434248
0,1,1,0,0,0,0,0,0,0,0,0,0.2,0.2855751,0.25658455
0,1,1,0,0,1,1,0,0,0,0,0,0.46,0.39216477,0.40498692
0,1,1,1,0,0,0,0,0,0,0,0,0.3,0.4541542,0.5208705
0,1,1,1,0,0,0,0,0,0,0,0,0.44,0.34455124,0.33723563
0,0,0,0,0,0,0,0,1,0,0,0,0.36,0.29552752,0.25938958
0,1,1,1,0,0,0,0,0,0,0,0,0.48,0.38867027,0.40402025
0,1,1,1,0,0,0,0,0,0,0,0,0.22,0.28508285,0.25854188
0,1,1,1,0,0,0,0,0,0,0,0,1.0,0.59601897,0.70684063
0,1,1,1,0,0,0,0,0,0,0,0,0.81,0.5605347,0.674094
0,1,1,1,0,0,0,0,0,0,0,0,0.29,0.3637213,0.36541477
0,1,1,1,0,0,0,0,0,0,0,0,0.35,0.3140664,0.2957117
1,1,1,1,0,0,0,0,0,0,0,0,0.03,0.37650758,0.39550248
0,1,1,1,0,0,0,0,0,0,0,0,0.37,0.34473294,0.3374974
0,1,1,1,0,0,0,0,1,1,0,0,0.64,0.41896027,0.43841028
0,1,1,1,0,0,0,0,0,0,0,0,0.28,0.33122838,0.31852904
0,1,1,0,0,0,0,0,0,0,0,0,1.0,0.57761586,0.72943234
0,0,1,0,0,0,0,0,1,0,0,0,0.18,0.3003196,0.2853435
0,1,1,1,0,0,1,0,0,0,0,0,0.38,0.38250524,0.39036328
0,1,1,1,0,0,1,0,0,0,0,0,0.24,0.31210417,0.28895244
0,1,1,1,0,0,0,0,0,0,0,0,0.71,0.37842816,0.3879828
0,1,1,1,0,0,0,0,0,0,0,0,0.03,0.44174972,0.49740815
0,1,1,1,0,0,0,0,0,0,1,0,0.42,0.34388226,0.3304626
0,1,1,1,0,0,0,0,1,0,0,0,0.28,0.26436093,0.2440786
0,1,1,1,0,0,0,0,0,0,0,0,0.32,0.4136228,0.446211
0,1,1,1,0,0,0,0,0,0,0,0,0.69,0.57656753,0.68978757
0,1,1,1,0,0,0,0,1,0,0,0,0.07,0.6391793,0.6954335
0,1,1,1,0,0,0,0,0,0,0,0,0.06,0.2637843,0.23297343
1,1,1,1,0,0,0,0,0,0,0,0,0.1,0.25125316,0.23238826
0,0,0,1,0,0,0,0,0,0,0,0,0.88,0.53117484,0.6459767
0,1,1,1,0,0,0,0,0,0,0,0,0.26,0.2718877,0.24228987
0,1,1,1,0,0,0,0,1,1,0,0,0.24,0.3179063,0.29676896
0,0,1,0,0,0,0,0,0,0,0,1,0.05,0.46682557,0.44194826
0,0,1,1,0,0,1,0,0,0,0,0,0.25,0.5656037,0.6729634
0,0,0,1,0,0,0,0,0,0,0,0,0.35,0.3070494,0.28154305
0,0,0,1,0,1,0,0,0,0,0,0,0.21,0.33424133,0.31092182
0,0,1,1,0,0,0,0,0,0,0,0,0.28,0.27109265,0.23303297
0,1,1,0,0,0,0,0,0,0,0,0,0.38,0.3685663,0.38223338
0,1,1,1,0,0,0,0,0,0,0,0,0.26,0.37081364,0.37623128
0,1,1,1,0,1,0,0,0,0,0,0,0.43,0.33454585,0.34753123
0,1,1,0,0,0,1,0,0,0,0,0,0.45,0.38732916,0.40905666
0,1,1,1,0,0,0,0,0,0,0,0,1.0,0.47928557,0.5659007
0,0,1,1,0,0,0,0,0,0,0,0,1.0,0.54508483,0.62807804
0,1,1,0,0,0,1,1,0,0,0,0,0.25,0.30464262,0.29279542
0,0,0,1,0,0,1,0,0,1,0,0,0.4,0.33509701,0.3082393
0,1,1,1,0,0,0,0,0,0,0,0,0.27,0.3248412,0.3099726
0,1,1,1,0,0,0,0,0,0,0,0,0.58,0.426778,0.46983594
0,0,1,1,0,0,0,0,0,0,0,0,0.06,0.27030137,0.23219673
0,1,1,1,0,1,0,0,1,1,0,0,0.42,0.4543527,0.4778944
0,0,1,0,0,0,0,0,0,0,0,0,0.22,0.3424225,0.324773
0,1,1,1,0,0,0,0,0,0,0,0,0.2,0.3070182,0.28651708
0,1,1,1,0,0,0,0,0,0,0,0,0.25,0.30374566,0.28227103
0,0,0,1,0,1,0,0,0,0,0,0,0.17,0.31312418,0.28963345
0,1,1,1,0,0,0,0,0,1,0,0,0.24,0.32018542,0.30704495
0,1,1,1,0,0,0,0,0,0,0,0,0.38,0.2977442,0.27457386
0,0,0,0,0,0,0,0,0,0,0,0,0.49,0.3709749,0.3452885
0,1,1,1,0,0,0,0,1,0,0,0,0.3,0.3214,0.31295973
0,1,1,1,0,0,0,0,0,1,1,0,0.45,0.3354125,0.3291746
0,1,1,1,0,0,0,0,0,0,0,0,0.2,0.34173197,0.33318645
0,1,1,1,0,0,0,0,0,0,0,0,0.91,0.47262478,0.554319
0,1,1,1,0,0,0,0,0,0,0,0,0.26,0.33237416,0.32009324
0,1,1,1,0,0,0,0,0,0,0,0,0.47,0.33505434,0.32377347
0,1,1,1,0,0,1,0,0,0,0,0,0.53,0.63769084,0.77451193
0,0,0,1,0,0,0,0,0,0,0,0,0.96,0.48046404,0.58251077
0,1,1,1,0,0,0,0,0,0,0,0,0.98,0.6780193,0.77817136
0,1,1,1,0,0,0,0,0,0,0,0,0.47,0.61258936,0.72166336
0,1,1,1,0,0,0,0,0,0,0,0,0.91,0.6086813,0.7180855
0,1,1,0,0,0,0,0,0,1,0,0,0.2,0.3845633,0.38021046
0,1,1,1,0,0,0,0,0,0,0,0,0.37,0.39470342,0.41380128
0,1,1,1,0,0,0,0,0,0,0,0,0.26,0.3871647,0.4016431
0,0,0,1,0,0,0,0,0,0,0,0,0.08,0.31206885,0.28788948
0,1,1,1,0,0,0,0,0,0,0,0,0.42,0.42777538,0.47165522
0,1,1,1,0,0,0,0,0,0,0,0,0.73,0.3338685,0.32213885
0,1,1,1,0,0,0,0,1,1,0,0,0.45,0.35816407,0.34841928
0,1,1,1,0,0,1,0,0,0,0,0,0.23,0.2871968,0.25721103
0,1,1,1,0,0,0,0,0,0,0,0,0.39,0.34773096,0.34183145
0,1,1,1,0,0,0,0,1,1,0,0,0.38,0.5614293,0.6499839
0,1,1,0,0,0,0,1,0,0,1,0,0.2,0.29031175,0.23820758
0,1,1,1,0,0,0,0,0,0,0,0,0.37,0.51622766,0.62046134
0,1,1,1,0,0,0,0,0,0,0,0,0.62,0.44731703,0.5079374
0,1,1,1,0,0,0,0,1,0,0,0,0.22,0.30869716,0.2965607
0,1,1,1,0,0,0,1,0,0,0,0,0.29,0.3047225,0.26231545
0,1,1,1,0,0,0,0,0,0,0,0,0.59,0.38236922,0.39411768
0,1,1,1,0,0,0,0,0,0,0,0,0.01,0.29741004,0.27414912
0,1,1,0,0,0,0,1,0,0,0,0,0.52,0.3615004,0.38265577
0,1,1,1,0,0,0,0,1,1,0,0,0.72,0.5692135,0.65994596
0,0,1,1,0,0,0,0,0,0,0,1,0.21,0.35085896,0.30877954
0,1,1,1,0,0,0,0,0,0,0,0,1.0,0.61935335,0.72803104
0,1,1,1,0,0,0,0,0,0,0,0,0.17,0.3373237,0.32692423
0,1,1,1,0,0,0,0,0,0,0,0,0.3,0.30170566,0.27964053
0,1,1,1,0,0,0,0,1,0,0,0,0.26,0.41094786,0.43859425
0,1,1,0,0,1,0,0,0,0,0,0,0.45,0.36621952,0.37584928
0,1,1,1,0,0,0,0,1,1,0,0,0.3,0.3289627,0.31046525
0,1,1,1,0,0,0,0,0,0,0,0,1.0,0.74099183,0.8190481
0,1,1,0,0,0,0,0,0,0,0,0,0.32,0.31705713,0.29963845
0,1,1,1,0,0,0,0,0,0,0,0,0.09,0.4995777,0.5972568
0,1,1,1,0,0,0,0,0,0,0,0,0.29,0.37839785,0.3879358
0,1,1,0,0,0,1,1,0,0,0,0,0.39,0.42519107,0.5151137
0,1,1,1,0,0,0,0,0,0,0,0,0.52,0.29881793,0.27594143
0,1,1,1,0,1,0,0,1,1,0,0,0.55,0.33070308,0.3139438
0,1,1,1,0,0,0,0,0,0,0,0,0.93,0.5622783,0.6759215
0,1,1,1,0,0,1,0,0,0,0,0,0.22,0.39394432,0.40832385
0,1,1,1,0,0,0,0,0,0,0,0,0.87,0.36856347,0.3727857
0,1,1,1,0,1,0,0,1,1,1,0,0.4,0.36697352,0.35747567
0,1,1,1,0,0,0,0,1,1,0,0,0.31,0.28283754,0.25661728
0,1,1,1,0,0,1,0,0,0,0,0,0.65,0.39612287,0.41176504
0,1,1,1,0,0,0,0,0,0,0,0,0.45,0.30502263,0.28392503
0,1,1,1,0,0,0,0,0,0,0,0,0.66,0.4382248,0.4908394
0,1,1,1,0,0,0,0,0,0,0,0,0.22,0.35376564,0.3506357
0,1,1,1,0,1,0,0,0,0,0,0,0.88,0.59478664,0.68671787
0,0,0,1,0,0,0,0,0,0,0,1,1.0,0.5094773,0.59805083
0,1,1,1,0,0,0,1,0,0,0,0,0.19,0.31524065,0.27452546
0,1,1,1,0,0,0,0,1,1,0,0,0.28,0.30109385,0.27653572
0,0,0,0,0,0,0,0,0,0,0,0,0.27,0.3530063,0.31484157
0,1,1,1,0,0,0,0,0,0,1,0,0.24,0.27644196,0.23899667
0,0,1,0,0,0,1,1,1,1,1,0,0.42,0.37108153,0.4055962
0,0,1,1,0,0,0,0,0,0,0,0,0.25,0.30358827,0.27096015
0,1,1,1,0,0,0,0,0,0,0,0,0.42,0.3923583,0.40998608
0,1,1,1,0,0,0,0,0,0,0,0,0.47,0.35260028,0.34892732
0,1,1,1,0,0,0,0,1,1,0,0,0.39,0.3573451,0.34728667
0,1,1,1,0,0,0,0,1,0,0,0,0.74,0.52114487,0.5841538
0,1,1,0,0,0,0,0,0,0,0,0,0.32,0.29630387,0.2702562
0,1,1,1,0,0,0,0,0,0,0,0,0.2,0.3287337,0.31515574
0,1,1,1,0,0,0,0,0,0,0,0,0.22,0.46373978,0.5384709
0,1,1,1,0,0,0,0,0,0,0,0,0.39,0.37507927,0.38279745
0,0,1,1,0,0,0,0,0,0,0,1,0.24,0.3958513,0.37267417
1,1,1,1,0,1,0,0,0,0,0,0,0.2,0.25962406,0.2326531
0,1,1,1,0,0,1,0,0,1,0,0,0.24,0.33004507,0.31472796
0,0,0,1,0,0,0,0,0,0,0,1,0.19,0.26222998,0.17717463
0,1,1,1,0,0,0,0,0,0,0,0,0.51,0.33246425,0.3202164
0,1,1,0,0,0,1,0,0,1,0,0,0.32,0.31101444,0.31220037
0,1,1,1,0,0,0,0,0,0,0,0,0.22,0.41844186,0.45484012
0,1,1,1,0,0,1,0,0,0,1,0,0.37,0.30842817,0.26348665
0,1,1,1,0,1,0,0,0,0,0,0,0.33,0.34678957,0.36260056
0,1,1,1,0,0,1,0,1,1,0,0,0.47,0.34698966,0.3262529
0,1,1,1,0,0,0,0,0,0,0,0,0.21,0.29663187,0.2731556
0,1,1,1,0,0,0,0,0,0,1,0,0.36,0.3108871,0.2836412
0,1,1,1,0,0,0,0,0,0,0,0,0.34,0.37259492,0.37896785
0,1,1,1,0,0,0,0,0,1,0,0,0.27,0.31353655,0.29855257
0,0,1,1,0,0,0,0,1,1,0,1,0.34,0.29621825,0.27031618
0,1,1,1,0,0,0,0,0,0,0,0,0.32,0.3134096,0.29484987
0,1,1,1,0,1,0,1,0,1,1,0,0.45,0.34284446,0.34967342
0,0,1,1,1,0,0,0,0,0,0,0,0.25,0.39645043,0.4018382
1,1,1,1,0,0,0,0,0,0,0,0,0.67,0.6145028,0.68273765
0,1,1,0,0,0,0,1,1,1,1,0,0.32,0.33105394,0.27665085
0,0,1,1,0,0,0,0,0,0,0,1,0.38,0.27255672,0.21551971
0,1,1,0,0,0,0,0,0,0,0,0,0.25,0.36154506,0.37055916
0,1,1,1,0,0,0,0,0,0,0,0,0.31,0.37156892,0.37739065
0,0,0,1,0,0,0,0,1,1,0,0,0.24,0.37746722,0.37618944
0,1,1,0,0,0,0,0,0,0,0,0,0.27,0.33490866,0.3271088
0,1,1,1,0,0,0,0,0,0,0,0,0.26,0.29984874,0.27725843
0,0,0,1,0,0,0,0,1,0,0,0,0.18,0.33201513,0.31209734
0,1,1,1,0,0,0,0,0,0,0,0,0.39,0.38751146,0.4021902
0,0,1,1,0,0,0,0,0,0,0,1,0.22,0.30200356,0.2477225
0,1,1,1,0,0,1,0,0,0,0,0,0.22,0.29050505,0.26123184
0,1,1,1,0,0,0,0,0,0,0,0,0.27,0.30314946,0.28150073
0,0,1,1,0,0,0,0,0,0,0,0,0.41,0.35661224,0.34590346
0,1,1,1,0,0,0,0,0,0,0,0,0.11,0.24715324,0.21591003
0,1,1,1,0,0,0,0,1,0,0,0,0.34,0.31342614,0.30262145
0,1,1,0,0,0,0,0,1,0,0,0,0.25,0.29774615,0.27356592
0,0,1,0,0,0,1,0,0,0,0,0,0.03,0.43730474,0.48509112
0,1,1,0,1,1,0,0,1,0,0,0,0.34,0.3719548,0.3127287
0,1,1,1,0,0,0,0,1,1,0,0,0.26,0.3537881,0.34240332
0,0,1,1,0,0,0,0,0,0,0,1,0.32,0.35400108,0.31304315
0,1,1,1,0,0,0,0,0,0,1,0,0.12,0.2926144,0.25919607
0,1,1,1,0,0,0,0,0,0,0,0,0.62,0.40107375,0.4242639
1,1,1,1,0,0,0,0,0,0,0,0,0.25,0.39061123,0.41741028
1,1,1,1,0,0,0,0,0,0,0,0,0.46,0.3909976,0.4180132
0,1,1,1,0,0,0,0,0,0,0,0,0.32,0.36113173,0.36152282
0,1,1,1,0,0,0,0,0,0,0,0,0.29,0.32959104,0.31630367
0,1,1,1,0,0,0,0,1,1,0,0,0.34,0.34873748,0.3357543
0,1,1,1,0,0,0,0,0,0,0,0,0.39,0.3136305,0.29513955
0,1,1,1,0,0,0,0,1,1,0,0,0.3,0.32877126,0.31022516
0,1,1,1,0,0,0,0,0,0,0,0,0.34,0.3329942,0.32094115
0,1,1,1,0,0,0,0,1,1,0,0,0.3,0.43639317,0.46639904
0,1,1,1,0,0,0,0,0,0,0,0,0.21,0.27535972,0.24648833
0,1,1,1,0,0,0,0,1,1,0,0,0.41,0.4069379,0.4201455
0,1,1,1,0,0,0,0,1,1,0,0,0.47,0.4391334,0.47107726
0,1,1,1,0,0,0,0,1,0,0,0,1.0,0.44528642,0.4914523
0,1,1,1,0,0,0,0,0,0,0,0,0.39,0.31795233,0.30084032
0,0,1,1,0,0,0,0,0,0,0,0,0.37,0.3037346,0.2711473
0,1,1,1,0,0,0,1,0,1,1,0,0.48,0.41482383,0.45022464
0,1,1,1,0,0,0,0,0,0,0,0,0.88,0.5773317,0.6904813
0,1,1,1,0,0,0,0,0,0,0,0,0.25,0.29661268,0.27313095
0,0,0,1,0,0,0,0,0,0,0,0,0.26,0.34179667,0.33015004
0,1,1,1,0,0,0,0,0,0,0,0,0.25,0.3025829,0.28076985
0,1,1,1,0,0,0,0,0,0,0,0,0.53,0.3324873,0.32024783
0,1,1,1,0,0,0,0,0,0,0,0,0.37,0.30310068,0.2814377
1,1,1,1,0,0,0,0,0,0,0,0,0.42,0.44966394,0.50968874
0,1,1,1,0,0,0,0,1,0,0,0,0.36,0.29564032,0.28022188
0,0,0,1,1,0,0,0,0,0,0,1,0.12,0.3016818,0.20919223
0,1,1,1,0,0,0,1,0,0,0,0,0.29,0.3077063,0.2657253
0,0,0,0,0,0,0,0,1,1,0,0,0.63,0.6175331,0.7663316
0,1,1,1,0,0,0,0,0,0,0,0,0.3,0.28372484,0.25684538
0,1,1,1,0,0,0,0,0,0,0,0,0.26,0.281956,0.25463158
0,0,1,1,0,1,0,0,0,0,1,0,0.43,0.40717822,0.47780496
0,1,1,1,0,0,0,0,0,0,0,0,0.12,0.3064375,0.28576168
0,0,0,1,0,0,0,0,0,0,0,0,0.22,0.310779,0.28622895
0,0,1,1,0,0,0,0,1,1,0,1,0.37,0.3959576,0.40119877
0,1,1,1,0,0,0,0,0,0,0,0,0.4,0.34804025,0.3422801
0,1,1,1,0,0,1,0,0,0,0,0,0.03,0.51028264,0.61542785
0,1,1,1,0,0,0,0,1,1,1,0,0.14,0.35315642,0.32503968
0,1,1,1,0,0,0,0,1,1,0,0,0.69,0.5053828,0.58052874
0,0,0,1,0,0,0,0,0,0,0,0,0.34,0.36772725,0.3718394
0,1,1,1,0,0,0,0,0,0,0,0,0.71,0.4818856,0.57027715
0,0,0,1,0,0,0,0,0,0,0,0,0.29,0.31707627,0.29459292
0,1,1,1,0,1,0,0,0,0,0,0,0.19,0.28363913,0.28826338
0,1,1,1,0,0,0,0,0,0,0,0,0.03,0.35862204,0.35779673
0,1,1,1,0,0,0,1,0,0,1,0,0.31,0.43560347,0.4780608
0,1,1,1,0,0,0,0,1,1,0,0,0.29,0.29792607,0.27290148
0,1,1,1,0,0,0,0,1,1,0,0,0.85,0.3864876,0.3892786
0,1,1,1,0,0,0,0,0,0,0,0,0.33,0.3268612,0.31265646
0,1,1,1,0,0,1,0,0,0,0,0,0.23,0.26071054,0.22672439
0,1,1,1,0,0,0,0,0,0,0,0,0.43,0.36532393,0.36784768
0,0,1,0,0,0,0,0,0,0,0,0,0.3,0.29044318,0.25622207
0,0,0,1,0,0,0,0,0,0,0,0,1.0,0.57405317,0.68683636
0,1,1,1,0,0,0,0,1,0,0,0,0.32,0.27472323,0.25547427
0,1,1,1,0,0,0,0,0,0,0,0,0.13,0.6029331,0.71291703
0,1,1,1,0,0,0,0,0,0,0,0,0.23,0.31545344,0.2975364
0,1,1,0,0,0,1,0,0,0,0,0,0.31,0.35328898,0.34936354
0,1,1,1,0,0,0,0,1,0,0,0,0.35,0.35737276,0.36126286
0,1,1,1,0,0,0,0,0,0,0,0,0.32,0.32994074,0.3167761
0,0,1,0,0,0,0,0,0,1,0,1,0.47,0.3957653,0.35906976
0,0,1,1,0,0,0,0,0,0,0,1,0.28,0.26742116,0.21034832
0,0,0,1,0,0,0,0,0,0,0,0,0.17,0.27108085,0.2400996
0,1,1,1,0,0,0,0,0,0,0,0,0.41,0.3120063,0.29301363
0,1,1,1,0,0,0,0,0,0,0,0,0.25,0.31655583,0.2989913
0,1,1,1,0,0,0,0,1,1,0,0,0.46,0.36359882,0.35602325
0,0,0,1,0,0,0,0,0,0,0,0,0.19,0.30038333,0.27328786
0,1,1,0,0,0,0,0,1,1,0,0,0.43,0.36112553,0.37034678
0,1,1,1,0,0,0,0,0,0,0,0,0.4,0.53484833,0.64406335
0,1,1,1,0,0,1,0,0,0,0,0,0.37,0.3720726,0.37405458
0,1,1,1,0,0,0,0,0,0,0,0,0.04,0.31087708,0.29153943
0,1,1,1,0,0,0,0,0,0,0,0,0.34,0.371465,0.37723106
0,1,1,1,0,0,0,0,1,0,0,0,0.34,0.33267578,0.32788005
0,1,1,0,0,0,1,0,0,0,1,0,0.45,0.39488798,0.3533887
0,1,1,1,0,0,0,0,1,0,0,0,0.84,0.4204522,0.45322734
0,1,1,1,0,0,0,0,0,0,0,0,0.31,0.28493014,0.25835073
0,0,1,1,0,0,0,0,0,0,0,1,0.27,0.33430505,0.28699163
0,1,1,1,0,0,0,0,0,0,0,0,0.31,0.40461025,0.43030876
0,1,1,1,0,0,0,0,1,0,0,0,0.51,0.29941922,0.2848734
0,1,1,1,0,0,0,0,0,0,0,0,0.23,0.33596662,0.32503814
0,1,1,1,0,0,0,0,0,0,0,0,0.47,0.35231844,0.34851474
0,1,1,1,0,0,0,0,1,1,1,0,0.45,0.35319364,0.32508755
0,1,1,1,0,0,0,1,0,1,1,0,0.56,0.38852915,0.4152142
0,0,1,1,0,0,0,0,0,0,1,1,0.15,0.28740448,0.2060498
0,1,1,1,0,0,0,0,0,0,0,0,0.14,0.2899267,0.2646236
0,1,1,1,0,0,0,0,0,0,0,0,0.23,0.3016963,0.2796285
0,1,1,1,0,1,0,0,1,1,0,0,0.57,0.4766616,0.511353
0,0,1,1,0,0,0,0,0,0,0,1,0.46,0.4636225,0.49254674
0,0,1,1,0,0,0,0,0,0,0,1,0.22,0.29308018,0.23755416
0,1,1,1,0,0,0,0,0,0,0,0,0.39,0.3423568,0.3340818
0,1,1,1,0,0,1,0,0,0,0,0,0.38,0.36242992,0.35963857
0,0,1,1,0,0,0,0,0,0,0,1,0.63,0.36674762,0.33061036
0,1,1,1,0,0,0,0,1,0,0,0,0.16,0.54267824,0.6056117
0,0,1,1,0,0,0,0,0,0,0,0,0.49,0.3562294,0.34534487
0,1,1,1,0,0,0,0,0,0,0,0,0.49,0.37183827,0.37780446
0,1,1,1,0,0,0,0,0,0,0,0,0.31,0.33565098,0.32460028
0,1,1,1,0,1,0,0,0,0,0,0,0.58,0.46753502,0.5359123
0,0,1,1,0,0,0,0,0,0,0,0,0.02,0.41414943,0.43045872
0,1,1,1,0,0,0,0,0,0,0,0,0.35,0.34084243,0.33191395
0,1,1,1,0,0,0,0,0,0,0,0,0.38,0.34957403,0.34450912
0,1,1,1,0,0,0,0,0,0,0,0,0.44,0.32581168,0.3112604
0,1,1,1,0,0,0,0,0,0,0,0,0.49,0.26666087,0.2362041
0,1,1,1,0,0,0,0,1,1,0,0,0.26,0.39013833,0.39473188
0,1,1,1,0,0,0,0,0,0,0,0,0.37,0.34852642,0.34298587
0,0,0,1,0,0,0,0,0,0,0,0,0.88,0.5426036,0.65775603
0,1,1,1,0,0,0,0,0,0,0,0,0.74,0.66576105,0.7685407
0,1,1,1,0,0,0,0,0,0,0,0,0.34,0.31921422,0.302515
0,1,1,1,0,0,1,0,0,0,0,0,0.27,0.3345449,0.31934777
0,1,1,1,0,0,0,0,0,0,0,0,0.4,0.4302246,0.47615004
0,1,1,1,0,0,0,0,0,0,0,0,0.48,0.7616178,0.82958186
0,1,1,1,0,0,0,0,0,0,0,0,0.31,0.43174496,0.4789409
0,1,1,1,0,0,0,0,0,0,1,0,0.09,0.31130737,0.28422377
0,1,1,1,0,0,0,0,0,0,0,0,0.23,0.3653957,0.36795676
0,1,1,1,0,0,0,0,0,0,0,0,0.33,0.2974066,0.2741447
0,0,1,1,0,0,0,0,0,0,0,1,0.48,0.3704684,0.3358051
0,1,1,1,0,1,0,0,0,0,0,0,0.25,0.28249064,0.2869963
0,0,1,0,0,0,1,0,0,0,0,0,0.54,0.38552895,0.40189642
0,0,1,1,0,0,0,0,0,0,0,0,0.33,0.41098112,0.42557216
0,1,1,1,0,0,0,0,0,0,0,0,0.23,0.270111,0.24020453
0,1,1,1,0,0,0,0,0,0,0,0,0.25,0.47432098,0.55730057
0,1,1,1,0,0,0,0,0,0,0,0,0.57,0.37072894,0.3761014
0,1,1,1,0,0,0,0,0,0,0,0,0.57,0.3206212,0.30438662
0,1,1,0,0,0,0,0,0,0,0,0,0.84,0.49011928,0.5983334
0,0,1,0,0,0,0,0,0,0,0,0,0.3,0.30596864,0.27559513
1,1,1,1,0,0,0,0,0,0,0,0,1.0,0.31951928,0.3133491
0,0,1,1,0,0,0,0,0,0,0,0,0.24,0.31582233,0.2871456
0,1,1,1,0,0,0,0,1,1,0,0,0.47,0.32010466,0.29946694
0,0,0,1,0,0,0,0,0,0,0,0,0.4,0.4600587,0.54623973
0,1,1,1,0,0,0,0,0,0,0,0,0.18,0.25761074,0.22643836
0,1,1,0,0,0,1,0,0,1,0,0,0.45,0.37977162,0.4209869
0,1,1,1,0,0,0,0,0,0,0,0,0.14,0.31405607,0.2956981
0,1,1,1,0,0,0,0,0,0,0,0,0.24,0.27274936,0.2433265
0,1,1,1,0,0,0,0,0,0,0,0,0.2,0.30573338,0.2848468
0,1,1,1,0,0,0,0,0,0,0,0,0.25,0.33573657,0.324719
0,0,1,1,0,0,0,0,1,1,0,0,0.25,0.37109882,0.35713184
0,1,1,1,0,0,0,0,0,0,0,0,0.2,0.25452492,0.22331412
0,1,1,1,0,0,0,0,0,0,0,0,0.67,0.40406424,0.42936653
0,1,1,1,0,0,0,0,0,0,0,0,0.2,0.27955937,0.25165242
0,1,1,1,0,0,0,0,0,1,0,0,0.3,0.29004756,0.2694745
0,1,1,1,0,0,0,0,0,0,0,0,0.23,0.2740204,0.24486113
0,1,1,1,0,1,0,0,0,0,0,0,0.64,0.41242585,0.4502223
0,0,0,1,0,0,0,0,0,0,0,0,0.29,0.39350945,0.41745257
0,0,1,1,0,0,0,0,0,0,0,0,0.33,0.37608618,0.3741359
0,1,1,1,0,0,0,0,0,0,0,0,0.4,0.43914494,0.4925471
0,1,1,0,0,0,0,0,0,0,1,0,0.23,0.28032967,0.21958134
0,1,1,1,0,0,0,0,0,0,0,0,0.35,0.33594894,0.3250136
0,1,1,1,0,0,0,0,0,0,0,0,0.45,0.4702139,0.5500627
0,1,1,1,0,1,0,0,0,0,0,0,0.69,0.33699158,0.35051534
0,0,0,1,0,0,1,0,1,1,0,0,0.56,0.40768772,0.40839162
0,0,1,1,0,0,0,0,1,0,0,1,0.25,0.29875422,0.25842804
0,1,1,1,0,0,0,0,1,1,0,0,0.4,0.4020091,0.41265517
0,1,1,1,0,1,0,0,1,1,0,0,0.84,0.37912926,0.3743016
0,1,1,1,0,0,0,0,1,0,0,0,0.28,0.31768996,0.30812603
0,1,1,1,0,0,0,0,0,0,0,0,0.75,0.42943054,0.4746929
0,0,1,1,0,1,0,0,0,1,1,0,0.96,0.64394176,0.8023569
0,1,1,1,0,0,1,0,0,0,0,0,0.35,0.3354794,0.32063943
0,0,1,1,0,0,0,0,0,0,0,0,0.31,0.3625663,0.35459885
0,0,0,0,0,0,1,0,0,1,0,0,0.38,0.41059598,0.39907143
0,1,1,1,0,0,0,0,0,0,0,0,0.58,0.3392701,0.32967076
0,1,1,1,0,0,0,0,0,0,0,0,0.32,0.35675254,0.35503224
0,1,1,1,0,0,0,0,0,0,0,0,1.0,0.608801,0.71819186
0,1,1,1,0,0,0,0,0,0,0,0,0.26,0.31528226,0.29731086
1,1,1,1,0,0,0,0,0,0,0,0,0.36,0.32182476,0.3164038
0,1,1,1,0,0,0,0,1,1,0,0,0.29,0.54568267,0.6311937
0,1,1,1,0,0,0,0,0,0,0,0,0.75,0.3043595,0.2830655
0,1,1,1,0,0,0,0,1,0,0,0,0.35,0.34922022,0.35014737
1,1,1,1,0,0,0,0,0,0,0,0,0.42,0.32820597,0.3250157
0,1,1,1,0,0,0,0,0,0,0,0,0.19,0.3086567,0.28864726
0,1,1,1,0,0,0,0,0,0,0,0,0.34,0.32853356,0.31488806
0,1,1,0,0,0,0,0,0,0,1,0,0.27,0.27657074,0.21593244
0,0,0,1,0,0,0,0,0,0,0,0,0.55,0.39043522,0.4117147
0,0,0,0,0,0,0,0,0,0,0,0,0.32,0.3637503,0.33274806
0,0,0,1,0,0,0,0,1,1,0,0,0.59,0.3547761,0.33928895
0,1,1,1,0,0,0,0,1,1,0,0,0.4,0.46545115,0.51661456
0,1,1,1,0,1,0,1,0,0,1,0,0.35,0.35912332,0.39528003
0,1,1,1,0,0,0,0,0,0,0,0,0.21,0.3866754,0.40087152
0,1,1,1,0,0,0,0,0,0,0,0,0.28,0.30388534,0.28245172
0,1,1,1,0,0,0,0,0,0,0,0,0.4,0.32770553,0.31378204
0,1,1,0,0,0,0,1,0,0,0,0,0.32,0.34953383,0.3614162
0,1,1,1,0,0,0,0,0,0,0,0,0.56,0.5822755,0.6949193
0,1,1,1,0,0,0,0,0,0,0,0,0.37,0.4377777,0.4900199
0,0,1,1,0,0,0,0,1,0,0,1,0.38,0.40272537,0.39024466
0,0,1,0,0,0,1,0,0,0,0,0,0.39,0.35297358,0.3504859
0,1,1,1,0,0,0,0,0,0,0,0,0.37,0.38317806,0.395381
0,0,0,0,0,0,1,0,0,0,0,0,0.35,0.31469005,0.27114978
0,1,1,0,0,0,1,1,1,1,1,0,0.37,0.43596035,0.49885178
0,1,1,1,0,0,0,0,0,0,0,0,0.46,0.31496105,0.2968879
0,1,1,1,0,0,0,0,1,0,0,0,0.36,0.47424752,0.531654
0,0,0,1,0,0,0,0,0,0,0,0,1.0,0.5137242,0.62656134
0,1,1,1,0,0,0,0,0,0,0,0,0.36,0.3209735,0.30485624
0,1,1,1,0,0,1,0,0,0,0,0,0.4,0.30374303,0.27791888
0,1,1,1,0,0,0,0,1,1,0,0,0.62,0.39299583,0.3990255
0,1,1,1,0,0,0,0,0,0,0,0,1.0,0.44661134,0.5065972
0,1,1,1,0,0,0,0,0,0,0,0,0.27,0.33381978,0.32207203
0,0,0,1,0,0,1,0,0,0,0,0,0.41,0.35454065,0.37465516
0,1,1,1,0,0,0,0,0,0,0,0,0.31,0.40289325,0.4273476
0,1,1,1,0,0,0,0,0,0,0,0,0.49,0.44367653,0.5010184
0,1,1,0,0,0,0,0,0,0,0,0,0.02,0.40734905,0.44751436
0,1,1,1,0,0,0,0,0,0,0,0,0.08,0.2882604,0.2625265
0,1,1,1,0,1,0,0,0,0,0,0,0.85,0.4912665,0.5716689
0,1,1,1,0,0,0,0,0,0,0,0,0.25,0.29889,0.2760334
0,0,1,1,0,0,0,0,0,0,0,1,0.4,0.4000135,0.3789274
0,1,1,1,0,0,0,0,1,0,0,0,0.5,0.32253262,0.3144437
0,0,1,1,0,1,0,0,0,0,0,0,0.76,0.4356349,0.50142914
0,1,1,1,0,1,0,0,1,1,0,0,0.43,0.55342025,0.6233665
1,1,1,1,0,0,0,0,0,0,0,0,0.44,0.3938736,0.4225089
0,1,1,1,0,0,0,0,0,0,0,0,0.24,0.30035412,0.27790552
0,0,1,1,0,0,0,0,0,0,0,0,0.25,0.35621202,0.34531954
0,1,1,1,0,0,0,0,0,0,0,0,0.38,0.34118474,0.33240333
0,0,1,0,0,0,0,1,0,0,1,1,0.33,0.33837363,0.24512112
0,1,1,0,0,0,0,1,1,1,0,0,1.0,0.76507664,0.87873477
0,1,1,1,0,0,0,0,1,1,0,0,0.64,0.6042158,0.70366114
0,1,1,1,0,0,0,0,0,0,0,0,0.42,0.38495868,0.39816839
0,0,0,1,0,0,1,0,0,0,0,0,0.66,0.4580513,0.5726825
0,1,1,1,0,0,0,0,0,0,0,0,0.19,0.36735192,0.3709358
0,1,1,1,0,0,0,0,0,0,0,0,0.34,0.33545858,0.32433352
0,0,1,0,1,0,0,0,0,0,0,1,0.16,0.28688708,0.19615388
0,1,1,1,0,0,1,0,0,0,0,0,0.1,0.28903836,0.2594383
0,0,1,1,0,0,0,0,0,1,1,0,0.48,0.5322959,0.6166239
0,0,0,1,0,0,1,0,0,0,0,0,0.25,0.35742223,0.38011956
0,0,0,1,0,0,0,0,1,1,0,0,0.27,0.32632077,0.2965416
0,1,1,1,0,0,0,0,0,0,0,0,0.32,0.37466732,0.38216144
0,0,1,1,0,0,0,0,0,0,0,1,0.3,0.3472759,0.30393186
0,0,0,1,0,0,0,0,0,0,0,0,0.45,0.2924241,0.26379362
0,1,1,0,0,0,0,0,0,0,0,0,0.32,0.27110565,0.23964818
0,1,1,1,0,0,0,0,1,0,0,0,0.21,0.3351438,0.3311796
0,1,1,1,0,0,0,0,0,0,0,0,0.24,0.35417795,0.3512411
0,0,1,1,0,0,0,0,0,0,0,1,0.26,0.28060257,0.22391114
0,1,1,1,0,0,0,0,0,0,0,0,0.34,0.30473226,0.28354865
0,1,1,1,1,0,0,0,0,0,0,0,1.0,0.5181842,0.64894164
0,1,1,1,0,0,1,0,0,0,0,0,0.27,0.35515803,0.34885114
0,1,1,1,1,0,1,0,0,0,0,0,0.39,0.28315407,0.2807433
0,1,1,1,0,0,0,0,0,0,0,0,0.22,0.29460865,0.2705672
0,1,1,1,0,0,0,0,1,1,0,0,0.39,0.40224752,0.41301656
0,1,1,0,0,0,0,0,0,1,0,0,0.25,0.35459498,0.33185655
0,0,0,0,0,0,1,0,0,0,0,0,0.72,0.5030116,0.6689807
0,1,1,1,0,0,0,0,1,1,0,0,0.67,0.55546725,0.64265937
0,0,1,0,0,0,1,0,0,0,0,0,0.53,0.3990354,0.42341155
0,1,1,1,0,0,0,0,0,0,0,0,0.55,0.3370356,0.32652336
0,1,1,1,0,0,0,0,1,1,0,0,0.19,0.26059014,0.23398826
0,0,1,1,0,0,0,0,0,0,0,0,0.31,0.3169013,0.288634
0,0,0,1,0,0,1,0,0,0,0,0,0.25,0.3121704,0.30437994
0,0,0,1,0,0,0,0,0,0,0,0,0.3,0.3194619,0.29784042
0,0,1,1,0,0,0,0,0,0,0,0,0.61,0.4228963,0.44399422
0,1,1,1,0,1,0,0,0,0,0,0,0.3,0.3400897,0.35433778
0,1,1,0,0,0,1,1,0,0,1,0,0.15,0.42422524,0.41958007
0,1,1,1,0,0,0,0,1,1,0,0,0.26,0.32737288,0.30847505
0,0,1,0,0,0,1,1,0,0,1,0,0.3,0.310853,0.29030547
0,1,1,1,0,0,1,0,0,1,0,0,0.19,0.31146294,0.29184076
0,1,1,1,0,0,1,0,0,0,0,0,0.28,0.30483705,0.27934802
0,1,1,1,0,0,0,0,0,0,0,0,0.31,0.27992392,0.252104
0,1,1,0,0,0,1,0,0,0,0,0,0.31,0.36949915,0.37695146
0,1,1,1,0,0,0,0,1,0,0,0,0.33,0.29931253,0.2847414
0,0,1,1,0,0,0,0,0,0,0,0,0.2,0.2995541,0.26582533
0,1,1,0,0,0,0,0,0,0,0,0,0.26,0.26978308,0.23815314
0,1,1,1,0,0,0,0,0,0,0,0,0.43,0.32515448,0.31038803
0,0,1,1,0,0,0,0,0,0,0,1,0.28,0.3532661,0.3120429
0,1,1,1,0,0,0,0,0,0,0,0,0.33,0.34266827,0.3345285
0,0,0,1,0,1,0,0,0,1,1,0,0.18,0.3010515,0.33164907
0,1,1,1,0,0,0,0,0,0,0,0,0.39,0.3689019,0.37330312
0,1,1,1,0,0,0,0,0,0,0,0,0.07,0.31757468,0.30033964
0,1,1,1,1,0,0,0,0,0,0,0,0.37,0.34218,0.33705312
0,1,1,1,0,0,0,0,0,0,0,0,0.33,0.32749084,0.3134956
0,0,1,1,0,0,1,0,0,0,0,1,0.25,0.36081523,0.3554287
0,1,1,0,0,0,0,0,0,0,0,0,0.17,0.30119506,0.2769703
0,1,1,1,0,0,0,0,0,0,0,0,0.27,0.27319083,0.24385877
0,1,1,1,0,0,0,0,0,1,0,0,0.3,0.34221634,0.33640477
0,1,1,1,0,0,0,0,0,0,0,0,0.42,0.37230518,0.37852222
0,1,1,1,0,0,0,0,0,0,0,0,0.26,0.41306528,0.4452149
0,1,1,1,0,0,0,0,1,0,0,0,0.43,0.39888254,0.42054892
1,1,1,1,0,0,0,0,0,0,0,0,0.83,0.54983836,0.6275479
0,1,1,1,0,0,0,0,1,0,0,0,0.11,0.29033038,0.2738076
0,1,1,1,0,0,0,0,0,0,0,0,0.34,0.31337687,0.294807
0,1,1,1,0,0,0,0,0,0,0,0,0.42,0.34078288,0.33182883
0,1,1,1,0,0,0,0,0,0,0,0,0.35,0.31934473,0.30268836
0,1,1,1,0,0,0,0,0,0,0,0,0.39,0.4065277,0.4336486
0,1,1,1,0,1,0,0,0,0,0,0,0.49,0.3301316,0.34215617
0,1,1,0,0,0,0,0,0,0,0,0,0.33,0.35448703,0.35887378
0,0,1,1,0,0,0,0,0,0,0,0,0.64,0.63471043,0.714015
0,0,0,0,0,0,1,1,0,0,0,0,0.25,0.3873202,0.31770656
0,1,1,1,0,0,0,1,0,0,1,0,0.22,0.33180147,0.34003273
0,1,1,1,0,0,0,0,0,0,0,0,0.32,0.4278161,0.47172993
0,1,1,1,0,0,0,0,0,0,0,0,0.87,0.5608876,0.6744649
0,0,1,1,0,0,0,0,0,0,0,1,0.34,0.28825977,0.23221616
0,1,1,1,0,0,0,0,0,0,0,0,0.33,0.31636748,0.29874247
0,1,1,1,0,0,0,0,1,1,0,0,0.45,0.32084325,0.30037624
0,1,1,1,0,0,1,0,0,0,0,0,0.65,0.3695442,0.37021106
0,1,1,1,0,0,0,0,0,1,0,0,0.27,0.36773857,0.3733289
0,1,1,1,0,0,0,0,0,0,0,0,0.37,0.40747786,0.43530816
0,1,1,1,0,0,0,0,1,1,0,0,0.35,0.41255823,0.4286726
0,1,1,1,0,0,0,0,0,0,0,0,0.72,0.4173898,0.4529528
0,1,1,1,0,0,0,0,0,0,0,0,0.16,0.2980276,0.2749344
0,1,1,1,0,0,0,0,0,1,1,0,0.58,0.5665053,0.65661544
0,0,0,1,0,0,1,0,0,0,0,0,0.7,0.4405436,0.54095066
0,0,0,1,0,0,0,0,0,0,0,0,0.37,0.3523319,0.34677082
0,0,1,1,0,0,0,0,1,0,0,1,0.42,0.49508494,0.5350427
0,1,1,1,0,0,0,0,0,0,0,0,0.24,0.28920048,0.2637083
0,1,1,1,0,0,1,0,0,0,0,0,0.51,0.4291498,0.46785146
0,1,1,1,0,0,0,0,0,0,0,0,0.38,0.2985226,0.27556485
0,1,1,1,0,0,0,0,0,0,0,0,0.43,0.39933857,0.42137223
0,0,1,1,1,0,0,0,0,0,0,1,0.96,0.27607912,0.30890137
0,0,0,1,0,0,0,0,0,0,0,0,0.42,0.3303032,0.31295797
0,0,0,1,0,0,0,0,0,0,0,0,0.74,0.35590205,0.3525073
0,1,1,1,0,0,0,0,1,1,0,0,0.32,0.36931846,0.3641792
0,1,1,1,0,0,0,0,1,1,0,0,0.03,0.29886,0.2739691
0,1,1,1,0,0,1,0,0,0,0,0,0.22,0.32878217,0.31144547
0,1,1,1,0,0,0,0,0,0,0,0,0.32,0.28294894,0.25587326
0,1,1,1,0,0,0,0,0,0,0,0,0.63,0.45969573,0.5311254
0,1,1,1,0,0,0,0,0,0,0,0,0.1,0.38970146,0.40568113
0,1,1,1,0,0,0,0,0,0,0,0,0.4,0.31056374,0.2911311
0,1,1,0,0,0,0,0,0,0,0,0,0.32,0.34380278,0.34140775
0,1,1,1,0,0,1,0,0,0,0,0,0.21,0.2916842,0.26268956
0,0,1,1,0,0,1,0,0,0,0,1,0.81,0.5572132,0.69596446
0,1,1,1,0,0,0,0,0,0,0,0,0.3,0.3260972,0.31163985
0,1,1,1,0,0,0,0,0,0,0,0,0.31,0.32798555,0.31415585
0,1,1,1,0,0,0,0,1,0,0,0,0.71,0.47450003,0.5319668
0,1,1,1,0,0,0,0,0,0,0,0,0.3,0.29271746,0.26815957
0,1,1,1,0,0,0,0,0,0,0,0,0.27,0.31904012,0.3022838
0,1,1,0,0,0,0,0,0,1,0,0,0.39,0.3766786,0.36671072
0,1,1,1,0,0,0,0,0,0,0,0,0.28,0.3307975,0.31794187
0,1,1,1,0,1,0,0,0,0,0,0,0.34,0.40925956,0.445571
0,1,1,0,0,0,1,0,0,0,0,0,0.24,0.3011183,0.27385932
0,1,1,1,0,0,0,0,1,0,0,0,0.72,0.5406642,0.603693
0,1,1,1,0,0,0,0,0,0,0,0,0.26,0.25717914,0.22599868
0,0,1,0,0,0,1,0,0,1,0,0,0.44,0.37154168,0.39131975
0,1,1,1,0,0,0,0,0,0,0,0,0.28,0.31060672,0.29118708
0,1,1,0,0,0,0,1,0,0,0,0,0.29,0.28288063,0.26341587
0,1,1,1,0,0,0,0,0,0,0,0,0.69,0.38827667,0.40339833
0,0,1,1,0,0,0,0,0,0,0,1,0.55,0.29195327,0.2362986
0,0,1,1,0,0,0,0,1,1,1,0,0.32,0.3300131,0.30733234
0,1,1,1,0,0,0,0,0,0,0,0,0.52,0.37596688,0.38416922
0,1,1,1,0,0,1,1,0,0,0,0,0.34,0.2989808,0.2917049
0,1,1,1,0,0,1,0,0,0,0,0,0.35,0.35028622,0.34173012
0,0,0,0,0,0,1,0,0,0,0,0,1.0,0.4817974,0.62633866
0,1,1,1,0,0,0,0,1,0,0,0,0.06,0.6034673,0.66231966
1,1,1,1,0,0,0,0,0,0,0,0,0.27,0.30787358,0.2981172
0,0,0,0,0,0,0,0,0,0,0,0,0.22,0.25717902,0.19703424
0,0,1,0,0,0,0,1,0,0,1,1,0.19,0.33651522,0.2426193
0,1,1,0,0,0,1,1,1,1,1,0,0.31,0.31025922,0.29216152
0,1,1,1,0,0,0,0,0,0,0,0,0.19,0.2846907,0.25805122
0,0,0,1,0,0,0,0,1,1,0,0,0.41,0.3877408,0.39337566
0,0,1,1,0,0,0,0,1,1,0,1,0.25,0.33526102,0.31727034
0,1,1,1,0,0,0,0,0,0,0,0,0.17,0.39788118,0.41898757
0,1,1,1,0,1,1,0,0,0,0,0,0.51,0.31131282,0.3310499
0,1,1,1,0,0,0,0,0,0,0,0,0.36,0.41032973,0.44033974
0,0,0,0,0,0,0,0,0,1,0,0,0.19,0.32707572,0.25430682
0,0,1,1,0,0,0,0,1,0,0,1,0.55,0.29956135,0.25936562
0,1,1,1,0,0,0,0,0,0,0,0,0.25,0.28560534,0.25919655
0,1,1,1,0,0,0,1,0,0,1,0,0.26,0.36880863,0.38776094
0,1,1,1,0,0,0,0,0,0,0,0,0.22,0.3275333,0.31355223
0,1,1,1,0,0,0,0,0,0,0,0,0.48,0.52870977,0.636439
0,1,1,1,0,0,0,0,0,0,0,0,0.25,0.39108226,0.4079163
0,0,0,0,0,0,0,0,0,0,0,0,0.16,0.2820763,0.2193975
0,1,1,1,0,0,0,0,1,1,0,0,0.66,0.5339706,0.6174025
0,0,0,0,0,0,1,0,0,0,0,0,0.16,0.29534492,0.24368015
0,0,1,1,0,0,0,0,0,0,0,0,0.23,0.28557044,0.24894476
0,1,1,1,0,0,1,0,0,0,0,0,0.37,0.30731708,0.28260437
0,0,0,1,0,0,0,0,0,0,0,0,0.29,0.3553487,0.351612
0,1,1,1,0,0,0,0,0,0,0,0,0.47,0.30604154,0.28524703
0,1,1,0,0,0,1,0,0,0,0,0,0.42,0.38855857,0.41133046
0,1,1,1,0,0,0,0,0,0,0,0,1.0,0.59034336,0.70198643
0,1,1,1,0,0,1,0,0,0,0,0,0.24,0.26741606,0.2342025
0,1,1,1,0,0,0,0,0,0,0,0,0.26,0.30053046,0.27813148
0,1,1,1,0,0,0,0,0,0,0,0,0.32,0.3375993,0.32730797
0,1,1,0,0,0,0,0,0,0,0,0,0.27,0.30137312,0.2772167
0,1,1,0,0,0,0,0,0,0,0,0,0.35,0.2875299,0.25893167
0,1,1,1,0,1,0,0,0,0,0,0,0.34,0.29306883,0.29868612
0,0,0,1,0,0,0,0,0,0,0,0,0.41,0.36762944,0.37167794
0,0,0,0,0,0,1,0,0,0,0,1,0.31,0.35930803,0.28465194
0,1,1,1,0,1,0,0,0,0,0,0,0.59,0.308837,0.3167922
0,0,0,1,0,0,0,0,1,0,0,0,0.11,0.43000597,0.47797307
0,1,1,1,0,0,0,1,1,1,1,0,0.47,0.4464015,0.44492045
0,0,0,1,0,0,0,0,0,0,0,0,1.0,0.46260542,0.5509598
0,1,1,1,0,0,0,0,0,0,0,0,0.57,0.3679495,0.37184775
0,1,1,1,0,0,0,0,0,0,0,0,0.03,0.35282534,0.34925693
0,1,1,1,0,0,0,0,1,0,0,0,0.35,0.40120834,0.42397174
0,1,1,1,0,0,0,0,0,1,0,0,0.38,0.315405,0.30092788
0,1,1,1,0,0,1,0,0,0,0,0,0.37,0.27129418,0.23860607
0,1,1,1,0,0,0,0,0,0,0,0,0.25,0.39330116,0.41151872
0,1,1,1,0,0,0,0,1,1,0,0,0.38,0.38340703,0.38472894
0,1,1,1,0,0,0,0,0,0,0,0,0.19,0.2918017,0.26699612
0,1,1,1,0,0,0,0,1,1,0,0,0.18,0.28451505,0.25838202
0,1,1,1,0,0,0,0,0,0,0,0,0.22,0.28094122,0.2533673
0,0,0,1,0,0,0,0,0,0,0,0,0.38,0.35679737,0.35395807
0,1,1,1,0,0,0,0,0,0,0,0,0.51,0.32077536,0.3045921
1,1,1,1,0,0,0,0,0,0,0,0,0.37,0.4599495,0.52412593
0,1,1,1,0,0,0,0,1,0,0,0,0.05,0.2687176,0.24876606
0,1,1,1,0,0,0,0,0,1,0,0,0.55,0.5352036,0.619794
0,1,1,1,0,1,0,0,0,0,0,0,0.24,0.26192522,0.26475865
0,1,1,1,0,1,0,0,0,1,1,0,1.0,0.53059256,0.6821132
0,1,1,1,0,0,0,0,0,0,0,0,0.27,0.30408248,0.2827068
0,0,1,1,0,0,0,0,0,0,0,0,0.6,0.6603199,0.7331724
0,0,0,1,0,0,0,0,0,0,0,0,0.74,0.5655589,0.67914397
0,0,0,1,0,0,0,0,0,0,0,0,0.48,0.30971622,0.2848843
0,1,1,1,0,0,1,0,0,0,0,0,0.33,0.38906607,0.40065128
0,1,1,1,0,0,0,0,0,0,0,0,0.65,0.41981706,0.4573091
0,1,1,1,0,1,0,0,0,0,0,0,0.17,0.3021922,0.3090214
0,1,1,1,0,0,0,0,0,0,0,0,0.44,0.3540878,0.35110867
0,1,1,1,0,0,0,0,1,0,0,0,0.28,0.38337216,0.39795685
0,1,1,1,0,0,0,0,1,1,0,0,0.45,0.46495065,0.51574767
0,1,1,1,0,0,0,0,0,1,0,0,0.49,0.4825965,0.5457815
0,1,1,1,0,0,0,0,0,1,0,0,0.47,0.37601805,0.38583234
1,1,1,1,0,0,0,0,0,0,0,0,0.37,0.36589313,0.379531
0,1,1,1,0,1,0,0,0,0,0,0,0.44,0.57042354,0.6640829
0,0,1,1,0,0,0,0,0,0,0,1,0.41,0.40463567,0.3861434
0,1,1,1,0,0,0,0,0,0,0,0,1.0,0.5702778,0.6839143
0,1,1,1,0,0,0,0,0,0,0,0,0.28,0.33672595,0.32609278
0,1,1,1,0,0,0,0,1,0,0,0,0.19,0.32949147,0.32362103
0,1,1,1,0,0,0,0,0,0,0,0,0.48,0.31710058,0.2997118
0,1,1,1,0,0,0,0,0,0,0,0,0.61,0.49030662,0.5835021
0,1,1,1,0,0,0,0,0,1,0,0,0.47,0.4995842,0.5706347
0,1,1,1,0,1,0,0,0,0,0,0,0.09,0.40482917,0.43907338
0,1,1,1,0,0,0,0,1,1,0,0,0.47,0.32993516,0.31168643
0,1,1,1,0,0,0,0,0,0,0,0,0.35,0.29710096,0.27375656
0,1,1,1,0,0,0,0,0,0,0,0,0.43,0.49856925,0.59581196
0,0,1,1,0,0,0,0,0,0,0,0,0.35,0.33417124,0.31318402
0,1,1,1,0,1,0,0,0,0,0,0,0.18,0.2901938,0.29550487
0,1,1,1,0,0,0,0,0,0,0,0,0.4,0.5247363,0.6314374
0,0,1,0,0,0,0,0,0,0,0,0,0.63,0.69533265,0.7830387
0,0,0,1,0,0,0,0,0,0,0,0,0.19,0.291659,0.26290482
0,1,1,1,0,0,0,0,1,0,0,0,0.22,0.389026,0.40614462
0,1,1,1,0,0,0,0,0,0,0,0,0.13,0.33547944,0.32436246
0,1,1,1,0,0,0,0,1,1,0,0,0.36,0.32719833,0.30825704
0,1,1,0,0,0,1,1,1,1,1,0,0.33,0.357342,0.36429518
0,1,1,1,0,0,0,0,0,1,0,0,0.63,0.53278697,0.61660236
0,1,1,1,0,0,0,0,0,0,0,0,0.17,0.26431292,0.2335644
0,1,1,1,0,0,0,1,0,0,0,0,0.28,0.3282575,0.29044437
0,0,0,1,0,0,0,0,0,0,0,0,0.58,0.40628895,0.44178742
0,1,1,1,0,0,0,0,1,0,0,0,0.13,0.25569436,0.23493846
0,0,1,1,0,0,0,0,0,0,0,1,0.11,0.40852818,0.3924237
0,1,1,1,0,0,0,0,1,1,0,0,0.48,0.29449382,0.26913124
0,1,1,1,0,0,0,0,0,0,0,0,0.02,0.65731335,0.7616545
0,1,1,1,0,0,0,0,0,0,0,0,0.35,0.668104,0.7704195
0,1,1,1,0,0,0,0,0,0,0,0,0.51,0.33793557,0.3277765
0,1,1,1,0,1,0,0,0,0,0,0,0.21,0.3209653,0.3309796
0,1,1,1,0,0,1,0,0,0,0,0,0.3,0.44537386,0.49697822
0,1,1,1,0,1,0,1,0,0,1,0,0.28,0.3729859,0.41378206
0,1,1,1,0,0,0,0,1,1,0,0,0.87,0.45854837,0.504643
0,0,1,1,0,0,0,0,1,1,0,0,0.18,0.46373177,0.50225866
0,0,1,0,0,0,0,0,0,0,0,0,0.32,0.3084463,0.2787903
0,1,1,0,0,0,1,0,0,1,1,0,0.43,0.45166808,0.52560675
0,1,1,1,0,0,0,0,0,0,0,0,0.34,0.3021616,0.28022712
0,1,1,1,0,0,1,0,0,0,0,0,0.62,0.64385927,0.77975017
0,1,1,1,0,0,0,0,1,0,1,0,0.5,0.33940208,0.27973843
0,1,1,1,0,0,0,0,0,0,0,0,0.34,0.3644214,0.3664767
0,1,1,1,0,0,0,0,1,1,0,0,0.7,0.58493453,0.6801487
0,1,1,1,0,0,0,0,0,0,0,0,0.27,0.33830404,0.3282963
0,0,0,0,0,0,0,1,1,1,0,0,0.23,0.33870888,0.24468681
0,1,1,0,0,0,0,0,0,0,0,0,0.35,0.35654956,0.36228198
0,0,1,0,0,0,1,0,0,0,0,1,0.21,0.30145124,0.23092937
0,1,1,1,0,0,1,0,0,0,0,0,0.42,0.28388733,0.25326174
0,1,1,0,0,0,0,1,1,1,1,0,0.43,0.4279789,0.43207425
0,1,1,1,0,0,0,0,0,0,0,0,0.21,0.30872184,0.28873208
0,1,1,1,0,0,0,1,0,0,1,0,0.92,0.4668575,0.52142346
0,1,1,1,0,0,0,0,0,0,0,0,0.37,0.30652216,0.28587186
0,1,1,1,0,0,0,0,0,0,0,0,0.25,0.32108134,0.30500013
0,1,1,1,0,0,1,0,0,0,0,0,0.51,0.39693516,0.41305035
0,1,1,1,0,0,0,0,0,0,0,0,0.21,0.27542537,0.24656849
0,1,1,1,0,0,0,0,0,0,0,0,0.25,0.32422847,0.30916104
0,1,1,1,0,0,0,0,0,0,0,0,0.21,0.3085118,0.28845868
0,1,1,1,0,0,0,0,0,1,1,0,0.87,0.64426214,0.7464937
0,1,1,1,0,0,0,0,0,0,0,0,0.37,0.31615952,0.29846781
0,1,1,1,0,0,0,0,1,1,0,0,0.36,0.33962667,0.3239687
0,1,1,0,0,0,0,0,0,1,0,0,0.23,0.34397674,0.3166028
0,1,1,1,0,0,0,0,0,0,0,0,0.2,0.3027131,0.28093767
0,0,1,1,1,0,0,0,0,0,0,0,0.39,0.4059782,0.41560537
0,1,1,1,0,0,0,0,0,0,0,0,0.47,0.31271663,0.29394227
0,1,1,1,0,0,0,0,1,1,0,0,0.45,0.4398962,0.4723805
0,1,1,1,0,0,0,0,0,0,0,0,0.55,0.3493123,0.34412828
0,0,1,1,0,0,0,0,0,0,0,0,0.03,0.48174086,0.5356607
0,1,1,1,0,0,0,0,1,0,0,0,0.32,0.2897331,0.27309227
0,0,0,1,0,0,0,0,0,0,0,0,0.38,0.36320904,0.36440808
0,0,1,1,0,0,0,0,0,0,0,1,0.29,0.34250826,0.29755753
0,1,1,1,0,0,0,0,0,0,0,0,0.33,0.30037922,0.27793765
0,1,1,0,0,0,0,0,0,0,0,0,0.14,0.28023466,0.25022185
0,0,1,0,0,0,0,0,0,0,0,0,0.34,0.54381543,0.6092019
0,1,1,1,0,0,0,0,0,0,0,0,0.25,0.28268522,0.25554308
0,1,1,1,0,0,0,0,1,1,1,0,0.39,0.38290617,0.36435786
0,1,1,1,0,0,0,0,0,0,0,0,0.55,0.43121195,0.47796234
0,0,1,0,0,0,1,0,1,1,0,0,0.64,0.47103515,0.5860762
0,1,1,1,0,0,0,0,0,0,0,0,0.32,0.3512025,0.34688333
0,0,1,1,0,0,0,0,0,0,0,0,0.39,0.3945505,0.40089265
0,0,0,1,0,0,0,0,1,1,0,1,0.09,0.30811247,0.17785865
0,1,1,1,0,0,0,0,1,1,0,0,0.32,0.41499844,0.43237615
0,1,1,1,1,0,0,0,0,0,0,0,0.04,0.30194575,0.28239614
0,1,1,1,0,0,0,0,0,0,0,0,0.29,0.42529446,0.46716252
0,0,0,1,0,0,0,0,0,0,0,0,0.32,0.31894714,0.29713777
0,1,1,1,0,0,0,0,1,0,0,0,0.4,0.3989066,0.42058426
0,1,1,1,0,0,0,0,0,1,0,0,0.59,0.49318653,0.5611827
1,1,1,1,1,0,0,0,0,0,0,0,0.35,0.28504747,0.20682792
0,1,1,0,0,0,0,0,0,0,0,0,0.29,0.3086185,0.2873587
0,1,1,1,0,0,0,0,0,0,0,0,0.29,0.24773276,0.21648665
0,1,1,0,0,0,1,1,1,1,1,0,0.22,0.30073088,0.2788318
0,0,1,1,0,0,0,0,0,0,0,0,0.78,0.66503,0.7364977
0,0,0,1,0,0,1,0,0,0,0,0,0.58,0.3864048,0.43676814
0,1,1,1,0,0,0,0,1,0,0,0,0.41,0.64481705,0.70138186
0,1,1,1,0,0,0,0,0,0,0,0,0.33,0.29770333,0.2745219
0,1,1,1,0,0,0,0,1,1,0,0,0.39,0.38921925,0.39335424
0,1,1,1,0,0,0,0,1,1,0,0,0.47,0.37154824,0.36739653
0,1,1,1,0,0,0,0,0,0,0,0,0.55,0.43141907,0.4783426
0,0,1,1,0,0,0,0,0,0,0,0,0.96,0.52249986,0.5984235
0,1,1,1,0,0,0,0,0,0,0,0,0.18,0.36262533,0.363755
0,0,1,1,0,0,0,0,1,1,0,1,0.22,0.39796692,0.40418616
0,1,1,0,0,0,0,0,0,0,0,0,0.77,0.444983,0.5150908
0,0,0,1,0,0,0,0,1,1,0,1,0.02,0.4144353,0.2957279
0,1,1,1,0,0,0,0,0,0,0,0,0.3,0.2994513,0.27675018
0,1,1,1,0,0,0,0,0,0,0,0,0.2,0.30561915,0.28469855
0,1,1,1,0,0,0,0,0,0,0,0,0.13,0.3081986,0.2880513
0,0,0,1,0,0,0,0,1,1,0,0,1.0,0.48161182,0.57833815
0,1,1,1,0,0,0,0,1,1,0,0,0.32,0.33585078,0.31915066
0,1,1,1,0,0,0,0,0,0,0,0,0.5,0.6266675,0.7348135
0,1,1,1,0,0,0,0,1,1,0,0,0.25,0.30877987,0.28567192
0,1,1,1,0,0,0,0,0,0,0,0,0.3,0.5347242,0.6439083
0,1,1,1,0,0,1,0,0,0,0,0,0.39,0.3610907,0.35764074
0,0,1,0,0,0,0,0,0,0,0,0,0.36,0.4710688,0.507208
0,1,1,1,0,1,0,1,0,0,1,0,0.48,0.34829035,0.38115805
0,0,1,1,0,0,0,0,0,0,0,0,0.14,0.2644027,0.2261053
1,1,1,1,0,0,0,0,0,0,0,0,0.22,0.33968347,0.34089866
0,1,1,1,0,0,0,0,0,0,0,0,0.4,0.3692597,0.37385044
0,1,1,1,0,1,0,0,0,0,0,0,0.26,0.32482213,0.33566862
0,1,1,1,0,0,0,0,0,0,0,0,0.42,0.35674033,0.3550142
0,1,1,1,0,0,0,0,0,0,0,0,0.51,0.40311366,0.42772746
0,1,1,0,0,0,0,1,0,1,1,0,0.36,0.3253452,0.29579696
0,1,1,0,0,0,1,0,0,1,0,0,0.49,0.36971948,0.40445656
0,1,1,1,0,0,0,0,1,1,0,0,0.8,0.39648786,0.40429005
0,1,1,1,0,0,0,0,0,0,0,0,0.49,0.32733157,0.31328323
0,0,0,0,0,0,0,0,0,0,0,0,0.38,0.3982547,0.3957643
0,1,1,1,0,0,0,0,0,0,0,0,0.5,0.33734828,0.32695848
0,1,1,0,0,0,0,0,0,0,0,0,0.54,0.3983155,0.4318847
0,1,1,1,0,0,0,0,0,0,0,0,0.31,0.39011097,0.40634364
0,1,1,1,0,0,0,0,1,1,0,0,1.0,0.51036495,0.5875317
0,1,1,1,0,0,0,0,0,1,0,0,0.18,0.27794647,0.2554352
0,0,0,1,0,0,0,0,0,0,0,0,0.25,0.34310383,0.3321644
0,1,1,1,0,0,0,0,0,0,0,0,0.2,0.31288815,0.29416677
0,0,0,0,1,0,1,0,0,0,0,0,0.54,0.35681322,0.3869664
0,1,1,1,0,0,0,0,0,0,0,0,0.2,0.2568782,0.22569248
0,1,1,1,0,0,0,0,1,1,0,0,0.26,0.30683234,0.28332385
0,1,1,0,0,0,1,0,0,0,0,0,0.49,0.36214536,0.36421737
0,1,1,1,0,0,0,0,0,0,0,0,0.43,0.42912847,0.47413865
0,0,1,0,0,0,0,0,0,0,0,0,0.3,0.32262415,0.29744545
0,0,1,0,0,0,0,0,0,0,0,0,0.45,0.5364825,0.5987072
0,1,1,1,0,0,0,0,0,0,0,0,0.03,0.26069418,0.22963123
0,1,1,1,0,0,0,0,0,0,0,0,1.0,0.48079896,0.5684646
0,1,1,1,0,0,0,0,1,1,0,0,0.39,0.35899842,0.34957522
0,1,1,0,0,0,1,1,1,1,1,0,0.64,0.4074418,0.4480745
0,1,1,1,0,0,0,0,0,0,0,0,0.25,0.24461365,0.21339245
0,1,1,1,0,0,0,0,0,0,0,0,0.67,0.6236787,0.73204935
0,0,1,1,0,0,0,0,0,0,0,1,0.3,0.27646157,0.21951735
0,1,1,1,0,0,0,0,0,0,0,0,0.4,0.35041037,0.34572747
1,1,1,1,0,0,0,0,0,0,0,0,0.6,0.29513872,0.28200364
0,1,1,1,0,0,1,0,0,0,0,0,0.6,0.4012827,0.42003804
0,1,1,1,0,0,0,0,0,0,0,0,0.26,0.2614987,0.23049441
0,1,1,1,0,0,0,0,0,0,0,0,0.28,0.31976846,0.30325153
0,0,1,1,0,0,0,0,0,0,0,0,0.33,0.3120989,0.28211173
0,1,1,0,0,0,0,0,0,0,0,0,0.82,0.37902236,0.39963847
0,0,0,1,0,1,0,0,0,0,0,0,0.36,0.32118815,0.29766554
0,1,1,1,0,0,0,0,0,0,0,0,1.0,0.49580652,0.5917524
0,0,1,0,0,0,1,0,0,1,0,0,0.3,0.36285478,0.3752151
0,1,1,1,0,0,0,0,0,0,0,0,0.41,0.26137024,0.23035648
0,0,1,1,0,0,0,0,0,1,0,1,0.58,0.42336005,0.4782076
0,1,1,1,0,0,0,0,0,0,0,0,1.0,0.531239,0.63957757
0,1,1,1,0,0,0,0,1,1,0,0,0.46,0.551815,0.63827103
0,1,1,1,0,0,0,0,0,0,0,0,0.55,0.48355848,0.57301503
0,1,1,1,0,0,0,0,0,0,0,0,0.38,0.3995791,0.4217673
0,0,1,1,0,0,0,0,0,0,0,0,0.19,0.3982308,0.40636888
0,1,1,1,0,0,0,0,0,0,0,0,0.1,0.29053026,0.2653859
0,0,0,1,0,0,0,0,0,0,0,0,0.32,0.28474396,0.2549762
0,1,1,1,0,0,0,0,1,0,1,0,0.02,0.44179374,0.40736374
0,0,0,1,0,0,0,0,0,0,0,0,0.26,0.36481795,0.36704722
0,1,1,1,0,0,0,0,0,1,0,0,0.39,0.38615796,0.40128613
0,1,1,1,0,0,0,0,0,0,0,0,0.45,0.51862013,0.62363255
0,1,1,1,0,0,1,0,0,0,0,0,0.35,0.31888568,0.29807976
0,0,1,1,0,0,0,0,0,0,0,0,0.44,0.32678765,0.30255857
0,1,1,1,0,0,0,0,0,0,0,0,0.44,0.48628968,0.5773185
0,1,1,1,0,0,0,0,0,0,0,0,0.36,0.37539744,0.38328898
0,1,1,1,0,0,0,0,0,1,0,0,0.42,0.34593815,0.3416888
0,1,1,1,0,0,0,0,0,0,0,0,0.4,0.42220244,0.46159658
0,1,1,0,0,1,0,0,0,0,0,0,0.25,0.4117393,0.46186948
0,1,1,1,0,0,0,0,0,0,0,0,0.22,0.27768493,0.24933855
0,1,1,1,0,0,0,0,1,1,0,0,0.32,0.28479484,0.25867754
0,1,1,1,0,0,0,0,1,1,0,0,0.29,0.28927088,0.2634573
0,1,1,0,0,0,0,0,0,0,0,0,0.03,0.28522015,0.25615987
0,1,1,1,0,1,0,0,1,1,0,0,0.32,0.43597078,0.45148748
0,1,1,0,0,0,1,1,0,0,0,0,0.44,0.33362323,0.3361923
0,1,1,1,0,0,0,0,0,0,0,0,0.22,0.28796226,0.26215243
0,0,0,1,0,0,0,0,0,0,0,0,0.3,0.3043322,0.27816334
0,0,0,1,0,0,1,0,0,0,0,0,0.27,0.39099705,0.44580406
0,1,1,0,0,0,1,1,0,1,1,0,0.46,0.4320832,0.53247803
0,0,1,1,0,0,0,0,0,0,0,0,0.58,0.6968661,0.7588627
0,1,1,1,0,0,0,0,1,1,0,0,1.0,0.60116684,0.70008177
0,1,1,1,0,0,0,0,1,0,1,0,0.62,0.4182337,0.37486896
0,1,1,0,0,0,1,1,0,0,0,0,0.38,0.3597235,0.38113692
0,1,1,1,0,0,0,0,1,0,0,0,0.27,0.28029263,0.26189703
0,1,1,1,0,0,0,0,0,0,0,0,0.31,0.4310441,0.47765422
0,1,1,1,0,0,0,0,0,0,0,0,0.36,0.42241782,0.461984
0,1,1,1,0,0,0,0,0,1,0,0,0.63,0.37280133,0.380961
0,1,1,1,0,0,1,0,0,0,0,0,0.39,0.3590421,0.35459432
0,1,1,1,0,0,0,0,0,0,0,0,0.23,0.24358197,0.21237603
0,1,1,1,0,0,1,0,0,0,0,0,0.59,0.36098456,0.35748267
0,1,1,1,0,0,1,0,0,0,0,0,0.7,0.4242652,0.45937243
0,1,1,1,0,0,0,0,0,0,0,0,0.6,0.38741463,0.40203744
0,0,0,1,0,1,0,0,0,0,0,0,0.27,0.35040537,0.3278853
0,1,1,1,0,0,0,0,0,0,0,0,0.34,0.3593735,0.35891062
0,0,0,1,0,0,0,0,1,1,0,0,0.48,0.4234264,0.45957762
0,1,1,1,0,0,0,0,0,0,0,0,0.19,0.30938292,0.28959346
0,1,1,1,0,0,0,0,0,0,1,0,0.07,0.3069115,0.27816826
0,0,1,1,0,0,0,0,0,0,0,0,0.37,0.31014472,0.27950796
0,1,1,1,0,0,0,0,0,0,0,0,1.0,0.6902057,0.7872435
0,1,1,1,0,0,0,0,0,0,0,0,0.2,0.30416688,0.28281605
0,1,1,1,0,0,0,0,0,0,0,0,0.31,0.3600009,0.3598418
0,1,1,0,0,0,0,0,0,1,0,0,0.45,0.47160268,0.5442594
0,1,1,0,0,0,1,0,0,0,0,0,0.66,0.35216606,0.34757665
0,1,1,1,0,0,1,0,0,0,0,0,0.33,0.40792313,0.431171
0,1,1,1,0,0,0,0,0,0,0,0,0.81,0.38155732,0.39285102
0,0,1,1,0,1,0,0,0,0,0,1,0.25,0.31415063,0.30878147
0,0,0,1,0,0,1,0,0,0,0,0,0.27,0.38158217,0.42723417
0,1,1,1,0,1,0,0,0,0,0,0,0.61,0.44853216,0.50593144
0,1,1,1,0,0,1,0,0,0,0,0,0.19,0.378375,0.38386872
0,1,1,1,0,0,0,0,0,0,0,0,0.13,0.2967782,0.27334338
0,0,1,1,0,0,0,0,0,0,0,0,0.08,0.31341314,0.28387707
0,1,1,1,0,0,0,0,0,0,0,0,0.27,0.3445547,0.33724055
0,1,1,1,0,0,0,0,0,0,0,0,0.35,0.28244346,0.25524065
0,1,1,1,0,1,0,0,0,0,0,0,0.28,0.35830584,0.37686604
0,1,1,1,0,0,0,0,0,0,0,0,0.27,0.29281,0.26827732
0,1,1,1,0,0,0,0,0,0,0,0,0.67,0.41719484,0.4526032
1,1,1,1,0,0,1,0,0,0,0,0,0.07,0.27826396,0.23351184
0,1,1,1,0,0,0,0,0,0,0,0,0.31,0.3203032,0.30396304
0,1,1,0,0,0,0,0,0,0,0,0,0.46,0.45044357,0.52484363
0,1,1,1,0,0,0,0,0,0,0,0,1.0,0.67210996,0.77358246
0,0,1,1,0,0,0,0,0,0,0,1,0.43,0.38994798,0.3638649
0,0,1,0,1,0,0,0,1,1,0,0,0.22,0.34629726,0.27606323
0,1,1,1,0,0,0,1,0,0,1,0,0.33,0.3341846,0.34303123
0,0,1,1,0,0,0,0,1,0,0,0,0.42,0.37913513,0.39234632
0,1,1,1,0,0,0,0,0,0,0,0,0.28,0.35471934,0.35203668
0,1,1,1,0,0,0,0,0,0,0,0,0.28,0.25934166,0.2282079
0,1,1,0,0,0,0,0,0,0,0,0,0.34,0.29649326,0.2705142
0,1,1,1,0,1,0,0,0,0,0,0,1.0,0.63234043,0.7213458
0,1,1,0,0,0,0,0,0,0,0,0,0.11,0.28090298,0.25101328
0,0,1,1,0,0,0,0,0,0,0,1,0.27,0.28481823,0.2284523
0,1,1,1,0,0,0,0,0,0,0,0,0.41,0.40384308,0.42898503
0,1,1,1,0,0,0,0,1,0,0,0,0.3,0.39159915,0.4098969
0,1,1,1,0,0,0,0,0,0,0,0,0.88,0.5251624,0.63197595
0,1,1,1,0,0,0,0,0,0,0,0,0.69,0.52928704,0.6371634
0,0,1,0,0,0,1,0,0,0,0,0,0.28,0.37275112,0.3815615
0,1,1,1,0,0,0,0,0,0,0,0,0.23,0.326176,0.3117446
0,0,1,1,0,0,0,0,0,0,0,1,0.46,0.39933547,0.3779059
0,1,1,0,0,1,0,1,0,0,0,0,1.0,0.5270375,0.6469269
0,0,1,0,0,0,0,0,0,0,0,1,0.32,0.36301202,0.2919676
0,1,1,1,0,0,0,0,0,0,0,0,0.51,0.44103417,0.49607253
0,1,1,1,0,1,0,0,0,0,0,0,0.58,0.3055332,0.31293043
0,0,1,0,0,0,0,0,0,0,0,1,0.02,0.32458895,0.24404736
0,1,1,0,0,0,0,1,1,1,1,0,0.29,0.33662757,0.28366813
0,1,1,1,0,0,0,0,1,1,0,0,0.36,0.3944238,0.4011756
0,1,1,1,0,0,0,0,0,0,0,0,0.16,0.27463922,0.24561067
0,1,1,1,0,0,1,0,0,0,0,0,0.22,0.26950422,0.23656614
0,1,1,1,0,0,0,0,0,0,0,0,0.08,0.26049465,0.22941752
0,1,1,1,0,0,0,0,0,0,0,0,0.29,0.2992387,0.2764786
0,1,1,1,0,0,0,0,0,0,0,0,0.29,0.2862027,0.25994635
0,0,1,1,0,0,0,0,0,0,0,1,0.32,0.28402415,0.2275902
0,0,1,1,0,0,0,1,0,0,0,1,0.37,0.3680917,0.31204635
1,1,1,1,0,0,0,0,0,0,0,0,0.3,0.3541966,0.36201268
0,1,1,1,0,0,0,0,1,1,0,0,0.34,0.39389983,0.40038615
0,1,1,1,0,0,0,0,0,0,0,0,0.3,0.3322672,0.31994706
0,1,1,1,0,0,1,0,0,0,0,0,0.29,0.34224415,0.33017665
0,1,1,1,0,1,0,0,0,0,0,0,0.2,0.32867032,0.34037223
0,1,1,1,0,0,0,0,0,0,0,0,0.21,0.2589268,0.22778288
0,1,1,1,0,0,0,0,0,0,0,0,0.71,0.5245219,0.6311664
0,0,0,1,0,0,0,0,0,0,0,0,0.26,0.3596204,0.3585502
0,1,1,1,0,1,0,0,0,0,0,0,0.38,0.32558307,0.33659944
0,1,1,1,0,0,0,0,0,0,0,0,0.3,0.30845693,0.2883873
0,1,1,1,0,0,0,0,0,0,0,0,0.79,0.66453594,0.7675537
0,1,1,1,0,0,0,1,0,0,0,0,0.18,0.28437442,0.24014013
0,0,1,1,0,0,0,0,1,1,0,1,0.48,0.3125356,0.2895748
0,1,1,0,0,0,0,0,0,1,1,0,0.19,0.25878018,0.22712979
0,1,1,1,0,0,0,0,0,0,0,0,0.24,0.28233933,0.25511047
0,1,1,1,0,0,0,0,0,0,0,0,0.86,0.53006685,0.63813096
0,1,1,1,0,0,0,0,1,0,0,0,0.14,0.30684853,0.2942106
0,1,1,1,0,0,0,0,0,0,0,0,0.25,0.298078,0.27499855
0,1,1,1,0,0,0,0,0,0,0,0,0.81,0.5933484,0.7045307
0,1,1,1,0,0,1,0,0,1,0,0,0.34,0.34394422,0.33248287
0,1,1,0,0,1,0,1,0,0,0,0,0.47,0.3356521,0.2881462
0,0,1,1,0,0,0,0,0,0,0,1,0.55,0.63240445,0.76721823
0,1,1,1,0,0,1,0,0,0,0,0,0.35,0.2871005,0.25709492
0,1,1,0,0,0,0,0,0,0,0,0,0.29,0.3290483,0.3178323
0,1,1,1,0,1,0,0,0,0,0,0,0.3,0.32259607,0.33295733
0,1,1,1,0,0,0,0,0,0,0,0,0.17,0.36444154,0.36650732
0,1,1,1,0,0,0,0,0,0,0,0,0.33,0.34224328,0.33391905
1,1,1,1,0,0,0,0,0,0,0,0,0.42,0.41833782,0.46148404
0,0,0,1,0,0,0,0,0,0,0,0,0.14,0.26707846,0.23601595
0,1,1,1,0,0,0,0,1,0,0,0,0.31,0.38013667,0.39327973
0,1,1,1,0,1,0,0,0,0,0,0,0.29,0.32299918,0.33344713
0,0,1,1,0,0,0,0,0,0,0,1,0.43,0.32776794,0.27874434
0,1,1,1,0,0,0,0,0,0,0,0,0.29,0.34014282,0.33091488
0,1,1,1,0,0,0,0,0,0,0,0,0.42,0.31106704,0.29178715
0,1,1,1,0,0,0,0,0,0,0,0,0.46,0.5866477,0.6988038
0,1,1,1,0,0,0,0,0,0,0,0,0.27,0.32342649,0.3080999
0,1,1,1,0,0,0,0,0,0,0,0,0.39,0.39706734,0.4176576
0,1,1,1,0,0,0,0,0,0,0,0,0.49,0.34229234,0.33398932
0,1,1,1,0,0,0,0,1,1,0,0,0.21,0.37596998,0.37382656
0,1,1,0,0,0,1,0,0,0,0,0,0.3,0.36494574,0.36904496
0,1,1,1,0,0,0,0,0,0,0,0,0.27,0.3158344,0.2980387
0,1,1,1,0,0,0,0,0,0,0,0,0.24,0.3227612,0.307221
0,0,0,1,0,0,0,0,0,0,0,0,0.23,0.31599197,0.29312354
0,1,1,1,0,0,0,0,0,0,0,0,0.25,0.34431618,0.33689708
0,1,1,1,0,0,0,0,0,0,0,0,0.34,0.28622714,0.25997704
0,0,1,1,0,0,0,0,0,1,0,1,0.22,0.32250157,0.30758148
0,1,1,1,0,0,0,0,0,0,0,0,0.02,0.3925468,0.41029233
0,0,0,1,0,0,0,0,0,0,0,0,0.28,0.3160633,0.29322013
0,0,1,0,0,0,1,0,0,1,0,0,0.96,0.45835438,0.5613197
0,1,1,1,0,0,0,0,0,0,0,0,0.27,0.36210257,0.36296874
0,1,1,1,0,0,0,0,0,0,0,0,0.28,0.28784937,0.26201084
0,1,1,1,0,0,0,0,0,0,0,0,0.01,0.25307345,0.22186455
0,0,0,1,0,0,0,0,0,0,0,1,0.28,0.35925144,0.29498997
0,1,1,1,0,0,0,0,1,1,0,0,0.22,0.2772494,0.25080687
0,1,1,1,0,0,0,0,0,0,0,0,0.62,0.39863425,0.42021933
1,1,1,1,0,0,0,0,0,0,0,0,0.15,0.43303385,0.4848364
0,1,1,1,0,0,0,0,1,0,0,0,0.24,0.35241866,0.35449868
0,1,1,1,0,0,0,0,0,0,0,0,0.09,0.25482163,0.22360978
0,1,1,1,0,1,0,0,0,0,0,0,0.53,0.34004316,0.35428017
0,0,1,1,0,0,0,0,0,0,0,1,0.42,0.44969577,0.46569642
0,1,1,1,0,0,0,0,0,0,0,0,0.51,0.30343452,0.28186888
0,1,1,1,0,0,0,0,0,0,0,0,0.28,0.2718641,0.2422615
0,1,1,1,0,0,0,0,0,1,0,0,0.03,0.29209977,0.2719298
0,1,1,1,0,0,0,0,0,0,0,0,0.24,0.31306273,0.2943954
0,1,1,1,0,0,0,0,0,0,0,0,0.4,0.39866585,0.420271
0,1,1,1,0,0,0,0,0,0,0,0,0.26,0.24367404,0.2124666
0,0,1,1,0,0,0,0,0,0,0,0,0.76,0.40729293,0.4199503
0,0,1,1,0,0,0,0,0,0,0,0,0.06,0.43027773,0.4554321
0,1,1,1,0,0,0,0,0,0,0,0,0.3,0.37283102,0.37933117
0,0,1,0,0,0,1,0,0,0,0,1,0.37,0.3748706,0.33620337
0,1,1,1,0,0,0,0,1,1,0,0,0.42,0.3317737,0.31400228
0,0,1,1,0,0,0,0,0,0,0,1,0.25,0.41980138,0.41129857
0,1,1,1,0,0,0,0,0,0,0,0,0.44,0.40443477,0.43000588
0,0,1,1,0,0,0,0,0,0,0,1,0.02,0.27968884,0.22293596
0,0,1,1,0,0,0,0,0,0,0,0,0.27,0.2854715,0.248829
0,0,1,1,0,0,0,0,0,0,0,1,0.19,0.28577846,0.22949894
0,1,1,1,0,0,1,1,0,0,1,0,0.1,0.29457998,0.2768234
0,1,1,1,0,0,0,0,0,0,0,0,0.25,0.291238,0.26628155
0,0,1,1,0,1,0,0,0,0,0,1,0.32,0.34102288,0.34363502
0,1,1,1,0,0,0,0,0,0,0,0,0.22,0.27525368,0.24635884
0,0,0,1,0,0,0,0,1,1,0,0,0.1,0.31668907,0.28372574
0,1,1,1,0,0,0,0,1,1,0,0,0.39,0.3682062,0.36258036
0,1,1,0,0,1,0,1,0,0,0,0,0.22,0.3146801,0.26224527
0,1,1,0,0,0,1,0,0,0,0,0,0.27,0.30428272,0.27798274
0,1,1,1,0,0,0,0,0,0,0,0,0.22,0.32492977,0.31009
0,1,1,1,0,0,0,0,0,0,0,0,0.77,0.4243532,0.46546727
0,1,1,1,0,0,0,0,0,0,0,0,0.35,0.33025748,0.31720683
0,1,1,1,0,0,0,0,1,1,0,0,0.02,0.3833198,0.38460046
0,1,1,1,0,0,1,0,0,0,0,0,0.49,0.38401183,0.3927382
0,1,1,1,0,0,0,0,1,1,0,0,0.43,0.3994615,0.4087906
0,0,1,0,0,0,1,0,0,0,0,0,0.37,0.31914848,0.29928124
0,1,1,1,0,0,0,0,0,0,0,0,0.91,0.5258984,0.63290477
0,1,1,0,0,0,1,0,0,0,0,0,0.38,0.40648627,0.44539347
0,1,1,1,0,0,0,0,0,0,0,0,0.43,0.59763557,0.7082278
0,1,1,1,0,0,0,0,0,0,0,0,0.22,0.29952806,0.2768483
0,0,0,1,0,0,0,0,0,0,0,0,0.35,0.29722342,0.26943684
0,1,1,1,0,0,0,0,0,0,0,0,0.31,0.42461124,0.4659319
0,1,1,1,0,0,0,0,0,0,0,0,0.31,0.39956143,0.42173782
0,1,1,1,0,0,1,0,0,0,0,0,0.33,0.278503,0.24693242
0,1,1,0,0,0,1,0,0,0,0,0,0.43,0.35575822,0.35332838
0,1,1,1,0,0,0,0,0,0,0,0,0.34,0.39101774,0.4078118
0,1,1,1,0,0,1,0,0,0,0,0,0.76,0.45217067,0.50927484
0,1,1,0,0,1,0,1,0,0,1,0,0.17,0.294561,0.23015614
0,1,1,1,0,0,0,0,0,0,0,0,0.38,0.28578767,0.25942528
0,1,1,1,0,0,0,0,0,0,0,0,0.36,0.3847518,0.39784303
0,1,1,1,0,0,0,0,0,0,0,0,0.64,0.4597791,0.5312773
0,0,0,1,0,0,1,0,0,0,0,0,0.22,0.2654,0.24312909
0,1,1,1,0,0,0,0,0,0,0,0,0.37,0.38423908,0.3970403
0,0,1,1,0,0,0,0,0,0,0,1,0.43,0.35071442,0.30858418
0,0,1,1,0,0,1,0,0,0,0,1,0.35,0.39301303,0.4056321
0,1,1,1,0,0,0,0,0,0,0,0,0.23,0.2587722,0.22762462
0,0,1,1,0,0,0,0,0,0,0,0,0.99,0.4339222,0.46114856
0,1,1,1,0,0,0,0,1,1,0,0,0.28,0.33355087,0.3162377
0,0,0,1,0,0,1,0,0,1,0,0,0.3,0.37974474,0.37585253
0,1,1,1,0,0,0,0,0,0,0,0,0.31,0.32251552,0.30689678
0,1,1,1,0,0,0,0,0,0,0,0,0.32,0.3006367,0.2782677
0,0,1,1,0,0,0,0,0,0,0,0,0.69,0.35371485,0.3416797
0,1,1,1,1,1,0,0,0,0,0,0,0.26,0.48115802,0.49389905
0,1,1,1,0,0,0,0,0,0,0,0,0.05,0.35309234,0.34964818
0,1,1,1,0,0,0,0,0,0,0,0,0.21,0.2962351,0.27264678
0,1,1,1,0,0,0,0,0,0,0,0,0.16,0.26010096,0.22899623
0,0,0,1,0,0,0,0,0,0,0,0,0.48,0.3843972,0.40057164
0,1,1,1,0,0,0,0,0,0,0,0,0.54,0.42715234,0.4705122
0,0,0,1,0,0,0,0,1,0,0,0,0.26,0.35929522,0.35289127
0,1,1,1,0,0,1,0,0,0,0,0,0.49,0.52868116,0.6480374
0,1,1,0,0,0,0,0,0,0,0,0,0.3,0.31386346,0.2949148
0,1,1,1,0,0,0,0,0,0,0,0,0.24,0.3004802,0.27806705
0,1,1,1,0,0,0,0,1,1,0,0,0.34,0.32932985,0.31092602
0,1,1,1,0,0,0,0,0,0,0,0,0.17,0.2823801,0.25516143
0,1,1,1,0,0,0,0,0,0,0,0,0.21,0.272363,0.24286132
0,0,0,1,0,0,0,0,0,0,0,0,0.63,0.5803945,0.69252414
0,1,1,1,0,0,0,0,0,0,0,0,0.27,0.33125347,0.31856328
0,0,1,0,0,0,0,0,0,1,0,0,0.03,0.36358532,0.33804193
0,1,1,1,0,0,0,0,0,0,0,0,0.26,0.29267102,0.2681005
0,1,1,1,0,0,0,0,0,0,0,0,0.5,0.42733246,0.4708426
0,0,1,1,0,1,0,0,0,0,0,0,0.88,0.52408755,0.61105293
0,1,1,1,0,0,0,0,0,0,0,0,0.37,0.25585175,0.22465041
0,0,1,0,0,0,1,0,0,1,0,0,0.28,0.37528086,0.39840692
0,1,1,1,0,0,0,0,0,0,0,0,0.16,0.28152576,0.25409505
0,1,1,1,0,0,0,0,0,0,0,0,0.18,0.35829198,0.35730797
0,1,1,1,0,0,0,0,0,0,0,0,0.24,0.32131395,0.30531052
0,0,0,0,0,0,0,0,0,0,1,0,0.24,0.33557993,0.29414552
0,1,1,1,0,0,0,0,0,0,0,0,0.39,0.46773258,0.54563856
0,1,1,1,0,0,1,1,0,0,0,0,0.31,0.35684776,0.37245965
0,0,1,1,0,0,0,0,0,0,0,1,0.58,0.34755996,0.30431595
0,1,1,1,0,0,1,0,0,0,0,0,0.28,0.29836854,0.27101937
0,1,1,1,0,0,0,0,0,0,0,0,0.26,0.33891946,0.3291715
0,0,0,1,0,0,0,0,0,0,0,0,0.17,0.2733158,0.24244627
0,1,1,1,0,0,0,0,0,0,0,0,0.22,0.26310974,0.23223074
0,1,1,1,0,0,0,0,0,1,1,0,0.41,0.34109655,0.3364312
0,1,1,1,0,0,0,0,1,1,0,0,0.4,0.42313522,0.4448622
0,1,1,1,0,0,0,0,0,0,0,0,0.4,0.3518619,0.3478468
0,0,1,0,0,1,1,1,0,0,1,1,0.37,0.463564,0.37288556
0,1,1,1,0,1,0,0,0,0,0,0,0.33,0.37006116,0.3916219
0,1,1,1,0,0,0,0,0,0,0,0,0.33,0.27994642,0.25213194
0,1,1,0,0,0,0,0,0,0,0,0,0.02,0.40211707,0.43844947
0,1,1,1,0,0,0,0,1,1,0,0,0.76,0.49163204,0.55985796
0,1,1,1,0,0,0,0,0,0,0,0,0.33,0.4748234,0.5581826
0,1,1,1,1,0,0,0,0,0,0,0,0.26,0.2834972,0.25956932
0,1,1,1,0,0,0,0,0,0,0,0,0.36,0.29959637,0.27693564
0,1,1,1,0,0,0,0,1,0,0,0,0.4,0.28392753,0.26619455
0,1,1,1,0,0,0,0,0,0,0,0,0.72,0.46005812,0.5317856
0,1,1,1,0,1,0,0,0,0,0,0,0.47,0.4376037,0.48862863
0,1,1,1,0,0,0,0,1,1,0,0,0.33,0.3880387,0.39158708
0,1,1,1,0,0,0,0,0,1,0,0,0.46,0.3129595,0.29782116
0,0,1,1,0,0,0,0,1,0,0,0,0.35,0.54668957,0.6071514
0,1,1,1,0,0,0,0,0,0,0,0,0.25,0.2963388,0.2727797
0,1,1,1,0,0,0,0,0,0,0,0,0.28,0.33339718,0.32149288
0,0,1,0,0,1,0,0,0,0,0,0,0.24,0.33200684,0.25941846
0,1,1,1,0,0,0,0,0,0,0,0,0.81,0.41392612,0.4467531
0,0,0,0,0,0,1,0,1,1,0,0,0.46,0.41660824,0.40110904
0,0,0,0,0,0,1,0,0,0,0,0,0.21,0.2850666,0.23039031
0,1,1,1,0,1,0,0,0,0,0,0,0.43,0.40593404,0.44068128
0,0,1,1,0,0,0,0,1,0,0,0,0.3,0.30780452,0.29935828
0,1,1,1,0,0,1,0,0,1,0,0,0.09,0.30626115,0.2857021
0,1,1,1,0,0,0,0,0,0,0,0,0.29,0.35060173,0.34600654
0,1,1,1,0,0,0,0,0,0,0,0,0.23,0.33942118,0.32988596
0,1,1,1,0,0,0,0,0,0,0,0,0.27,0.2876811,0.26179993
0,1,1,1,0,0,0,0,0,0,0,0,0.4,0.34544596,0.3385257
0,1,1,1,0,0,0,0,1,0,0,0,1.0,0.44410434,0.48966226
0,1,1,1,0,0,0,0,0,0,0,0,0.62,0.4914186,0.5851982
0,1,1,1,0,0,0,0,0,0,0,0,0.32,0.47692886,0.56185037
0,1,1,1,0,0,0,0,0,0,0,0,0.31,0.2834256,0.25647074
0,1,1,1,0,0,0,0,0,0,0,0,0.49,0.2968976,0.2734967
0,1,1,0,0,0,0,1,1,1,1,0,0.08,0.26022133,0.1991448
0,1,1,1,0,0,0,0,0,0,1,0,0.31,0.35539716,0.3476444
0,0,1,0,0,0,0,0,1,1,0,1,0.72,0.58446646,0.71750546
0,1,1,1,0,0,0,0,0,0,0,0,0.66,0.35626554,0.35431367
0,1,1,1,0,0,0,0,1,1,0,0,0.15,0.3394805,0.3237815
0,1,0,1,0,0,0,0,0,0,0,0,0.29,0.3480158,0.3125257
0,0,1,1,0,0,1,0,0,0,0,0,0.43,0.32965246,0.33207223
0,0,1,1,0,0,0,0,0,0,0,0,0.48,0.34036726,0.3221736
0,0,1,1,0,0,0,0,1,1,0,1,0.3,0.3017993,0.27680677
0,1,1,0,0,0,1,0,0,0,0,0,0.24,0.31798065,0.2963178
0,1,1,1,0,0,0,0,1,1,1,0,0.47,0.34670776,0.31680316
0,0,0,0,0,0,1,0,0,0,0,0,0.41,0.4291615,0.5039697
0,1,1,1,0,0,1,0,0,0,0,0,0.35,0.35017696,0.34157187
0,1,1,1,0,0,0,0,0,0,0,0,1.0,0.58180535,0.69449914
0,1,1,1,0,0,0,0,0,0,0,0,1.0,0.5597106,0.6732227
0,0,0,1,0,0,0,0,0,0,0,0,0.38,0.41690564,0.4626414
0,1,1,0,0,0,0,1,1,1,1,0,0.36,0.43007368,0.43615264
0,1,1,1,0,0,0,0,0,0,0,0,0.22,0.37099332,0.37650695
0,1,1,1,0,0,0,0,0,0,0,0,0.63,0.30174002,0.27968472
0,1,1,1,0,0,0,0,0,0,0,0,0.32,0.2916568,0.26681235
0,1,1,1,0,0,0,0,0,0,0,0,0.81,0.58988667,0.7015954
0,1,1,1,0,0,0,0,0,1,0,0,0.6,0.39345127,0.41243058
0,1,1,1,0,0,0,0,0,0,0,0,0.27,0.34135675,0.3326494
0,1,1,1,0,0,0,0,1,0,0,0,0.36,0.35939035,0.36404094
0,1,1,1,0,0,0,0,0,0,0,0,0.4,0.2990331,0.27621606
0,1,1,1,0,0,0,0,0,0,0,0,0.3,0.36325902,0.36471424
0,0,1,0,0,0,1,0,0,0,0,0,0.28,0.3633915,0.36680114
0,1,1,0,0,0,0,1,1,1,1,0,0.27,0.33732855,0.2846047
0,1,1,1,0,0,0,0,0,0,0,0,0.71,0.36449966,0.3665955
0,0,1,1,0,0,0,0,0,0,0,0,0.17,0.28064513,0.24330625
0,1,1,1,0,0,0,0,0,0,0,0,0.73,0.49334684,0.588102
0,1,1,1,0,0,0,0,0,0,1,0,0.39,0.3445572,0.3314454
0,1,1,1,0,0,0,0,0,0,0,0,0.45,0.42612553,0.46865994
1,1,1,1,0,0,0,0,0,0,0,0,0.3,0.36539692,0.37879145
0,0,1,0,0,0,1,0,0,0,0,1,0.36,0.3375718,0.27876917
0,0,1,1,0,0,0,0,0,0,0,0,0.28,0.5196224,0.5942775
1,1,1,1,0,0,0,0,0,0,0,0,0.45,0.34864128,0.3538684
0,1,1,1,0,0,0,0,1,0,0,0,0.93,0.44336343,0.4885394
0,1,1,1,0,0,0,0,0,0,0,0,0.45,0.28810763,0.26233476
0,1,1,1,0,0,0,0,0,0,0,0,0.34,0.47441307,0.5574623
0,1,1,1,0,0,0,0,0,0,0,0,0.18,0.2872867,0.26130602
0,1,1,1,0,0,0,0,0,0,0,0,0.42,0.42834193,0.47269487
0,1,1,1,0,0,0,0,0,0,0,0,0.44,0.39782017,0.41888785
0,1,1,1,0,0,0,0,0,0,0,0,0.25,0.2636425,0.23281503
0,1,1,1,0,0,0,0,0,0,0,0,0.6,0.42274767,0.46257743
0,1,1,0,0,0,0,0,0,0,0,0,0.29,0.33876365,0.3332842
0,1,1,1,0,0,0,0,0,0,1,0,0.19,0.28958523,0.2553141
0,1,1,1,0,0,0,0,0,0,0,0,0.25,0.401575,0.42510206
0,0,1,1,0,0,0,0,0,0,1,1,0.13,0.3466264,0.27146435
0,1,1,1,0,0,0,0,0,0,0,0,0.45,0.269329,0.239294
0,1,1,1,0,0,0,0,0,0,0,0,0.35,0.37297946,0.37955967
0,1,1,1,0,0,0,0,0,0,0,0,0.02,0.35387307,0.35079342
0,1,1,1,0,0,0,0,0,0,0,0,1.0,0.6768295,0.77725345
0,1,1,1,0,0,0,0,0,1,0,0,0.37,0.3160358,0.3017322
0,0,1,1,0,0,0,0,0,0,0,0,0.33,0.37015817,0.36560258
0,1,1,1,0,0,0,0,0,0,0,0,1.0,0.66781753,0.7701904
0,1,1,1,0,0,0,0,0,0,0,0,0.68,0.48272115,0.571652
0,1,1,1,0,0,0,0,0,0,0,0,0.25,0.30283013,0.28108865
0,1,1,1,0,0,1,0,0,0,0,0,0.03,0.3438451,0.33246088
0,1,1,1,0,0,0,0,0,1,0,0,0.32,0.31923497,0.30582538
0,0,1,1,0,0,0,0,0,0,0,0,0.29,0.28404158,0.24716575
0,0,1,1,0,0,0,0,0,0,0,0,0.51,0.3812947,0.38165495
0,1,1,1,0,0,0,0,0,0,0,0,0.41,0.40530452,0.43151432
0,1,1,1,0,0,0,0,1,1,0,0,0.48,0.4437757,0.4790791
0,0,0,0,0,0,1,0,0,0,0,0,0.31,0.34831265,0.32638782
0,1,1,1,0,0,0,0,0,0,0,0,0.05,0.49657613,0.5928887
0,1,1,0,0,0,0,0,0,0,0,0,0.12,0.26907876,0.23736742
0,1,1,0,0,0,0,0,0,0,0,0,0.5,0.3279434,0.31613085
0,1,1,1,0,0,0,0,0,0,1,0,0.89,0.6890112,0.7813713
0,1,1,1,0,0,0,0,0,0,0,0,0.26,0.29806066,0.2749765
0,1,1,1,0,0,0,0,1,0,0,0,0.29,0.40435272,0.42863083
0,0,0,0,0,0,1,0,0,0,0,0,0.41,0.3689012,0.36436218
0,1,1,1,0,0,0,0,0,0,0,0,0.5,0.3500036,0.34513465
0,1,1,0,0,0,0,1,0,0,1,0,0.12,0.31492668,0.2705183
1,1,1,1,1,0,0,0,0,0,0,0,0.12,0.318327,0.23961596
0,0,0,0,0,0,0,0,0,1,0,0,0.28,0.32113466,0.24694929
0,1,1,1,0,0,0,0,1,0,0,0,0.3,0.2927037,0.27666157
0,1,1,1,0,0,0,0,0,0,0,0,0.26,0.30740392,0.2870192
0,1,1,1,0,0,0,0,0,0,0,0,0.22,0.26957756,0.23958328
0,0,0,1,0,0,0,0,0,1,1,0,0.41,0.4130439,0.42499852
0,1,1,1,0,0,0,0,0,0,0,0,0.54,0.55671513,0.67000335
0,1,1,0,0,0,0,0,0,0,0,0,0.58,0.45434636,0.5317756
0,1,1,1,0,1,0,0,0,0,0,0,0.39,0.4456615,0.5013765
0,0,1,1,0,0,0,0,0,0,0,0,0.43,0.3917628,0.39677438
0,0,0,1,0,0,0,0,1,1,0,1,0.2,0.29843426,0.16994713
0,1,1,1,0,0,0,0,0,0,0,0,0.1,0.28843853,0.26275018
1,1,1,1,0,0,0,0,0,0,0,0,0.41,0.37360853,0.39106146
0,1,1,1,0,0,0,0,0,0,0,0,0.23,0.3000621,0.27753145
0,0,1,1,0,0,0,0,0,0,0,0,0.27,0.27379042,0.2359
0,1,1,1,0,0,1,0,0,1,0,0,0.27,0.33137614,0.31639814
0,1,1,1,0,0,0,0,0,0,0,0,0.34,0.41227204,0.4437983
0,0,0,1,0,0,1,0,0,0,0,0,0.38,0.35242337,0.37071717
0,1,1,1,0,0,0,0,0,0,0,0,0.86,0.6326239,0.7402966
0,1,1,1,0,0,0,0,0,0,1,0,0.07,0.36862293,0.3687584
0,1,1,0,0,0,0,0,0,0,0,0,0.44,0.40483826,0.44315958
0,1,1,1,0,0,0,0,0,0,0,0,0.2,0.30800802,0.28780362
0,1,1,0,0,0,1,0,0,0,0,0,0.36,0.30373445,0.27726418
0,1,1,0,0,0,1,0,0,1,0,0,0.58,0.49228114,0.62387145
0,1,1,1,0,0,1,0,0,0,0,0,0.05,0.39372423,0.4079767
0,1,1,1,0,1,0,0,0,0,0,0,0.45,0.31547552,0.32452068
0,1,1,1,0,0,1,0,0,0,0,0,0.31,0.31618163,0.2944239
0,0,1,1,1,0,0,0,0,0,0,1,0.96,0.7169674,0.8525736
0,0,1,1,0,0,0,0,0,0,0,1,0.27,0.28398266,0.22754534
0,1,1,1,0,0,0,0,0,0,0,0,0.32,0.3493124,0.34412837
0,1,1,1,0,0,0,0,1,1,0,0,0.34,0.32095832,0.30051798
0,1,1,1,0,0,1,0,0,0,0,0,0.34,0.30942613,0.28539172
0,1,1,1,0,0,0,0,0,0,0,0,0.5,0.29923075,0.27646843
0,1,1,0,0,0,1,1,0,0,0,0,0.71,0.45164394,0.5727347
0,1,1,1,0,0,0,0,0,0,0,0,0.47,0.306874,0.28632957
0,1,1,1,0,1,0,0,0,0,0,0,0.39,0.3214661,0.3315863
0,1,1,1,0,0,0,0,1,0,0,0,0.55,0.28891104,0.27210966
0,0,0,1,0,0,0,0,0,0,0,0,0.7,0.45197755,0.53101176
0,1,1,0,0,0,0,1,0,0,1,0,0.31,0.31984156,0.2773431
0,1,1,1,0,0,0,0,0,0,0,0,0.53,0.30442247,0.2831471
0,0,1,1,0,0,0,0,0,0,1,1,0.3,0.37100187,0.3020192
0,0,0,0,0,0,0,0,0,1,0,1,0.12,0.42754906,0.36807975
0,1,1,1,0,0,1,0,1,1,0,0,0.33,0.42287827,0.4365572
0,1,1,1,0,0,1,0,0,0,0,0,0.31,0.31073564,0.28712964
0,1,1,1,0,0,0,1,0,0,0,0,0.24,0.34686917,0.3144703
0,1,1,1,0,1,0,0,0,0,0,0,0.24,0.29241744,0.29796365
0,1,1,1,0,0,0,0,0,0,0,0,0.36,0.4168462,0.45197853
0,1,1,1,0,1,0,0,0,0,0,0,0.48,0.38645965,0.4130012
0,1,1,1,0,0,0,0,0,0,0,0,0.29,0.4431905,0.5000964
0,1,1,1,0,0,0,0,0,0,0,0,0.76,0.5067068,0.60733104
0,1,1,1,0,0,0,0,0,0,0,0,0.99,0.7565082,0.82705736
0,1,1,1,0,0,1,0,0,0,0,0,0.41,0.39741558,0.41381112
0,0,1,1,0,0,0,0,0,0,0,0,0.41,0.33333224,0.31197506
0,1,1,1,0,0,0,0,0,0,0,0,0.25,0.28882813,0.2632398
0,1,1,1,0,1,0,0,0,0,0,0,0.25,0.3161808,0.32534564
0,1,1,1,0,0,0,0,1,1,0,0,0.44,0.38732338,0.3905177
0,1,1,1,0,0,0,0,0,0,0,0,0.32,0.3208361,0.30467305
0,1,1,1,0,0,0,0,0,0,0,0,0.78,0.45456415,0.5216385
0,1,1,1,0,0,0,0,0,0,0,0,0.5,0.35667235,0.35491386
0,1,1,1,0,0,0,0,0,0,0,0,0.31,0.29855648,0.27560806
0,1,1,1,0,0,0,0,0,0,0,0,0.42,0.27444625,0.24537678
0,1,1,1,0,0,0,0,1,1,0,0,0.38,0.3726235,0.3689559
0,0,1,1,1,0,0,0,0,0,0,0,0.52,0.41841927,0.43395108
0,1,1,0,0,0,0,1,0,0,1,0,0.26,0.28587085,0.23288837
0,1,1,1,0,0,0,0,0,0,0,0,0.37,0.6990012,0.7933671
0,1,1,1,0,0,0,0,0,0,0,0,0.46,0.31822902,0.30120724
0,1,1,1,0,0,0,0,0,0,0,0,0.3,0.34598917,0.3393102
0,1,1,1,0,0,0,1,1,1,0,0,0.03,0.38149744,0.36709112
0,1,1,1,0,0,0,0,0,0,0,0,0.32,0.3386379,0.32877094
1,1,1,0,0,0,0,0,0,0,0,0,0.27,0.32944492,0.26097724
0,0,1,1,0,0,0,0,0,0,0,1,0.15,0.40924376,0.39358234
0,1,1,1,0,0,0,0,0,0,0,0,0.4,0.28960228,0.26421446
0,1,1,1,0,0,0,0,0,0,0,0,0.22,0.28467107,0.25802666
0,1,1,1,0,0,0,0,0,0,0,0,0.31,0.2793756,0.25142494
0,1,1,1,0,0,0,0,1,1,0,0,0.02,0.41113323,0.42651352
0,1,1,1,0,0,0,0,0,0,0,0,0.2,0.30855379,0.28851333
1,1,1,1,0,0,0,0,0,0,0,0,0.31,0.30804604,0.2983401
0,1,1,1,0,0,0,0,0,0,0,0,0.34,0.29610434,0.27247918
0,1,1,1,0,0,0,0,0,0,0,0,0.41,0.35857856,0.35773233
0,1,1,1,0,0,0,0,1,1,0,0,0.29,0.3195352,0.2987667
0,1,1,0,0,0,0,0,0,0,0,0,0.35,0.35938352,0.36697835
0,0,1,1,0,0,0,0,0,1,0,0,0.51,0.34808785,0.30665475
0,1,1,1,0,0,1,0,0,1,0,0,0.32,0.37199524,0.37093276
0,1,1,1,0,0,0,0,1,0,0,0,0.5,0.39743036,0.41841516
0,0,0,0,0,0,1,0,0,1,0,0,0.31,0.42661244,0.42983836
0,1,1,1,0,0,0,0,0,0,0,0,0.38,0.29169327,0.26685858
0,1,1,1,0,0,0,0,0,0,0,0,0.56,0.38728747,0.40183678
0,1,1,0,0,0,0,1,0,0,0,0,0.3,0.3526243,0.36663458
0,1,1,0,0,0,0,0,0,0,0,0,0.34,0.32137376,0.30610663
0,1,1,1,0,0,0,0,0,0,0,0,0.33,0.29472348,0.27071372
0,1,1,0,0,0,0,0,0,0,0,0,0.32,0.32636163,0.3137038
0,0,0,1,0,0,0,0,0,0,0,1,1.0,0.7048518,0.83260155
0,1,1,1,0,0,0,0,0,0,0,0,0.24,0.38835722,0.4035256
0,1,1,1,0,1,0,0,0,0,0,0,0.29,0.28883755,0.294011
0,1,1,1,0,0,0,0,0,0,0,0,0.47,0.3974263,0.41824406
0,1,1,1,0,0,0,0,1,1,0,0,0.23,0.3310577,0.31309935
0,1,1,1,0,0,0,0,0,0,0,0,0.48,0.33118552,0.31847066
0,1,1,1,0,0,0,0,0,0,0,0,0.5,0.31712335,0.29974192
0,1,1,1,0,0,0,0,0,0,0,0,0.23,0.32477024,0.30987853
0,1,1,1,0,0,1,0,0,0,0,0,0.24,0.32485634,0.30612254
0,1,1,1,0,0,0,0,1,1,0,0,0.46,0.37558302,0.37326205
0,1,1,1,0,1,0,0,1,0,0,0,0.39,0.31964466,0.31285417
0,1,1,1,0,0,1,0,1,0,0,0,0.21,0.3359151,0.29238603
0,0,0,1,0,0,1,0,0,0,0,1,0.4,0.35507873,0.2942225
0,1,1,1,0,0,0,0,0,1,1,0,0.17,0.34870425,0.34622207
0,1,1,1,0,0,0,0,0,0,0,0,0.36,0.33468536,0.32326266
0,1,1,1,0,0,0,0,0,0,0,0,0.27,0.32486692,0.31000668
0,0,1,1,0,0,0,0,0,0,0,0,0.34,0.3642514,0.35704347
0,1,1,1,0,0,0,0,0,0,0,0,0.04,0.2829479,0.25587195
0,1,1,1,0,0,0,0,0,0,0,0,0.02,0.2860628,0.25977063
0,1,1,0,0,0,0,0,0,0,0,0,0.58,0.5993898,0.7501017
0,1,1,1,0,0,0,0,0,0,0,0,0.11,0.35884553,0.35812783
0,1,1,1,0,0,0,0,0,0,0,0,0.28,0.2933411,0.2689535
0,1,1,1,0,0,0,0,0,0,0,0,0.28,0.3389597,0.3292288
0,1,1,1,0,0,0,0,0,0,0,0,0.34,0.32949796,0.31617895
0,1,1,1,0,0,0,0,0,0,0,0,0.54,0.4295609,0.4749321
0,0,1,1,0,0,0,0,0,0,0,0,0.3,0.28695947,0.25057355
0,1,1,1,0,0,0,0,0,0,0,0,0.39,0.31725264,0.29991308
0,1,1,1,0,0,0,0,1,1,0,0,0.53,0.4121805,0.42810005
0,1,1,1,0,0,0,0,0,0,0,0,0.6,0.3201528,0.30376285
0,1,1,1,0,0,0,0,0,0,0,0,0.66,0.50610685,0.6064667
0,0,1,1,0,0,0,0,0,0,0,1,0.34,0.36448377,0.3274593
0,1,1,1,0,0,0,0,1,1,0,0,1.0,0.63575214,0.7372757
0,1,1,1,0,0,0,0,0,0,0,0,0.07,0.27472168,0.24571066
0,1,1,1,0,0,0,0,0,0,0,0,0.23,0.3102143,0.29067612
0,1,1,1,0,0,1,0,0,0,0,0,0.16,0.29286993,0.264159
0,1,1,1,0,0,1,0,0,0,0,0,0.21,0.3481819,0.33868808
0,0,1,1,0,0,0,0,0,0,0,0,0.25,0.27645624,0.23875733
0,0,1,0,0,0,0,0,0,0,0,0,0.57,0.33133036,0.30927265
0,1,1,1,0,0,0,1,0,0,0,0,0.51,0.35667476,0.32796273
0,1,1,1,0,0,0,0,1,1,0,0,0.23,0.3465933,0.33295685
0,1,1,1,0,1,0,1,0,0,0,0,0.33,0.41647092,0.4494267
0,0,0,1,0,0,0,0,0,0,0,0,0.49,0.3357495,0.32097125
0,1,1,1,0,1,0,0,1,0,0,0,0.26,0.29611143,0.2849678
0,1,1,1,0,0,0,0,0,0,0,0,0.22,0.31931153,0.30264425
0,1,1,1,0,0,0,0,0,0,0,0,0.24,0.28091758,0.2533379
0,1,1,1,0,0,0,0,0,0,0,0,0.27,0.31923085,0.3025371
0,1,1,1,0,0,0,0,0,0,0,0,0.33,0.33249205,0.3202544
0,1,1,1,0,0,0,0,0,0,0,0,0.88,0.35656866,0.35476083
0,1,1,1,0,0,0,0,1,1,0,0,0.34,0.4165698,0.43476468
0,1,1,1,0,0,0,0,0,0,0,0,0.77,0.32874736,0.31517398
0,0,0,1,0,0,0,0,0,0,1,1,0.2,0.3203926,0.24763608
0,1,1,1,0,0,0,0,0,1,1,0,0.42,0.33128366,0.32401127
0,1,1,1,0,0,0,0,0,0,0,0,0.76,0.67990506,0.77961504
0,0,1,1,0,0,0,0,0,0,0,1,0.34,0.32559618,0.27603385
0,1,1,1,0,0,0,0,0,0,0,0,0.51,0.34130335,0.33257297
0,1,1,1,0,0,0,0,0,0,0,0,0.62,0.34988934,0.34496823
0,1,1,1,0,0,0,0,0,0,0,0,0.15,0.33229828,0.31998953
0,1,1,1,0,0,0,0,0,0,0,0,0.4,0.2990109,0.27618772
0,1,1,1,0,0,0,0,0,0,0,0,1.0,0.49137634,0.5851343
1,1,1,1,0,0,0,0,0,0,0,0,0.71,0.40704933,0.4433767
0,1,1,1,0,0,0,0,0,0,0,0,0.35,0.44790703,0.50905806
0,0,0,0,0,0,1,0,0,0,0,0,0.85,0.44941586,0.5533006
0,1,1,1,0,0,0,0,0,1,0,0,0.24,0.3235435,0.3113749
0,1,1,1,0,0,0,0,0,0,0,0,0.3,0.308765,0.28878826
0,1,1,1,0,0,0,0,0,0,0,0,0.35,0.38698328,0.40135694
0,1,1,1,0,0,0,0,1,0,0,0,0.21,0.24138243,0.22009392
0,1,1,0,0,0,1,0,0,1,0,0,0.35,0.3721748,0.4084901
0,1,1,1,0,0,0,0,0,0,0,0,0.42,0.3403035,0.3311442
0,1,1,1,0,1,0,0,0,0,0,0,0.22,0.28257614,0.2870905
0,1,1,1,0,1,0,0,0,0,0,0,0.31,0.27527776,0.27911302
0,1,1,1,0,0,0,0,1,1,0,0,0.43,0.33526254,0.31840354
0,1,1,1,0,0,0,0,0,0,0,0,0.26,0.28481942,0.2582122
0,0,1,1,0,0,0,0,0,0,0,0,0.47,0.34635517,0.33094192
0,1,1,1,0,0,0,0,1,0,0,0,1.0,0.7081442,0.75993866
0,0,1,1,0,0,0,0,0,0,0,0,0.2,0.3179708,0.29012
0,1,1,1,0,0,0,0,1,1,0,0,0.58,0.29899985,0.27412918
0,1,1,1,0,0,0,0,0,0,0,0,0.17,0.3872701,0.40180936
0,1,1,1,0,0,0,0,0,0,0,0,0.79,0.3772123,0.38609713
0,1,1,1,0,0,0,0,0,0,0,0,0.37,0.38314852,0.39533487
0,0,1,1,0,0,0,0,0,0,0,0,0.26,0.27383977,0.23595269
0,1,1,1,0,0,0,0,0,0,0,0,0.22,0.43292847,0.4811144
0,1,1,1,0,0,0,0,0,0,0,0,0.51,0.45588717,0.5240985
0,0,0,1,0,0,0,0,0,0,0,0,0.14,0.3932011,0.4168747
0,1,1,1,0,0,0,0,0,0,1,0,0.42,0.38250414,0.39206132
0,0,1,1,0,0,0,0,0,0,0,1,0.34,0.32175952,0.27128616
0,1,1,1,0,0,0,0,0,0,0,0,0.42,0.31380445,0.29536778
0,0,1,1,0,1,0,0,1,0,0,0,0.43,0.29956108,0.3079856
0,1,1,0,0,0,0,0,0,0,0,0,0.31,0.29645693,0.2704647
0,1,1,1,0,0,0,0,1,0,0,0,0.13,0.36666512,0.37414283
0,1,1,1,0,0,0,0,0,0,0,0,0.32,0.32436156,0.30933723
0,1,1,1,0,0,0,0,1,0,0,0,0.23,0.30673936,0.2940721
0,1,1,1,0,0,0,0,0,0,0,0,0.42,0.3858477,0.39956743
0,1,1,1,0,0,0,0,0,0,0,0,0.27,0.3380373,0.3279183
0,1,1,1,0,0,0,0,0,0,0,0,0.57,0.38518307,0.39852136
0,1,1,1,0,0,0,0,1,1,0,0,0.21,0.31223,0.28984222
0,1,1,1,0,0,0,0,1,0,0,0,0.42,0.4421808,0.48674703
0,1,1,1,0,0,0,0,0,0,0,0,0.15,0.3118968,0.2928706
0,1,1,1,0,0,0,0,0,0,0,0,0.34,0.34793517,0.34212762
0,1,1,1,0,0,1,0,0,0,0,0,0.85,0.342532,0.33058682
0,1,1,1,0,0,0,1,0,0,0,0,0.45,0.34961697,0.3181966
0,0,0,1,0,0,0,0,0,0,0,0,0.31,0.3508346,0.34437865
0,0,1,1,0,0,0,0,0,0,0,0,0.84,0.38580677,0.38815972
0,1,1,1,0,0,0,0,0,0,0,0,0.29,0.38612193,0.39999938
0,1,1,1,0,0,0,0,0,0,0,0,0.3,0.279427,0.2514885
0,1,1,0,0,1,0,0,0,0,0,0,0.23,0.33461612,0.32297945
0,0,1,1,0,0,0,0,0,0,0,1,0.26,0.33117467,0.2830241
0,1,1,1,0,0,1,0,0,0,0,0,0.41,0.3111535,0.28768548
0,1,1,1,0,0,0,0,0,1,1,0,0.4,0.34685028,0.3438259
0,1,1,0,0,0,0,0,1,0,0,0,0.28,0.3568469,0.35315925
0,1,1,1,0,0,0,0,0,0,0,0,0.48,0.44056693,0.49520034
0,1,1,1,0,0,0,0,0,0,0,0,0.37,0.52978784,0.63778627
0,1,1,1,0,0,0,0,1,1,0,0,0.25,0.30144012,0.27693594
0,1,1,1,0,0,0,0,1,1,0,0,0.36,0.42225608,0.4434854
0,1,1,1,0,0,0,0,0,0,0,0,0.25,0.38174152,0.3931383
0,1,1,1,0,0,0,0,1,1,0,0,0.45,0.32033476,0.29975012
0,1,1,1,0,0,0,0,0,0,0,0,0.5,0.3847944,0.39791006
0,1,1,0,0,0,0,0,0,0,0,0,0.52,0.434838,0.49680042
0,0,1,1,0,0,0,0,0,0,0,0,0.4,0.3558134,0.34473842
0,1,1,1,0,0,0,0,0,0,0,0,0.36,0.30020958,0.27772033
0,1,1,1,0,0,1,0,0,0,0,0,0.64,0.40555996,0.42711124
0,1,1,0,0,0,1,0,0,0,0,0,0.43,0.31531367,0.29268023
0,1,1,0,0,0,1,0,0,0,0,0,0.44,0.38884,0.4118534
0,0,1,1,0,0,0,0,0,0,0,0,0.4,0.4264017,0.44942173
0,1,1,1,0,0,0,0,1,1,0,0,0.6,0.47788486,0.5378939
0,0,1,0,0,0,0,0,0,0,0,1,0.13,0.27484325,0.19004935
0,1,1,1,0,0,0,0,0,0,0,0,0.22,0.2762047,0.24752155
0,1,1,1,0,0,0,0,0,0,0,0,0.23,0.30238616,0.28051633
0,1,1,1,1,1,0,0,0,0,0,0,0.66,0.54233134,0.5984562
0,0,0,1,0,0,0,0,1,0,0,0,0.54,0.43261376,0.4830613
0,1,1,1,0,0,0,0,1,1,0,0,0.78,0.41515207,0.43260962
0,1,1,1,0,0,0,0,0,0,0,0,0.35,0.31202883,0.29304305
0,1,1,1,0,1,0,0,0,0,0,0,0.41,0.41497654,0.45397434
0,1,1,1,0,0,0,1,1,1,1,0,0.42,0.43721524,0.43278107
0,1,1,1,0,0,0,0,0,0,0,0,0.25,0.28638119,0.26017067
0,1,1,1,0,1,0,0,0,1,0,0,0.2,0.26661426,0.2339994
0,1,1,1,0,0,0,0,1,0,0,0,0.32,0.37940234,0.39221963
0,1,1,1,0,0,0,0,0,0,0,0,0.12,0.26166803,0.23067637
0,1,1,1,0,0,0,0,0,0,0,0,0.49,0.3050096,0.28390816
0,1,1,1,0,0,0,0,0,0,0,0,1.0,0.6569389,0.76134336
0,0,0,0,0,0,0,0,0,0,0,1,0.22,0.29363346,0.20053263
0,1,1,1,0,0,0,0,1,1,0,0,0.26,0.40463,0.4166333
0,1,1,1,0,0,0,0,0,0,0,0,0.26,0.28723034,0.26123554
0,1,1,1,0,0,0,0,1,1,0,0,0.2,0.29911152,0.2742571
0,1,1,1,0,0,1,0,0,0,0,0,0.22,0.32160726,0.3017373
0,1,1,1,0,0,0,0,0,0,0,0,0.51,0.3772729,0.38619107
0,1,1,1,0,0,0,0,1,1,0,0,0.13,0.28661305,0.2606038
0,0,1,1,0,0,0,0,0,0,0,1,0.38,0.5242746,0.6127781
0,0,0,1,0,0,1,0,0,0,0,0,0.2,0.35761374,0.38048384
0,0,1,0,0,0,0,1,0,1,0,0,0.6,0.4398531,0.53701967
0,0,0,0,0,0,0,0,0,0,0,0,0.25,0.28181797,0.21914606
0,1,1,1,0,0,0,0,0,0,0,0,0.38,0.44911495,0.51135844
0,1,1,1,0,0,0,0,0,1,0,0,0.3,0.30858213,0.2923022
0,0,0,0,0,0,1,1,0,0,0,0,0.27,0.37480214,0.29641247
0,1,1,1,0,0,1,0,0,0,1,0,0.08,0.2979792,0.25144282
0,1,1,1,0,1,0,0,0,0,0,0,0.16,0.31519705,0.32419524
0,0,0,1,0,0,0,0,0,0,0,0,0.22,0.32647634,0.30752507
0,1,1,1,0,0,0,0,0,0,0,0,0.7,0.50517994,0.605125
0,1,1,0,0,0,0,1,0,0,1,0,0.23,0.2708258,0.21601179
0,0,0,1,0,0,0,0,1,0,0,0,0.2,0.33973378,0.32314366
0,1,1,1,0,0,0,0,0,0,0,0,0.7,0.63135856,0.7391456
0,1,1,1,0,0,0,1,0,0,0,0,0.19,0.2609721,0.21711302
0,1,1,1,0,0,0,0,0,0,0,0,0.3,0.32280162,0.30727434
0,1,1,1,0,0,0,0,0,0,0,0,0.19,0.26272887,0.23181853
0,0,1,1,0,0,0,0,0,1,0,0,0.26,0.32510132,0.27904442
0,1,1,1,0,0,0,0,0,0,0,0,1.0,0.48967314,0.58253235
0,0,1,1,0,1,0,0,0,0,0,0,0.4,0.366316,0.4023455
1,1,1,1,0,0,0,0,0,0,0,0,0.02,0.3987751,0.4302373
0,1,1,1,0,0,0,0,0,0,0,0,0.64,0.3919359,0.40930015
0,0,1,1,0,0,0,0,0,0,0,0,0.5,0.3799085,0.37966663
0,1,1,0,0,0,0,0,1,0,0,0,0.27,0.38608363,0.40013418
0,0,1,1,0,0,1,0,0,0,0,1,0.11,0.33910903,0.32357472
0,0,1,1,0,0,0,0,0,0,0,0,0.23,0.29483098,0.25998664
0,1,1,1,0,1,0,0,0,0,0,0,0.7,0.45544797,0.51686794
0,1,1,1,0,0,0,0,0,0,0,0,1.0,0.48343855,0.57282335
0,1,1,1,0,0,0,0,0,0,0,0,0.25,0.2964148,0.27287713
0,0,1,1,0,0,0,0,0,0,0,0,0.22,0.2705171,0.23242453
0,0,1,1,0,0,0,0,0,0,0,0,0.11,0.2856008,0.24898028
0,1,1,1,0,0,0,0,0,0,0,0,0.28,0.3752808,0.3831087
0,0,1,1,0,0,1,0,0,0,0,0,0.35,0.36413398,0.37842166
0,1,1,1,0,0,0,0,0,0,0,0,0.15,0.29411364,0.26993626
0,1,1,1,0,0,0,1,0,0,1,0,0.37,0.3251963,0.33160833
0,1,1,1,0,0,0,0,0,0,0,0,0.31,0.31890446,0.30210358
0,0,1,1,0,0,0,0,0,0,0,1,0.36,0.33047786,0.28214553
0,1,1,1,0,0,0,0,0,0,0,0,0.38,0.3345186,0.323032
1,1,1,1,0,0,0,0,0,0,0,0,0.71,0.39467913,0.42377043
0,0,0,1,0,0,0,0,0,0,0,0,0.19,0.31146684,0.28710932
0,1,1,1,0,0,0,1,0,0,1,0,0.53,0.32172802,0.32716924
0,1,1,1,0,0,0,0,0,0,0,0,0.26,0.34112558,0.33231872
0,1,1,1,0,0,0,0,0,0,0,0,0.31,0.27304155,0.24367869
0,1,1,1,0,0,1,0,0,0,0,0,0.4,0.34808442,0.33854747
0,1,1,1,0,0,0,0,0,0,0,0,0.21,0.29536372,0.2715314
0,1,1,1,0,0,0,0,0,0,0,0,0.47,0.4007225,0.42367688
0,1,1,1,0,0,0,0,0,1,0,0,0.28,0.33801925,0.33046007
0,1,1,1,0,0,0,0,0,0,0,0,0.31,0.3368296,0.3262369
0,1,1,1,0,0,0,0,0,1,0,0,0.42,0.30762953,0.29110652
0,0,0,0,0,0,0,0,0,0,0,0,0.13,0.2915141,0.2292418
0,0,0,0,0,0,0,0,0,0,0,1,0.15,0.2696213,0.17434832
0,1,1,1,0,0,0,0,0,0,1,0,0.17,0.40745664,0.43618268
0,0,1,1,0,0,0,0,0,0,0,1,0.19,0.2946342,0.23930001
0,0,1,1,0,0,0,0,0,0,0,0,0.37,0.378617,0.3778003
0,1,1,1,0,0,0,0,1,1,0,0,0.36,0.36474735,0.3576514
0,1,1,1,0,0,0,0,0,0,0,0,0.15,0.28168064,0.25428814
0,1,1,1,0,0,0,0,0,0,0,0,0.28,0.31864908,0.30176452
0,1,1,1,0,0,0,0,0,0,0,0,0.32,0.34829348,0.34264764
0,1,1,1,0,0,1,0,0,0,0,0,0.28,0.30708006,0.2822922
0,1,1,0,0,0,0,1,0,0,0,0,0.6,0.44184804,0.5491379
0,1,1,1,0,0,0,0,0,0,0,0,0.42,0.28285816,0.25575957
0,1,1,1,0,0,0,0,0,0,0,0,0.46,0.31515518,0.29714346
0,1,1,1,0,0,0,0,0,0,0,0,0.78,0.45373225,0.520078
0,1,1,1,0,0,0,0,0,0,0,0,0.21,0.27505612,0.2461178
0,1,1,0,0,0,1,0,0,0,0,0,0.1,0.38904253,0.41222993
0,1,1,1,0,0,0,0,0,0,0,0,0.65,0.33014902,0.3170593
0,1,1,1,0,1,0,0,0,0,0,0,0.7,0.47351232,0.54536784
0,0,1,1,0,0,0,0,0,0,0,1,0.26,0.3421841,0.29713315
0,1,1,1,0,0,1,0,0,0,0,0,0.44,0.3115514,0.28821534
0,1,1,1,0,0,0,0,0,0,0,0,0.61,0.40014935,0.42271933
0,1,1,1,0,0,0,0,0,0,0,0,0.09,0.27409557,0.24495208
0,0,1,1,0,0,0,0,0,0,0,1,0.09,0.26029715,0.20319
0,0,0,1,0,0,0,0,0,0,0,0,0.36,0.45685276,0.54021704
0,1,1,1,0,0,0,1,0,0,0,0,0.51,0.37899008,0.35983226
0,1,1,0,0,0,0,0,0,0,0,0,0.25,0.2953694,0.2689854
0,1,1,1,0,0,0,0,0,0,0,0,0.44,0.3483046,0.34266374
0,1,1,1,0,0,1,0,0,0,0,0,0.25,0.29551846,0.26745364
0,1,1,0,0,0,0,0,0,0,0,0,0.52,0.3131751,0.29390416
0,1,1,1,0,0,0,0,0,0,0,0,0.97,0.7008703,0.79463017
0,0,1,1,0,0,0,0,0,0,0,1,0.23,0.27494746,0.21796083
0,1,1,1,0,0,0,0,0,0,0,0,0.46,0.3172918,0.29996493
0,1,1,1,0,0,0,0,0,0,0,0,0.53,0.43208927,0.4795732
0,1,1,1,0,1,0,0,0,0,0,0,0.45,0.31050074,0.3187275
0,0,0,1,0,0,0,0,0,0,0,1,0.32,0.37271422,0.31878132
0,0,1,1,0,0,1,0,0,0,0,1,0.41,0.39501035,0.40885624
0,1,1,1,0,0,0,0,1,1,0,0,0.29,0.37949306,0.37898046
0,1,1,1,0,0,0,0,1,1,0,0,0.66,0.45955056,0.5063798
0,0,1,1,0,0,0,0,0,0,0,1,0.42,0.44429636,0.45549363
0,1,1,0,0,0,0,0,0,0,0,0,0.55,0.3584507,0.3654312
0,1,1,1,0,0,1,0,0,0,0,0,0.48,0.41049084,0.43559718
0,1,1,1,0,0,0,0,0,0,0,0,0.24,0.3771485,0.38599834
0,0,1,1,0,0,0,0,0,0,0,0,0.37,0.41638198,0.43391404
0,0,1,0,0,0,0,0,0,0,0,0,0.24,0.30365768,0.2726442
0,1,1,1,0,0,0,0,0,0,0,0,0.35,0.41488677,0.44847098
0,0,0,1,0,0,0,0,0,0,0,0,0.27,0.36814767,0.37253395
0,1,1,1,0,0,0,0,0,0,0,0,0.2,0.28516072,0.2586394
0,1,1,0,0,0,1,0,0,0,0,0,0.29,0.38196906,0.39922762
1,0,0,1,0,0,0,0,0,0,0,0,0.32,0.35288325,0.3588959
0,1,1,1,0,0,0,0,0,1,1,0,0.32,0.38881868,0.40103036
0,1,1,1,0,0,0,0,1,1,0,0,0.15,0.36934215,0.3642133
0,1,1,0,0,0,1,0,0,0,0,0,0.27,0.33814391,0.3257281
0,0,1,1,0,0,0,0,0,0,0,1,0.34,0.5005971,0.56574434
0,0,1,0,0,0,0,0,0,0,0,0,0.47,0.4114124,0.42500272
0,1,1,1,0,0,0,0,0,0,0,0,0.25,0.29401037,0.26980478
0,0,1,1,0,0,0,0,1,1,0,1,0.31,0.3515129,0.33812356
0,1,1,1,0,0,1,0,1,0,0,0,0.48,0.46628672,0.4800338
0,1,1,1,0,0,0,0,0,0,0,0,0.85,0.44234705,0.49852267
0,1,1,1,0,0,0,0,0,0,0,0,0.45,0.3985998,0.42016298
1,1,1,1,0,0,0,0,0,0,0,0,0.83,0.637514,0.69968474
0,0,1,1,0,0,0,0,0,0,0,1,0.3,0.3469727,0.30352217
0,1,1,1,0,1,0,0,0,0,0,0,0.45,0.3186344,0.32822305
0,0,1,0,0,0,0,0,0,0,0,0,0.25,0.2986304,0.2663023
0,0,0,0,0,0,0,0,0,0,0,0,0.32,0.31060657,0.2530057
0,1,1,1,0,0,0,0,0,0,0,0,0.67,0.27207884,0.24251957
0,0,1,0,0,0,0,0,0,0,0,0,0.24,0.33427078,0.31334907
0,1,1,1,0,0,0,0,0,0,0,0,0.36,0.391211,0.40812498
0,0,0,1,0,0,0,0,0,0,0,0,0.16,0.2812078,0.25102487
0,1,1,1,0,1,0,0,0,0,0,0,0.25,0.30499947,0.31230474
0,0,1,1,0,0,0,0,0,0,0,1,0.3,0.36177868,0.32371446
0,0,1,1,0,0,0,0,0,0,0,1,0.26,0.36316985,0.32563758
0,0,0,1,0,0,0,0,1,1,0,0,0.45,0.46350974,0.54266423
0,1,1,1,0,0,0,0,0,0,0,0,0.29,0.41588038,0.45024905
0,0,1,1,0,0,0,0,0,0,0,1,0.45,0.38488263,0.35639447
0,1,1,1,0,0,0,0,0,0,0,0,0.21,0.30405158,0.2826668
0,1,1,1,0,0,0,0,1,1,0,0,0.31,0.29560545,0.27033532
0,1,1,1,0,0,0,0,0,0,0,0,0.32,0.3441108,0.33660144
0,1,1,1,0,0,0,0,0,0,0,0,0.27,0.2661291,0.23560241
0,1,1,1,0,0,0,0,0,0,0,0,0.37,0.44639373,0.5061839
0,1,1,1,0,0,1,0,0,0,0,0,0.37,0.30790287,0.2833769
0,1,1,0,0,0,1,0,0,0,0,0,0.35,0.34128505,0.33056134
0,1,1,1,0,0,0,0,0,0,0,0,0.37,0.31019506,0.29065108
0,1,1,1,1,0,1,0,0,0,0,0,0.31,0.3150558,0.32176596
0,1,1,1,0,1,0,0,0,0,0,0,0.21,0.30920845,0.3172237
0,1,1,1,0,0,0,0,0,0,0,0,0.2,0.2499898,0.21874464
0,0,0,1,0,0,1,0,0,0,0,0,0.52,0.46417728,0.5835823
0,1,1,0,0,0,1,0,0,0,0,0,0.04,0.31996953,0.29904756
0,1,1,1,0,0,0,0,0,0,0,0,0.33,0.27749437,0.24910417
0,1,1,1,0,0,0,0,0,1,1,0,0.39,0.31295803,0.30188876
1,1,1,1,0,0,0,0,0,0,0,0,0.65,0.40305072,0.4370373
1,1,1,1,0,0,0,0,0,0,0,0,0.51,0.37442258,0.39229694
0,1,1,1,0,1,0,0,0,0,0,0,0.46,0.40776616,0.44337377
0,1,1,1,0,0,0,0,0,0,0,0,0.25,0.3776036,0.38670364
0,1,1,1,0,0,1,0,0,0,0,0,0.22,0.32196826,0.3022228
0,1,1,1,0,0,0,0,0,0,0,0,0.25,0.3487144,0.34325895
0,0,0,1,0,0,0,0,0,0,0,0,0.4,0.34543708,0.33581153
0,0,0,0,0,0,1,0,0,0,1,1,0.45,0.53635806,0.59187126
0,1,1,1,0,0,0,0,0,0,0,0,0.21,0.28699982,0.26094717
0,1,1,1,0,0,0,0,0,0,0,0,0.49,0.45531124,0.5230292
0,1,1,1,0,0,0,0,0,0,0,0,0.39,0.3338619,0.3221298
0,1,1,1,0,0,0,0,0,0,0,0,0.28,0.27098826,0.24122722
0,1,1,0,0,0,1,0,0,1,0,0,0.69,0.41953653,0.4902144
0,1,1,1,0,0,0,0,0,0,0,0,0.09,0.2718035,0.24218872
0,1,1,1,0,0,0,0,1,1,0,0,0.43,0.40206838,0.412745
0,0,0,1,0,0,0,0,0,0,0,0,0.23,0.3308509,0.31374007
0,1,1,1,0,0,0,0,1,1,0,0,0.43,0.33035946,0.31222004
0,1,1,1,0,0,0,0,0,0,0,0,0.26,0.31182846,0.29278132
0,0,1,1,0,0,1,0,0,0,0,0,0.18,0.29436436,0.28539008
0,1,1,1,0,0,0,0,1,1,0,0,0.37,0.39065817,0.39551187
0,1,1,1,0,0,0,0,0,1,1,0,0.23,0.38212052,0.39122078
0,1,1,1,0,0,1,0,0,1,0,0,0.36,0.40749112,0.42259803
0,1,1,1,0,0,1,0,0,0,0,0,0.37,0.28813952,0.25834963
0,1,1,0,0,0,1,0,0,0,0,0,0.71,0.35585162,0.353484
0,1,1,1,0,1,0,0,0,0,0,0,0.23,0.38654715,0.41312075
0,1,1,1,0,0,0,0,0,0,0,0,0.22,0.22600183,0.19566475
0,1,1,1,0,0,0,0,0,0,0,0,0.55,0.28357515,0.2566583
0,1,1,1,0,0,0,0,1,0,0,0,0.3,0.309134,0.2971174
0,1,1,1,0,0,0,0,0,0,0,0,0.25,0.31491375,0.29682565
0,1,1,1,0,0,0,0,0,0,0,0,0.4,0.2916996,0.2668666
0,0,0,0,0,0,0,0,0,0,0,0,0.34,0.29953018,0.23871036
0,1,1,1,0,0,1,0,0,0,0,0,0.02,0.28870592,0.25903532
0,0,1,0,0,1,0,1,0,0,1,0,0.26,0.30548096,0.27604106
0,1,1,1,0,0,0,0,0,0,0,0,0.18,0.35179538,0.3477496
0,1,1,1,0,0,0,0,0,0,0,0,0.22,0.26843166,0.23825161
0,1,1,1,0,0,0,0,0,0,0,0,0.32,0.33810565,0.32801443
0,0,0,1,0,0,0,0,1,1,0,0,0.27,0.31933373,0.2871852
0,1,1,1,0,0,0,0,0,0,0,0,0.3,0.35829243,0.35730863
0,1,1,1,0,0,0,0,1,1,0,0,0.51,0.42404658,0.44630033
0,1,1,1,0,0,0,0,1,0,0,0,0.23,0.324094,0.31649557
0,1,1,1,0,0,0,0,1,1,0,0,0.22,0.31921858,0.2983778
0,0,0,1,0,0,1,0,0,0,0,0,0.46,0.34539357,0.357892
0,0,1,1,0,0,1,0,0,0,0,1,0.42,0.36080977,0.3554205
0,1,1,1,0,0,0,0,0,0,0,0,0.34,0.3211159,0.30504623
0,1,1,1,0,0,0,0,0,0,0,0,0.45,0.42777926,0.47166234
0,1,1,1,0,0,0,0,0,0,0,0,0.22,0.33099574,0.31821197
0,1,1,1,0,0,0,0,1,1,0,0,0.3,0.3185502,0.29755777
0,1,1,1,0,0,0,0,1,0,0,0,0.5,0.508793,0.5712105
0,0,0,0,0,0,1,0,0,0,0,1,0.69,0.57860357,0.73912156
0,1,1,1,0,0,0,0,0,0,0,0,0.29,0.31265745,0.29386485
0,1,1,1,0,0,1,0,0,0,0,0,0.35,0.47698087,0.5546282
0,1,1,1,0,0,0,0,0,0,0,0,0.4,0.4822386,0.57085806
0,0,1,0,0,0,1,1,0,0,1,0,0.21,0.32748732,0.3162058
0,1,1,1,0,0,0,0,0,0,0,0,0.39,0.3711748,0.37678552
0,1,1,1,0,0,0,0,0,0,0,0,0.23,0.27070636,0.24089806
0,1,1,1,0,0,0,0,0,0,0,0,0.02,0.29196358,0.26720154
0,1,1,1,0,1,0,0,0,0,0,0,0.24,0.3697162,0.39118612
0,1,1,1,0,0,0,0,0,0,0,0,0.71,0.34433085,0.33691823
0,0,0,1,0,0,0,0,0,0,0,1,0.34,0.32796738,0.24839814
0,0,1,1,1,0,0,0,0,0,0,1,0.33,0.24834926,0.27524132
0,1,1,1,0,0,0,0,0,0,0,0,0.36,0.27254066,0.24307516
0,0,1,1,0,0,0,0,0,0,0,0,0.33,0.5050228,0.57230985
0,1,1,1,0,0,1,0,0,0,0,0,0.26,0.31236658,0.28930277
0,0,0,1,0,0,0,0,0,0,0,0,0.48,0.36762697,0.37167385
0,1,1,1,0,0,0,0,0,0,0,0,0.72,0.35440865,0.35158
0,1,1,1,0,0,0,0,1,0,0,0,0.38,0.37788934,0.39003426
0,0,1,1,0,0,0,0,0,0,0,1,0.05,0.3552021,0.3146814
0,0,0,1,0,0,1,0,0,0,0,0,0.44,0.4244008,0.51085126
0,1,1,0,0,0,0,0,0,0,0,0,0.36,0.2794589,0.24930894
0,1,1,1,0,0,0,0,0,0,0,0,0.92,0.5263889,0.6335223
0,0,1,1,0,0,0,0,0,0,0,1,0.21,0.40135822,0.38099355
0,1,1,0,0,0,0,0,0,1,0,0,0.38,0.36043638,0.34048316
0,1,1,0,0,0,1,1,0,0,1,0,0.18,0.27877483,0.20940423
0,0,1,0,0,0,0,0,0,0,0,1,0.26,0.3316585,0.25250527
0,0,0,1,0,0,0,0,1,0,0,0,0.86,0.56142545,0.6832814
0,1,1,0,0,0,0,1,0,0,1,0,0.24,0.2713217,0.21655318
0,1,1,1,0,0,0,0,0,0,0,0,0.45,0.2970118,0.2736434
0,1,1,1,0,0,0,0,0,0,0,0,0.22,0.32648602,0.312157
0,1,1,1,0,0,1,0,0,0,0,0,0.47,0.54068136,0.66709054
0,1,1,1,0,0,1,0,0,1,0,0,0.3,0.31996912,0.3021384
0,1,1,1,0,0,0,0,0,0,0,0,0.22,0.3004047,0.27797028
0,1,1,1,0,0,0,0,0,0,0,0,0.31,0.42168075,0.4606584
0,0,0,1,0,0,0,0,1,0,0,0,0.24,0.2729562,0.24121535
0,1,1,1,0,0,0,0,0,0,0,0,0.34,0.32174015,0.30587482
0,0,1,0,0,1,0,0,0,0,0,0,0.32,0.38780552,0.32964796
0,1,1,1,0,0,1,0,0,1,0,0,0.39,0.37393865,0.37370285
0,1,1,1,0,0,0,0,1,0,0,0,0.6,0.3931029,0.4120907
0,0,1,1,0,0,0,0,0,1,0,0,0.14,0.3176702,0.27056456
0,0,0,1,0,0,0,0,1,1,0,0,0.53,0.37535077,0.37269202
0,0,0,0,0,0,0,0,0,0,0,0,0.27,0.33152077,0.282032
0,0,0,1,0,0,0,0,0,0,0,0,0.28,0.29896712,0.27154487
0,1,1,1,0,0,1,0,0,0,0,0,0.28,0.29924875,0.27212858
1,1,1,1,0,0,0,0,0,0,0,0,0.59,0.31812504,0.31150788
0,0,1,1,0,0,0,0,0,0,0,1,0.34,0.35352457,0.3123945
0,0,0,0,0,0,1,1,0,0,0,1,0.06,0.3094452,0.13248533
0,1,1,1,0,0,0,0,1,0,0,0,0.26,0.30039364,0.28608042
0,1,1,1,0,0,0,0,0,0,0,0,0.25,0.2911116,0.26612145
0,0,0,1,0,0,0,0,0,0,0,0,0.29,0.45698842,0.5404727
0,1,1,0,0,0,0,0,0,0,0,0,0.42,0.3336236,0.3250607
0,1,1,1,0,0,0,1,0,0,1,0,0.75,0.6309031,0.70689774
0,0,1,0,0,0,0,0,0,0,0,0,0.27,0.30756584,0.2776522
0,1,1,1,0,0,0,0,0,0,0,0,0.26,0.29074353,0.26565558
0,1,1,1,0,0,0,0,0,0,0,0,0.32,0.31326407,0.29465914
0,0,0,1,0,0,0,0,0,1,0,1,0.22,0.30176693,0.21619245
0,0,0,1,0,0,0,0,1,1,0,0,0.5,0.527738,0.65409744
0,1,1,1,0,0,0,0,1,0,0,0,0.27,0.32732278,0.32075906
0,0,0,0,0,0,1,0,0,1,0,0,0.29,0.32069796,0.24974962
0,1,1,1,0,1,0,0,0,0,0,0,0.28,0.4279569,0.4736298
0,1,1,1,0,0,0,0,0,0,0,0,0.57,0.43218833,0.47975507
0,1,1,0,0,1,0,0,0,0,0,0,0.38,0.33635432,0.32564753
0,0,0,0,0,0,1,0,0,0,0,0,0.26,0.3991985,0.43052167
0,0,0,1,0,0,0,0,1,1,0,0,0.04,0.33659098,0.31129137
0,1,1,1,0,0,1,0,0,0,0,0,0.31,0.33618134,0.32160974
0,0,0,1,0,0,0,0,0,0,0,0,0.26,0.2674374,0.23637895
0,1,1,1,0,0,0,0,1,1,0,0,0.4,0.43016547,0.4560322
0,1,1,0,0,0,0,0,0,0,0,0,0.27,0.30974716,0.28895813
0,1,1,1,0,0,1,0,0,0,0,0,0.4,0.3157976,0.29390603
1,1,1,1,0,1,0,0,0,0,0,0,0.27,0.31803364,0.297154
0,1,1,1,0,0,0,0,0,0,0,0,0.27,0.27922454,0.25123805
0,1,1,1,0,0,0,0,1,1,1,0,0.22,0.34181252,0.31061774
0,0,1,0,0,0,0,0,0,0,0,0,0.27,0.2747149,0.23799634
0,1,1,1,0,0,0,0,0,0,0,0,0.5,0.3811424,0.39220428
0,0,1,1,0,0,0,0,0,0,0,1,0.46,0.40678972,0.38961396
0,1,1,1,0,0,0,0,0,0,0,0,0.22,0.31837887,0.30140597
0,1,1,1,0,0,1,0,0,0,0,0,0.23,0.42696205,0.46402106
0,1,1,1,0,0,1,0,0,1,0,0,0.07,0.35889387,0.35269764
0,1,1,1,0,0,0,0,0,0,0,0,0.46,0.3940304,0.41270524
0,1,1,1,0,0,0,0,0,0,0,0,0.27,0.36593908,0.3687833
0,1,1,1,0,0,1,0,0,1,0,0,0.39,0.31324744,0.293974
0,1,1,1,0,0,0,0,0,0,0,0,0.24,0.27406207,0.24491155
0,1,1,1,0,0,0,0,0,1,0,0,0.03,0.31824014,0.30455008
0,1,1,0,0,0,1,0,0,0,0,0,0.47,0.37779325,0.3916293
0,1,1,1,0,0,0,0,0,0,0,0,0.3,0.3059762,0.28516212
0,1,1,1,0,1,1,0,0,1,0,0,0.26,0.30347213,0.30201328
0,1,1,1,0,0,0,0,0,0,0,0,0.32,0.3540104,0.35099503
0,1,1,1,0,0,0,0,0,0,0,0,0.43,0.45519838,0.5228197
0,1,1,1,0,0,0,0,0,0,0,0,0.58,0.46117368,0.53381395
0,1,1,1,0,0,1,0,0,0,0,0,0.51,0.36235294,0.3595236
0,0,1,1,0,0,0,0,0,0,0,0,0.84,0.3635543,0.35603234
0,1,1,1,0,0,0,0,0,1,0,0,0.34,0.31159192,0.29609194
0,0,1,1,0,0,0,0,0,1,0,0,0.15,0.34547177,0.3034058
0,1,1,1,0,0,0,0,0,1,0,0,0.39,0.3541143,0.35341236
0,1,1,1,0,0,0,0,0,0,0,0,0.18,0.28212807,0.2548465
0,1,1,1,0,0,0,0,0,0,0,0,0.39,0.31825227,0.3012381
0,1,1,1,0,0,0,0,0,0,0,0,0.34,0.38527453,0.39866525
0,1,1,0,0,0,0,0,0,0,0,0,0.59,0.38026088,0.40169278
0,1,0,1,0,0,0,0,0,0,0,0,0.22,0.37843865,0.3524757
0,1,1,1,0,0,0,0,0,0,0,0,0.3,0.3722696,0.3784675
0,1,1,1,0,0,0,0,0,0,0,0,0.32,0.3170213,0.2996069
0,0,1,1,0,0,0,0,0,0,0,0,0.2,0.3101785,0.2795527
0,1,1,1,0,0,0,0,0,0,0,0,0.43,0.45482278,0.5221218
0,1,1,0,0,0,0,0,0,0,0,0,0.25,0.308137,0.28667775
0,1,1,1,0,0,0,0,1,1,0,0,0.43,0.45131296,0.49207085
0,1,1,1,0,0,1,0,0,0,0,0,0.34,0.30719513,0.2824437
0,1,1,1,0,0,0,0,1,1,0,0,0.31,0.35496682,0.3440078
0,1,1,1,0,0,0,0,1,1,0,0,0.36,0.40297994,0.41412744
0,0,1,1,0,1,0,0,0,0,0,0,0.27,0.328562,0.3494827
0,1,1,1,0,0,0,0,0,0,0,0,0.37,0.34523103,0.3382156
0,1,1,1,0,0,0,0,0,0,0,0,0.34,0.3050859,0.284007
0,1,1,1,0,0,0,0,0,1,1,0,0.27,0.32643753,0.31806636
0,0,1,1,0,0,0,0,0,0,0,0,1.0,0.6939253,0.756756
0,1,1,1,0,0,0,0,1,0,0,0,0.28,0.32276994,0.3147551
0,1,1,1,0,0,0,0,0,1,0,0,0.37,0.3367904,0.3287545
0,0,0,0,0,0,1,0,0,0,0,0,0.42,0.3472952,0.32460302
0,0,0,1,0,0,1,0,0,0,1,0,0.79,0.47797528,0.598578
0,1,1,1,0,0,0,0,0,0,0,0,1.0,0.63746864,0.7446369
0,1,1,1,0,0,0,0,0,0,0,0,0.77,0.47514564,0.5587481
0,1,1,1,0,0,0,0,0,0,0,0,0.28,0.31054538,0.29110718
0,1,1,1,0,0,0,0,0,0,0,0,0.3,0.35618967,0.35420182
0,1,1,1,0,0,0,0,0,0,0,0,0.33,0.3363238,0.32553402
0,1,1,1,0,0,0,1,1,1,0,0,0.37,0.33343673,0.30319387
0,1,1,1,0,0,1,0,0,1,1,0,0.49,0.3300624,0.36574364
0,1,1,1,0,0,0,0,0,0,0,0,0.37,0.38999066,0.40614897
0,1,1,1,0,0,0,0,0,0,0,0,0.25,0.27183178,0.24222271
0,0,1,0,0,0,1,0,0,0,1,0,0.33,0.33156952,0.2995213
0,1,1,1,0,0,1,0,0,0,0,0,0.15,0.3883858,0.3995851
0,1,1,1,0,0,0,0,0,0,0,0,0.35,0.34607586,0.33943546
0,1,1,1,0,0,0,0,0,0,0,0,0.43,0.28769803,0.26182118
0,0,1,1,0,0,0,0,0,0,0,0,0.17,0.24787728,0.21040909
0,1,1,1,0,0,0,0,0,0,0,0,0.2,0.25632277,0.22512814
0,0,1,1,0,1,0,0,0,0,0,0,0.48,0.41304213,0.4696784
0,1,1,1,0,0,0,0,0,0,0,0,0.18,0.27468672,0.24566829
0,1,1,1,0,0,0,0,1,0,0,0,0.26,0.29976052,0.28529578
0,0,0,1,0,0,0,0,0,0,0,0,0.09,0.36639267,0.36963803
0,1,1,1,0,0,0,0,1,0,0,0,0.51,0.3270728,0.3204298
0,1,1,1,0,0,0,0,0,0,0,0,0.26,0.29025206,0.26503438
0,0,0,1,0,0,0,0,0,0,0,0,0.52,0.3372262,0.3231844
0,1,1,1,0,1,0,0,0,0,0,0,0.28,0.24708518,0.2492872
0,1,1,1,0,0,0,0,0,0,0,0,0.51,0.46297032,0.5370752
0,1,1,1,0,0,0,0,0,0,0,0,0.1,0.26271117,0.2317994
0,1,1,1,0,0,0,0,0,0,0,0,0.29,0.32746306,0.31345856
0,1,1,1,0,0,0,0,0,0,0,0,0.51,0.3256232,0.31101006
0,1,1,1,0,0,0,0,1,1,0,0,0.47,0.36810535,0.36243555
0,1,1,1,0,0,1,0,0,0,0,0,0.38,0.28714615,0.25714993
0,1,1,1,0,0,0,0,0,0,0,0,0.27,0.2856861,0.25929785
0,0,1,1,0,0,0,0,0,0,0,0,0.66,0.44142827,0.4728016
0,1,1,1,0,0,1,0,0,0,0,0,0.22,0.26994723,0.2370697
0,1,1,1,0,0,0,0,0,0,0,0,0.32,0.39235651,0.40998316
0,1,1,1,0,0,1,0,0,0,0,0,0.18,0.2814356,0.25036687
0,1,1,1,0,0,0,0,0,0,0,0,0.2,0.312897,0.29417837
0,1,1,1,0,0,0,0,0,0,0,0,0.38,0.3317119,0.31918865
0,1,1,1,0,0,0,0,0,0,0,0,0.61,0.40430766,0.42978653
0,0,1,1,0,0,0,0,0,0,0,0,0.65,0.32909817,0.30587178
0,0,0,1,0,0,0,0,1,1,0,0,1.0,0.45586362,0.52683866
0,1,1,1,0,0,0,0,0,0,0,0,0.33,0.29700476,0.27363434
1,1,1,1,0,1,0,0,0,0,0,0,0.17,0.27524376,0.24818444
0,1,1,1,0,0,0,0,0,0,0,0,0.23,0.3116548,0.2925544
1,1,1,1,0,0,0,0,0,0,0,0,0.21,0.27353337,0.256348
0,1,1,1,0,0,0,0,0,0,0,0,0.26,0.29041567,0.2652411
0,1,1,0,0,0,1,0,0,0,0,0,0.63,0.39946106,0.4317895
0,1,1,1,0,0,0,0,0,0,0,0,0.2,0.29106295,0.26605982
0,1,1,1,0,0,0,0,0,0,0,0,0.31,0.31336802,0.2947954
1,1,1,1,0,1,0,0,0,0,0,0,0.22,0.29828855,0.27351993
0,0,0,1,0,0,0,0,0,0,0,1,0.13,0.30369467,0.21857953
0,0,0,1,0,0,0,0,0,0,0,0,0.51,0.4695262,0.5636127
0,1,1,1,0,0,0,0,0,0,0,0,0.3,0.32775044,0.31384197
0,1,1,1,0,1,0,0,0,0,0,0,0.33,0.34449166,0.35977665
0,1,1,1,0,0,0,0,0,0,0,0,0.44,0.36180824,0.36253014
0,1,1,0,0,0,0,0,1,1,0,0,0.33,0.3259681,0.31741473
0,1,1,1,0,0,0,0,1,1,0,0,0.47,0.27278477,0.24622858
0,1,1,1,0,0,0,0,0,0,0,0,0.35,0.2853045,0.25881943
0,0,1,0,0,0,1,0,0,0,0,0,0.41,0.5773359,0.7187822
0,1,1,1,0,0,0,0,0,0,0,0,0.34,0.27786493,0.24956016
1,1,1,1,0,0,0,0,0,0,0,0,0.29,0.28393117,0.26835543
0,1,1,1,0,0,0,0,0,0,0,0,0.2,0.35255533,0.3488615
0,1,1,1,0,1,1,0,1,1,0,0,0.29,0.29557624,0.26621592
0,1,1,1,0,0,0,0,0,0,0,0,0.22,0.32935333,0.31598514
0,1,1,1,0,0,0,0,1,0,0,0,0.26,0.29105076,0.27467188
0,1,1,1,0,0,0,0,0,0,0,0,0.36,0.31372428,0.2952626
0,1,1,1,0,0,0,0,0,0,1,0,0.43,0.38787693,0.40143123
0,0,0,0,0,0,1,0,0,0,0,0,0.26,0.4186871,0.4780416
0,1,1,1,0,0,0,0,0,0,0,0,0.22,0.26912934,0.23906176
0,1,1,0,0,0,1,0,0,0,0,0,0.38,0.40739137,0.44716877
0,1,1,0,0,0,0,0,1,1,0,0,0.36,0.3483203,0.3504093
0,1,1,0,0,0,0,1,0,0,0,0,0.21,0.36137816,0.38242403
0,1,1,1,0,0,0,0,0,0,0,0,0.25,0.32019502,0.30381903
0,1,1,0,0,0,0,0,0,0,0,0,0.24,0.28846747,0.26007947
0,1,1,1,0,1,0,0,0,0,0,0,0.28,0.32469168,0.33550915
0,1,1,0,0,0,1,0,0,0,0,0,0.52,0.3714839,0.3804265
0,0,1,1,0,0,0,0,0,0,0,1,0.16,0.29578987,0.24060754
0,1,1,1,0,0,0,0,1,1,0,0,0.29,0.27718115,0.25073645
0,1,1,1,0,0,1,0,1,1,0,0,0.39,0.3007168,0.2696071
0,1,1,0,0,0,0,0,0,0,0,0,0.27,0.2805693,0.2506179
1,1,1,1,1,0,0,0,0,0,0,0,0.29,0.33929208,0.26227668
0,1,1,1,0,1,0,0,1,0,0,0,0.3,0.31223357,0.30392617
0,1,1,1,0,0,0,0,0,0,0,0,0.19,0.31998557,0.3035403
0,1,1,1,0,0,0,0,0,0,0,0,0.31,0.31024474,0.29071572
0,0,0,0,0,0,1,0,0,1,0,1,0.32,0.35467458,0.2856861
0,1,1,1,0,0,0,0,0,0,0,0,0.02,0.3387709,0.32896012
0,1,1,1,0,0,0,0,1,1,0,0,0.36,0.387365,0.39057994
0,1,1,1,0,0,0,0,1,1,0,0,0.64,0.3976018,0.40597415
0,1,1,1,0,0,0,0,0,0,0,0,0.23,0.37838307,0.3879128
0,1,1,1,0,0,0,0,0,0,0,0,0.26,0.4486688,0.5105089
0,1,1,1,0,0,0,0,0,0,0,0,0.42,0.30208522,0.28012884
0,1,1,1,0,1,0,1,0,0,1,0,0.56,0.4641444,0.55555737
0,1,1,0,0,0,1,0,0,0,0,0,0.37,0.36175197,0.36354142
0,1,1,1,0,0,1,0,0,0,0,0,0.58,0.5185817,0.63065416
0,1,1,1,0,0,0,0,1,0,1,0,0.47,0.46691722,0.44305545
0,1,1,1,0,0,0,0,0,0,0,0,0.04,0.2937292,0.2694469
0,1,1,1,0,0,0,0,0,0,0,0,0.33,0.3167901,0.29930106
0,1,1,1,0,0,0,0,0,0,0,0,0.19,0.26148468,0.23047939
0,1,1,1,0,0,1,0,0,0,0,0,0.2,0.30136254,0.2748247
0,1,1,1,0,1,0,0,0,0,0,0,0.26,0.32258806,0.33294758
1,1,1,1,0,0,0,0,0,0,0,0,0.64,0.39987415,0.43198285
0,1,1,1,0,0,0,0,0,1,0,0,0.26,0.3075191,0.29096812
0,1,1,1,0,0,0,0,0,0,0,0,0.1,0.3384084,0.32844463
0,1,1,0,0,0,1,0,0,0,0,0,0.32,0.35146818,0.34646827
0,1,1,1,0,0,1,0,0,1,0,0,0.26,0.41628996,0.4355909
0,1,1,1,0,0,0,0,0,0,0,0,0.26,0.39912197,0.4210176
0,1,1,1,0,1,0,0,0,0,0,0,0.56,0.4031636,0.43667334
0,1,1,1,0,0,0,0,1,1,0,0,0.3,0.53538835,0.61909837
0,1,1,1,0,0,0,0,0,0,0,0,1.0,0.6054484,0.71518755
0,1,1,1,0,0,0,0,0,0,0,0,0.9,0.45721608,0.5265603
0,1,1,1,0,0,1,0,0,0,0,0,0.5,0.3322143,0.3161377
0,1,1,1,0,0,1,0,0,0,0,0,0.17,0.30286187,0.27677107
0,1,1,1,0,0,0,0,0,0,0,0,0.31,0.36664647,0.36986044
0,0,0,0,0,0,1,0,0,0,0,0,0.8,0.4289441,0.5034339
0,1,1,1,0,0,0,0,0,0,0,0,0.33,0.32090986,0.30477142
0,1,1,1,0,1,0,0,0,0,0,0,0.15,0.33113733,0.3433866
0,1,1,1,0,0,0,0,0,0,0,0,0.35,0.4309663,0.47751135
0,1,1,1,0,0,0,0,0,0,0,0,0.36,0.33960408,0.33014655
0,1,1,1,0,0,0,0,0,0,0,0,1.0,0.53655136,0.64618593
0,0,1,1,0,0,0,0,0,0,0,1,0.14,0.29786587,0.2429688
0,1,1,1,0,0,0,0,0,0,0,0,0.13,0.3353845,0.32423085
0,1,1,1,0,0,0,0,0,0,0,0,0.38,0.4479956,0.50922674
0,0,1,1,0,0,1,0,1,1,0,1,0.25,0.4242259,0.43493232
0,0,1,1,0,0,0,0,0,0,0,1,0.38,0.3407989,0.29533157
0,0,1,0,0,0,0,1,0,0,0,1,0.49,0.54703116,0.5817208
0,0,0,0,0,0,1,0,0,0,0,1,0.43,0.41638058,0.40307158
0,1,1,1,0,0,0,0,0,0,0,0,0.26,0.29428092,0.27014938
0,1,1,1,0,0,0,0,0,0,0,0,0.19,0.32414302,0.309048
0,1,1,1,0,0,0,0,0,0,0,0,0.25,0.2859048,0.25957224
0,1,1,1,0,0,0,0,0,0,0,0,0.25,0.3351299,0.3238781
0,1,1,1,0,0,1,0,0,0,0,0,0.37,0.48226562,0.5640486
0,0,1,1,0,0,0,0,1,1,0,1,0.34,0.38641056,0.38707533
0,1,1,1,0,0,0,0,0,0,0,0,0.17,0.28637922,0.2601682
0,1,1,1,0,0,0,0,0,0,0,0,0.35,0.3708795,0.37633234
0,1,1,1,0,0,1,0,1,1,0,0,0.33,0.34456497,0.32308322
0,1,1,1,0,0,1,1,0,0,0,0,0.36,0.3855421,0.41623133
0,0,0,0,0,0,1,0,0,0,0,0,0.29,0.31321472,0.268957
0,0,1,0,0,0,0,0,0,0,0,0,0.83,0.65801215,0.75442874
0,1,1,1,0,0,0,0,0,1,0,0,0.51,0.31905943,0.30560014
0,1,1,1,0,0,0,0,0,0,0,0,0.53,0.38837466,0.40355316
0,1,1,1,0,0,0,0,1,1,0,0,0.23,0.41383234,0.43060535
0,1,1,1,0,0,0,0,0,0,0,0,0.23,0.28664875,0.26050717
0,0,0,0,0,0,0,0,0,0,0,0,0.27,0.3328729,0.2839982
0,1,1,1,0,0,0,0,0,0,0,0,0.27,0.3326753,0.32050493
0,1,1,1,0,0,0,0,0,0,0,0,0.35,0.31246334,0.29361093
0,1,1,0,0,0,1,0,0,1,1,0,0.41,0.4409997,0.50522214
0,1,1,0,0,0,0,0,0,0,0,0,0.17,0.30506748,0.28235987
0,1,1,1,0,0,0,0,0,0,0,0,0.56,0.42959777,0.47499976
0,1,1,0,0,0,0,0,0,0,0,0,0.65,0.41663828,0.46405977
0,0,0,0,0,0,1,0,0,0,0,0,0.24,0.29468238,0.24279185
0,1,1,1,0,1,0,1,1,1,1,0,0.63,0.45663565,0.47386423
0,0,1,1,0,0,0,0,1,1,0,0,0.67,0.64227974,0.7590885
0,1,1,1,0,1,0,0,0,1,1,0,0.31,0.3830975,0.40616322
0,1,1,1,0,1,0,0,1,1,0,0,0.23,0.26504713,0.24344425
0,1,1,1,0,0,0,0,1,0,0,0,0.34,0.29653952,0.28132445
0,1,1,1,0,0,0,0,1,1,0,0,1.0,0.48899755,0.5558115
0,1,1,1,0,1,0,0,0,0,0,0,0.64,0.51335514,0.60091347
1,1,1,1,0,0,0,0,0,0,0,0,0.5,0.33256692,0.33099928
0,1,1,1,0,0,0,0,0,0,0,0,0.52,0.41284323,0.44481826
0,1,1,1,0,0,0,0,0,0,0,0,0.36,0.37936088,0.3894316
0,1,1,1,0,0,0,0,0,0,0,0,0.38,0.3491748,0.34392825
0,1,1,0,0,0,0,1,0,0,1,0,0.95,0.4980971,0.61125004
1,1,1,1,0,0,0,0,0,0,0,0,0.2,0.31479734,0.30713552
0,1,1,0,0,0,0,0,0,0,0,0,0.03,0.27905604,0.24883704
0,1,1,1,0,0,0,0,0,0,0,0,0.73,0.6359446,0.7432852
0,1,0,1,0,0,0,0,0,1,0,0,0.22,0.27812243,0.22216508
0,1,1,1,0,1,0,0,0,0,0,0,0.85,0.38988763,0.41780728
0,1,1,1,0,0,0,0,0,0,0,0,0.44,0.4121352,0.4435541
0,1,1,1,0,0,0,0,0,0,0,0,0.47,0.31523457,0.29724804
0,1,1,1,0,0,0,0,1,1,0,0,0.29,0.41117612,0.42657846
0,1,1,1,0,1,0,0,0,0,0,0,0.18,0.2896932,0.29495296
0,1,1,1,0,0,0,0,0,0,0,0,1.0,0.61230636,0.72139376
0,1,1,1,0,0,0,0,0,0,0,0,0.28,0.33939582,0.32984978
0,1,1,1,0,0,0,0,0,0,0,0,0.34,0.30369383,0.282204
0,1,1,1,0,0,0,0,0,0,0,0,0.18,0.39726332,0.41797775
0,1,1,0,0,0,0,1,0,0,0,0,0.46,0.37755322,0.41433725
0,0,1,0,0,0,1,0,0,0,0,0,0.47,0.37023768,0.37757337
0,1,1,1,0,0,0,0,0,0,0,0,0.23,0.30243525,0.28057957
0,1,1,1,0,0,1,0,0,0,0,0,0.17,0.29917407,0.27203432
0,1,1,1,0,0,0,0,0,0,0,0,0.36,0.2985726,0.27562863
0,1,1,1,0,0,0,0,0,0,0,0,0.3,0.2946452,0.27061382
0,1,1,1,0,0,0,0,0,0,0,0,0.56,0.35650802,0.3546714
0,1,1,1,0,0,1,0,1,0,0,0,0.11,0.27072215,0.21679655
0,1,1,1,0,0,0,0,0,0,0,0,0.56,0.5790347,0.69201565
0,1,1,1,0,0,0,0,0,0,0,0,0.54,0.38196698,0.39349
0,1,1,1,0,0,0,0,0,0,0,0,0.45,0.3781239,0.38751066
0,1,1,1,0,0,0,0,0,0,0,0,0.39,0.31237513,0.2934956
0,1,1,1,0,0,0,0,0,0,0,0,0.27,0.44200954,0.49789295
0,1,1,1,0,0,0,0,0,0,0,0,0.23,0.29402652,0.26982534
0,0,0,0,0,0,0,0,0,0,0,0,0.55,0.36935812,0.34246126
0,0,1,1,0,0,0,0,0,0,0,0,0.21,0.35966632,0.35037467
0,1,1,1,0,0,0,0,0,0,0,0,0.76,0.45249495,0.51775205
0,1,1,0,0,0,1,0,0,0,0,0,0.38,0.53245676,0.69385856
0,1,1,0,0,0,0,1,0,1,1,0,0.48,0.38394248,0.39120284
0,1,1,0,0,0,0,0,0,0,0,0,0.25,0.2932242,0.26611114
0,1,1,1,0,0,1,0,1,0,1,0,0.23,0.30677778,0.22051796
0,1,1,1,0,1,0,0,0,0,0,0,0.45,0.52995956,0.6208
0,0,0,0,0,0,1,0,0,0,0,0,0.19,0.3237084,0.28493452
0,1,1,1,0,0,0,0,0,0,0,0,0.56,0.35294685,0.34943497
0,1,1,1,0,0,0,0,0,0,0,0,0.27,0.3279683,0.31413278
0,1,1,1,0,0,1,0,0,0,0,0,0.48,0.32734329,0.30949172
0,1,1,1,0,0,0,0,0,0,0,0,0.42,0.3334087,0.3215087
0,1,1,1,0,0,1,1,0,0,0,0,0.24,0.30586883,0.30071038
0,1,1,1,0,0,0,0,0,0,1,0,0.47,0.31607392,0.2908815
0,0,0,1,0,0,0,0,0,0,0,0,0.66,0.53108156,0.6458776
0,0,1,1,0,0,0,0,0,0,0,1,0.21,0.46755514,0.5001296
0,1,1,1,0,0,0,0,1,0,0,0,0.25,0.38468474,0.39985013
0,0,1,1,0,0,0,0,0,0,0,1,0.97,0.51949465,0.60364246
0,1,1,1,0,0,1,0,0,0,0,0,0.02,0.30726072,0.28253013
0,1,1,1,0,0,0,0,0,0,0,0,0.21,0.27078,0.24098396
0,1,1,1,0,0,0,0,0,1,0,0,0.19,0.33590388,0.3275532
0,0,0,1,0,0,0,0,0,0,0,0,1.0,0.40072504,0.4310577
0,1,1,1,0,0,0,0,0,0,0,0,0.19,0.30826408,0.28813645
0,1,1,1,0,0,0,0,0,0,0,0,0.4,0.3196816,0.30313605
0,1,1,1,0,0,0,0,1,1,0,0,0.44,0.39396405,0.40048295
0,1,1,0,0,0,1,1,1,1,1,0,0.37,0.41018325,0.45287895
0,1,1,1,0,0,0,0,0,0,0,0,0.42,0.30072206,0.2783772
0,1,1,1,0,0,0,0,1,0,0,0,0.44,0.51346207,0.5761391
0,1,1,1,0,0,0,0,0,0,0,0,0.31,0.31797618,0.30087194
0,1,1,1,0,0,0,0,0,1,0,0,0.02,0.29450625,0.27484158
0,1,1,1,0,0,0,0,0,0,0,0,0.05,0.37682694,0.38550025
0,1,1,1,0,0,0,0,1,0,0,0,0.26,0.2784553,0.25974497
0,1,1,1,0,0,0,0,0,0,0,0,0.24,0.29311097,0.2686605
0,1,1,1,1,0,0,0,0,1,0,0,0.63,0.459251,0.45881754
0,1,1,1,0,0,1,0,0,0,1,0,0.82,0.4529512,0.47569418
0,1,1,1,0,0,0,0,0,0,0,0,0.29,0.4030838,0.42767596
0,1,1,1,0,0,0,0,1,1,0,0,0.47,0.34334373,0.3287488
0,1,1,1,0,0,1,0,0,0,0,0,0.18,0.29612324,0.2682078
0,1,1,1,0,0,0,0,1,1,0,0,0.09,0.5039495,0.57846534
0,1,1,1,0,0,0,0,0,0,0,0,0.36,0.47947282,0.56621975
0,1,1,1,0,0,0,0,1,0,0,0,0.65,0.4438973,0.48934847
0,1,1,1,0,0,0,0,1,1,0,0,0.24,0.31828353,0.29723096
0,1,1,1,0,0,0,0,0,0,0,0,0.27,0.5504969,0.6630329
0,1,1,1,0,0,0,0,1,1,0,0,0.18,0.35266575,0.34091553
0,1,1,1,0,0,1,0,0,0,0,0,0.61,0.36044723,0.3566826
0,1,1,1,0,0,0,0,0,0,0,0,0.28,0.24613388,0.21489684
0,1,1,1,0,0,0,0,0,0,0,0,0.34,0.33439937,0.3228672
0,0,1,1,0,0,0,0,0,0,0,0,0.69,0.43095556,0.45649442
0,1,1,1,0,0,0,0,0,0,0,0,0.61,0.42677674,0.46983367
0,0,0,0,0,0,0,0,0,0,0,0,0.49,0.4254803,0.45170292
0,1,1,1,0,0,0,0,0,0,0,0,0.92,0.44488305,0.50331455
0,0,0,0,0,0,0,0,1,1,0,0,0.23,0.31332803,0.26689157
0,1,1,1,0,0,0,0,1,1,0,0,0.19,0.2804888,0.25416428
0,0,1,1,0,0,0,0,0,0,0,1,0.21,0.34391722,0.29942656
0,1,1,1,0,0,0,0,0,0,0,0,0.24,0.32626203,0.31185904
0,1,1,1,0,0,0,0,0,0,0,0,0.22,0.376632,0.3851984
0,1,1,0,0,0,0,0,0,0,0,0,0.23,0.2835734,0.25419226
1,1,1,0,0,0,0,0,0,0,0,0,0.32,0.4097032,0.37122646
0,1,1,1,0,0,0,0,1,1,0,0,0.15,0.38022324,0.38005033
0,1,1,1,0,0,0,0,1,0,1,0,0.33,0.31819066,0.25698486
0,1,1,1,0,0,0,0,0,0,0,0,0.16,0.313739,0.2952819
0,1,1,1,0,0,0,0,0,0,0,0,0.21,0.293356,0.26897246
0,1,1,1,0,1,0,0,0,0,0,0,0.39,0.27899128,0.28315628
0,1,1,1,0,0,0,0,0,0,0,0,0.11,0.31777906,0.3006105
0,1,1,1,0,0,0,0,0,0,0,0,0.38,0.28695047,0.26088545
0,1,1,1,0,0,0,0,0,0,0,0,0.38,0.3527624,0.34916472
0,0,0,1,0,0,0,0,0,0,0,0,0.16,0.33206218,0.31548044
0,1,1,1,0,0,0,0,0,0,0,0,0.39,0.4091347,0.43822306
0,1,1,1,0,0,0,0,0,0,0,0,0.01,0.29062974,0.2655117
0,1,1,1,0,0,0,0,0,0,0,0,0.44,0.316279,0.2986256
0,1,1,1,0,0,0,0,1,1,0,0,0.19,0.41266555,0.42883533
0,1,1,1,0,1,0,0,0,0,0,0,0.2,0.31996077,0.32978392
0,1,1,0,0,0,1,0,0,0,0,0,0.56,0.39396048,0.4214337
0,0,0,1,0,0,1,0,0,1,1,0,0.4,0.30894,0.3124742
0,1,1,1,0,0,0,0,0,0,0,0,0.41,0.28333637,0.25635883
0,1,1,1,0,0,0,0,0,0,0,0,0.32,0.37181613,0.37777042
0,0,0,0,0,0,0,0,0,0,0,0,0.33,0.30789,0.24943991
0,1,1,1,0,0,0,0,0,0,0,0,0.45,0.350766,0.34624618
0,1,1,1,0,0,0,0,0,0,0,0,0.62,0.38750824,0.4021851
0,0,1,0,0,0,0,0,1,1,0,0,0.24,0.36692557,0.39770192
1,1,1,1,0,0,0,0,0,0,0,0,0.25,0.3209941,0.3153014
0,1,1,0,0,0,0,0,0,1,0,0,0.46,0.42593995,0.4562888
0,1,1,1,0,0,0,0,1,0,0,0,0.29,0.32103524,0.31248266
0,0,0,1,0,0,1,0,0,1,0,0,0.34,0.38526314,0.38457805
0,1,1,1,0,0,0,0,0,0,0,0,0.37,0.41984707,0.45736304
0,1,1,1,0,0,0,0,0,0,0,0,0.21,0.3928609,0.41080278
0,1,1,1,1,0,0,0,0,0,0,0,0.15,0.26816157,0.24129482
0,0,1,1,0,0,0,0,0,0,0,0,0.25,0.29096612,0.25532633
0,1,1,1,0,0,1,0,0,0,0,0,0.24,0.28202313,0.25105852
0,0,1,1,1,0,0,0,1,1,0,0,0.32,0.39962763,0.33907762
0,1,1,1,0,0,0,0,1,0,0,0,0.57,0.47516268,0.5327875
0,1,1,1,0,0,0,0,0,0,0,0,0.17,0.310967,0.29165667
1,1,1,1,0,0,0,0,0,0,0,0,0.31,0.33679372,0.33685142
0,1,1,1,0,0,0,0,0,0,0,0,0.24,0.30145317,0.27931595
0,1,1,1,0,0,0,0,0,0,0,0,0.27,0.30945355,0.28968558
0,1,1,1,1,0,0,0,0,0,0,0,0.27,0.3921534,0.41586512
1,1,1,1,0,0,0,0,0,0,0,0,0.63,0.4703374,0.53785187
0,0,0,1,0,0,0,0,0,0,0,0,0.98,0.43329304,0.49497637
0,1,1,0,0,0,0,0,0,1,0,0,0.28,0.34534508,0.31853795
0,1,1,0,0,0,0,0,0,0,0,0,0.63,0.46880645,0.5585288
0,0,1,0,0,0,1,0,0,0,0,1,0.08,0.37052947,0.32909587
0,1,1,1,0,0,0,0,0,1,1,0,0.44,0.45573798,0.50275433
0,1,1,1,0,0,0,0,0,0,0,0,0.35,0.28127676,0.2537849
0,0,1,1,0,0,0,0,1,1,0,0,0.66,0.4886577,0.54711586
0,1,1,0,0,0,0,0,0,0,0,0,0.43,0.33753687,0.33131346
0,1,1,1,0,0,0,0,0,0,0,0,0.4,0.40785542,0.43596807
0,1,1,1,0,0,0,0,0,0,0,0,0.39,0.53346527,0.64233524
0,0,1,1,0,0,0,0,0,0,1,0,0.38,0.6328462,0.68125665
0,1,1,1,0,1,0,0,0,0,0,0,1.0,0.7540132,0.8133068
0,1,1,1,0,0,0,0,0,0,0,0,0.39,0.4026486,0.42692614
0,0,1,0,0,0,0,0,0,0,0,0,0.63,0.3480544,0.33290187
0,0,1,1,0,0,0,0,0,0,0,0,0.36,0.26094842,0.22265634
0,1,1,1,0,0,0,0,0,0,0,0,0.46,0.3237583,0.30853882
0,1,1,1,0,0,1,0,0,0,0,0,0.17,0.29768258,0.27015844
0,1,1,1,0,0,0,0,0,0,0,0,0.22,0.2990299,0.27621195
0,1,1,1,0,0,0,0,1,1,1,0,0.56,0.37666088,0.35593793
0,0,0,1,0,0,1,0,0,0,0,0,0.49,0.41719884,0.4970518
0,0,1,0,0,0,0,0,0,0,0,1,0.72,0.46165603,0.4340559
0,1,1,1,0,1,0,0,0,0,0,0,0.41,0.29876786,0.30507892
0,0,1,1,0,0,1,0,0,0,0,1,0.36,0.39828548,0.41417533
0,0,1,1,0,0,0,0,0,0,0,0,0.24,0.31233582,0.28242952
0,1,1,1,0,0,0,0,1,1,0,0,0.28,0.3201434,0.2995146
0,0,1,1,0,0,0,0,0,0,0,0,0.31,0.31808087,0.2902732
0,1,1,1,0,1,0,0,0,0,0,0,0.49,0.33361498,0.34639877
0,1,1,1,0,0,0,0,0,1,1,0,0.15,0.31848186,0.30843547
0,0,1,1,0,0,0,0,0,0,0,0,0.3,0.33873364,0.31978372
0,1,1,1,0,0,0,0,0,0,0,0,0.63,0.4803329,0.56767774
0,1,1,1,0,0,0,0,0,0,0,0,0.39,0.30942836,0.28965276
0,1,1,1,0,1,0,0,0,0,0,0,0.81,0.55370486,0.647258
0,0,0,0,0,0,0,0,1,1,0,0,0.25,0.30732867,0.2587059
0,1,1,1,0,0,0,0,0,0,0,0,0.43,0.31434003,0.29607114
0,1,1,1,0,0,0,0,1,0,0,0,0.33,0.30291978,0.28924787
0,1,1,0,0,0,0,1,0,0,1,0,0.29,0.32667372,0.28698468
0,1,1,1,0,0,0,0,1,1,0,0,1.0,0.73936427,0.81574523
0,1,1,1,0,0,0,0,0,0,0,0,0.26,0.3021082,0.2801584
0,1,1,1,0,1,0,0,0,0,0,0,0.41,0.33142528,0.34373927
0,1,1,1,0,0,0,0,0,0,0,0,0.18,0.30628267,0.2855604
0,1,1,1,0,0,0,0,0,0,0,0,0.48,0.30467948,0.28348023
0,0,1,1,0,0,0,0,0,0,0,1,0.06,0.37029898,0.33556724
0,1,1,1,0,0,0,0,0,0,0,0,0.49,0.36020294,0.36014184
0,1,1,1,0,0,0,0,0,0,0,0,0.21,0.25020307,0.21895938
0,1,1,1,0,0,0,1,0,0,1,0,0.48,0.3668306,0.3851667
0,1,1,1,0,0,0,0,0,0,0,0,0.29,0.38865283,0.4039927
0,1,1,1,0,0,0,0,0,0,0,0,0.42,0.48912376,0.5816908
0,0,0,0,0,0,1,0,0,0,0,0,1.0,0.44986343,0.55436915
0,1,1,0,0,0,1,1,0,1,1,0,0.13,0.33781537,0.36409348
0,1,1,1,0,1,1,0,0,0,0,0,0.33,0.35693052,0.39621967
0,0,1,1,0,0,0,0,1,0,0,0,0.33,0.33479485,0.3329004
0,0,0,0,0,0,1,0,0,0,0,0,0.57,0.40382177,0.44167703
0,1,1,1,0,0,0,0,0,0,0,0,0.19,0.320015,0.30357945
0,1,1,1,0,0,0,0,0,0,0,0,1.0,0.61272794,0.7217954
0,1,1,1,0,0,0,0,0,0,0,0,0.33,0.2694624,0.23944923
0,1,1,1,0,0,0,0,0,0,1,0,0.23,0.32023722,0.29672313
0,1,1,1,0,0,0,0,0,0,0,0,0.02,0.4021197,0.42601523
1,1,1,1,0,1,0,0,0,0,0,0,0.26,0.2836496,0.25701317
0,1,1,1,0,0,0,0,0,0,0,0,0.56,0.34762087,0.34167185
0,1,1,1,0,0,0,0,1,1,0,0,0.34,0.55142,0.63781434
0,1,1,1,0,0,0,0,0,0,0,0,0.21,0.32731646,0.3132631
0,1,1,1,0,0,0,0,1,1,0,0,0.28,0.3012089,0.2766687
0,1,1,0,0,1,0,0,0,0,0,0,0.11,0.3184728,0.30029917
0,0,1,1,0,0,0,0,0,0,0,0,0.3,0.2796442,0.24220583
0,0,1,1,0,0,0,0,0,0,0,0,0.56,0.7021887,0.76264423
0,0,1,1,0,0,0,0,0,1,0,1,0.31,0.3656307,0.37244433
0,1,1,1,0,0,0,0,0,0,0,0,0.42,0.34513023,0.3380702
0,0,0,0,0,0,0,0,0,0,0,0,0.42,0.32981986,0.2795718
0,1,1,0,0,0,0,0,0,0,0,0,0.26,0.2854539,0.2564395
0,0,0,1,0,0,0,0,0,1,0,0,0.43,0.36507356,0.34819686
0,1,1,1,0,0,0,0,0,0,0,0,0.13,0.39915958,0.42107916
0,1,1,1,0,0,0,0,1,1,0,0,0.15,0.3669793,0.36082432
0,1,1,1,0,0,0,0,1,1,0,0,0.18,0.52732074,0.6093257
0,0,1,1,0,0,0,0,0,0,0,1,0.08,0.26613945,0.20906325
0,1,1,1,0,0,0,0,1,0,0,0,0.42,0.32571197,0.31862924
0,0,0,1,0,0,0,0,1,1,0,0,0.12,0.4014519,0.41739616
0,1,1,1,0,1,0,0,0,0,0,0,0.33,0.3162973,0.32548198
0,1,1,1,0,0,0,0,0,0,0,0,0.33,0.31737894,0.30008036
0,0,1,1,0,1,0,0,0,0,0,0,0.15,0.31680298,0.33391553
0,1,1,1,0,0,1,0,0,0,0,0,0.26,0.3051319,0.27973396
0,1,1,1,0,0,0,0,0,0,0,0,0.72,0.41571346,0.44995022
0,0,1,1,0,0,0,0,0,0,0,1,0.34,0.35169268,0.30990767
0,0,1,1,0,0,0,0,0,0,0,1,0.24,0.35574314,0.31542093
0,1,1,1,0,0,0,0,0,0,0,0,0.34,0.30889514,0.28895774
0,0,0,1,0,0,0,0,0,0,0,0,0.28,0.44853562,0.5244333
0,0,0,1,0,0,0,0,0,1,0,1,0.4,0.33566064,0.25540382
0,1,1,1,0,0,0,0,1,1,0,0,0.38,0.5130865,0.591239
0,1,1,0,0,0,0,0,0,0,0,0,0.32,0.30698794,0.28505665
0,1,1,1,0,0,0,0,1,0,0,0,0.26,0.31451377,0.30402058
0,1,1,1,0,0,0,0,0,0,0,0,0.22,0.34728873,0.34119043
0,1,1,1,0,0,0,0,1,1,0,0,0.37,0.2859695,0.25992066
0,1,1,1,0,0,0,0,0,0,0,0,0.32,0.33805192,0.32793865
0,1,1,1,0,0,0,0,0,0,0,0,0.13,0.28142828,0.25397363
0,1,1,1,0,0,0,0,1,1,0,0,0.28,0.2818715,0.25560644
0,1,1,1,0,0,0,0,0,0,0,0,0.32,0.2730797,0.2437247
0,1,1,1,0,0,0,0,1,0,0,0,0.32,0.33294773,0.3282441
0,1,1,1,0,0,0,0,0,0,0,0,0.43,0.50595003,0.6062403
0,1,1,0,0,0,0,0,0,0,0,0,0.34,0.29198438,0.26450008
0,0,0,1,0,0,0,0,0,0,0,0,0.35,0.3143634,0.2909376
0,1,1,1,0,1,0,0,0,0,0,0,0.39,0.3975028,0.42853928
0,1,1,1,0,0,0,0,0,0,0,0,0.64,0.5106948,0.61293775
0,0,0,1,0,0,1,0,0,1,0,0,0.44,0.365547,0.35369933
0,0,1,1,0,0,0,0,1,0,0,1,0.3,0.36714834,0.34208727
0,1,1,1,0,0,0,0,0,0,0,0,0.24,0.29338723,0.26901212
0,1,1,1,0,1,0,0,0,0,0,0,0.18,0.35912943,0.37789282
0,0,1,1,0,0,0,0,0,0,0,1,0.11,0.28901967,0.23305197
0,1,1,1,0,0,0,0,1,0,0,0,0.22,0.48183346,0.54085326
0,1,1,1,0,0,0,0,0,0,0,0,1.0,0.6528539,0.7579298
0,1,1,1,0,0,0,0,0,0,0,0,0.48,0.42735943,0.4708921
0,1,1,1,0,0,1,0,0,0,0,0,0.37,0.30214295,0.27583677
0,1,1,1,0,1,0,0,0,0,0,0,0.52,0.31719476,0.32653326
0,0,1,1,0,0,0,0,0,0,0,1,0.24,0.27010515,0.21303937
0,1,1,1,0,0,0,0,0,0,0,0,0.36,0.30606613,0.28527895
0,0,0,0,0,0,1,0,0,0,0,0,0.4,0.38635495,0.40042335
0,1,1,1,0,0,0,0,0,0,0,0,1.0,0.62893313,0.7369128
0,1,1,1,0,0,0,1,0,0,0,0,0.43,0.31672773,0.27630135
0,1,1,1,0,0,0,0,0,0,0,0,0.32,0.30705142,0.28656036
0,0,0,0,0,0,1,0,0,0,0,0,0.54,0.3244821,0.28617838
0,1,1,1,0,1,0,0,0,0,0,0,0.89,0.4492499,0.50706685
0,1,1,1,0,0,1,0,0,0,0,0,0.32,0.31724828,0.29586524
0,1,1,1,0,0,0,0,1,1,0,0,0.35,0.33452472,0.31746775
0,1,1,0,0,0,0,1,1,0,0,0,0.7,0.52482915,0.69221437
0,1,1,1,0,0,0,0,1,1,0,0,0.85,0.5134932,0.59178716
0,0,1,1,0,0,0,0,0,0,0,1,0.13,0.2571059,0.20005925
0,1,1,1,0,0,0,0,0,0,0,0,0.06,0.33438003,0.32284066
0,1,1,1,0,1,0,0,0,0,0,0,0.5,0.41255054,0.45040542
0,1,1,1,0,0,0,0,1,1,0,0,0.12,0.5840689,0.6790551
0,1,1,1,0,0,0,0,0,0,0,0,0.25,0.29822204,0.27518195
0,0,1,1,0,0,0,0,1,1,0,1,0.26,0.41453195,0.4305337
0,1,1,0,0,0,1,1,0,0,0,0,0.27,0.3335352,0.33604464
0,1,1,1,0,0,0,0,0,0,0,0,0.35,0.30674464,0.28616133
0,0,1,1,0,0,1,0,0,0,1,1,0.45,0.40876633,0.3918925
0,1,1,1,0,0,0,0,1,1,0,0,0.48,0.33589166,0.31920263
0,0,1,1,0,0,0,0,0,0,0,0,0.49,0.41032463,0.4245614
0,1,1,1,0,0,0,0,0,0,0,0,0.76,0.5415833,0.6524015
0,1,1,1,0,1,0,0,0,0,1,0,0.44,0.41285285,0.46685877
0,1,1,1,0,0,0,0,0,0,0,0,0.81,0.43335852,0.48190433
0,1,1,1,0,0,0,0,0,0,0,0,0.27,0.26805001,0.23780923
0,1,1,1,0,0,0,0,0,0,0,0,0.45,0.3866778,0.40087533
0,1,1,1,0,0,1,0,0,0,0,0,0.55,0.40045586,0.41868776
0,1,1,1,0,0,0,0,0,0,0,0,0.13,0.27921948,0.25123173
0,1,1,1,0,0,0,0,1,1,0,0,0.32,0.36776283,0.36194387
0,1,1,1,0,0,1,0,0,0,0,0,0.77,0.35401458,0.3471723
0,1,1,1,0,0,0,0,0,0,0,0,0.52,0.42400068,0.46483248
0,1,1,1,0,0,0,0,0,0,0,0,0.64,0.47764215,0.56308234
0,0,1,1,0,0,0,0,0,0,0,1,0.3,0.33332187,0.28574187
0,1,1,0,0,0,0,1,1,1,0,0,0.23,0.31194967,0.2830556
1,1,1,1,0,0,0,0,0,0,0,0,0.58,0.3615363,0.37299886
0,1,1,0,0,0,0,0,0,0,0,0,0.24,0.35570168,0.36087924
0,1,1,1,0,0,0,0,0,0,0,0,0.24,0.33778515,0.32756686
0,0,1,1,0,0,1,0,0,0,0,0,0.56,0.34466624,0.35237363
0,1,1,1,0,0,0,0,0,0,0,0,0.18,0.31097916,0.29167253
0,1,1,1,0,0,0,0,1,1,0,0,0.82,0.44984475,0.4895472
0,1,0,0,0,0,0,0,0,0,0,0,0.28,0.32095915,0.28474027
0,1,1,1,0,0,1,0,0,0,0,0,0.38,0.31687132,0.29535538
0,1,1,1,0,0,0,0,1,1,0,0,0.34,0.29729652,0.27220184
0,1,1,0,0,0,1,1,0,1,1,0,0.29,0.37496045,0.42733613
0,1,1,1,0,0,0,0,0,0,0,0,0.41,0.3468788,0.34059677
0,1,1,1,0,0,0,0,1,1,0,0,0.64,0.4485398,0.4873047
1,1,1,1,0,0,0,0,0,0,0,0,0.3,0.28684217,0.2718573
0,0,0,0,0,0,1,0,1,1,0,1,0.38,0.33118904,0.23173109
0,1,1,1,0,0,0,0,0,0,0,0,0.47,0.35245502,0.34871465
0,1,1,1,0,0,0,0,0,0,0,0,0.58,0.41448897,0.44775948
0,1,1,1,0,0,1,0,0,0,0,0,0.49,0.3749401,0.37850738
0,0,0,1,0,0,0,0,0,0,0,0,0.52,0.4268039,0.48223704
0,1,1,1,0,0,0,0,0,0,0,0,0.23,0.44286984,0.49949813
0,1,1,1,0,0,0,0,0,0,0,0,0.35,0.36049333,0.36057338
0,1,1,1,0,0,0,0,0,0,0,0,0.26,0.27539104,0.24652655
0,1,1,1,0,0,0,0,0,0,0,0,0.31,0.30751026,0.2871573
0,1,1,1,1,1,0,0,0,0,0,0,0.37,0.3629697,0.3215626
0,1,1,1,0,0,0,0,0,1,1,0,0.2,0.2916091,0.2772913
0,1,1,1,0,0,0,1,0,0,0,0,0.03,0.32853836,0.29079586
0,1,1,1,0,0,0,0,0,0,0,0,0.47,0.39269578,0.41053444
0,1,1,1,0,0,0,0,0,0,0,0,0.29,0.47343788,0.5557493
0,1,1,1,0,0,0,0,0,0,0,0,0.3,0.39152694,0.40863696
0,1,1,0,0,0,1,1,0,1,1,0,0.83,0.53889346,0.719067
0,1,1,1,0,0,0,0,0,0,0,0,0.64,0.46900257,0.54790515
0,1,1,1,0,0,0,0,1,0,0,0,0.52,0.37343797,0.38371122
0,1,1,1,0,0,0,0,1,1,0,0,0.3,0.24692376,0.22060072
0,0,0,1,0,0,0,0,0,0,0,0,0.26,0.2789751,0.24855228
0,1,1,1,0,0,0,0,0,0,0,0,0.29,0.31567985,0.29783487
0,1,1,1,0,0,0,0,0,0,0,0,0.31,0.44735497,0.5080095
0,1,0,0,0,1,0,1,0,0,1,0,0.33,0.28971213,0.26862139
0,1,1,1,0,0,1,0,1,0,0,0,0.25,0.2745302,0.22085163
0,1,1,1,0,1,0,0,0,0,0,0,0.55,0.34790358,0.36397305
0,1,1,1,0,0,0,0,0,0,0,0,0.5,0.31736213,0.30005807
0,1,1,1,0,0,0,0,0,0,0,0,0.33,0.3222248,0.30651337
0,1,1,1,0,0,0,0,0,0,0,0,0.21,0.35407788,0.3510941
0,0,1,1,0,0,0,0,0,0,0,0,0.56,0.38700637,0.38988987
0,1,1,1,0,0,0,0,1,1,0,0,0.36,0.32591608,0.30665824
0,1,1,0,0,0,0,0,0,0,0,0,0.24,0.3067603,0.2847362
0,0,1,1,0,0,0,0,0,0,0,1,0.32,0.3917834,0.3665957
0,0,1,1,0,0,0,1,1,1,1,0,0.71,0.46993628,0.5601855
0,1,1,1,0,0,0,0,0,0,0,0,0.6,0.3793634,0.38943547
0,1,1,1,0,1,0,0,0,0,0,0,0.41,0.35888204,0.3775843
0,1,1,0,0,0,1,0,0,0,0,0,0.57,0.38509274,0.40494418
0,1,1,1,0,0,0,0,0,0,0,0,0.27,0.32232642,0.30664736
0,1,1,1,0,0,0,0,0,0,0,0,0.26,0.30670217,0.28610608
0,1,1,1,0,0,0,0,0,0,0,0,0.74,0.45169988,0.516257
0,1,1,1,0,0,0,0,0,0,0,0,0.68,0.5286507,0.6363649
0,1,1,1,0,0,0,0,0,0,0,0,0.3,0.38305718,0.39519215
0,1,1,1,0,0,0,0,1,0,0,0,0.44,0.43060732,0.46903116
0,1,1,1,0,0,1,0,0,0,0,0,1.0,0.40089577,0.41940603
0,1,1,1,0,0,0,0,0,0,0,0,0.31,0.32869363,0.31510213
0,1,1,1,0,0,0,0,0,1,0,0,0.41,0.3716235,0.37918165
0,1,1,1,0,0,0,0,0,0,0,0,0.53,0.38728014,0.4018252
0,0,0,1,0,0,0,0,0,0,0,0,0.28,0.32327554,0.30308026
0,1,1,1,0,0,1,0,0,0,0,0,0.44,0.46135315,0.52620494
0,1,1,1,0,0,0,0,1,1,0,0,0.31,0.31652123,0.2950764
0,0,1,1,0,0,0,0,0,0,0,1,0.26,0.27200246,0.21495707
0,1,1,1,0,0,0,0,0,0,0,0,0.24,0.34032077,0.33116883
0,0,0,1,0,0,0,0,0,0,0,0,0.26,0.3998992,0.42948335
0,1,1,0,0,0,1,1,0,0,0,0,0.42,0.38672128,0.43358183
0,1,1,1,0,0,0,0,0,0,0,0,0.27,0.30634516,0.28564164
0,1,1,1,0,0,0,0,0,0,0,0,0.29,0.45478764,0.5220565
0,1,1,1,0,0,0,0,0,0,0,0,0.3,0.4161697,0.45076698
0,0,1,1,0,0,1,0,0,0,0,1,0.19,0.35927123,0.3531123
0,0,1,1,0,0,0,0,0,0,0,1,0.23,0.39250243,0.3676679
0,1,1,1,0,0,0,1,1,1,1,0,0.45,0.42679405,0.4189728
0,0,1,1,0,0,0,0,0,0,0,1,0.29,0.386015,0.35805425
0,1,1,1,0,0,0,0,0,0,0,0,0.41,0.32841283,0.31472668
0,1,1,0,0,0,0,0,0,0,0,0,0.3,0.33641243,0.32951236
0,1,1,1,0,0,0,0,0,0,0,0,0.35,0.36300883,0.3643354
0,1,1,0,0,0,0,0,0,0,0,0,0.25,0.33517623,0.3275359
0,0,1,1,0,0,1,0,0,1,0,1,1.0,0.49652022,0.66241914
0,1,1,1,0,0,0,0,0,1,0,0,0.25,0.46922436,0.52596104
0,1,1,0,0,0,0,0,0,0,1,0,0.21,0.26123318,0.20159487
0,1,1,1,0,0,0,0,0,0,0,0,0.51,0.4149871,0.44865042
0,1,1,1,0,0,0,0,1,1,0,0,0.03,0.3575403,0.3475565
0,1,1,1,0,0,0,0,0,0,0,0,0.43,0.431913,0.47924942
0,0,1,1,0,0,0,0,0,0,0,1,0.21,0.30427948,0.25036412
0,1,1,1,0,0,0,0,0,0,0,0,0.41,0.36502212,0.367389
0,1,1,1,0,0,0,0,0,0,0,0,0.19,0.37536278,0.3832354
0,1,1,1,0,1,0,0,0,0,0,0,0.53,0.56784534,0.6616024
0,1,1,0,0,0,1,0,0,0,0,0,0.35,0.2767617,0.24398756
0,1,1,1,0,0,0,0,0,0,0,0,0.18,0.35035524,0.34564713
0,1,1,1,0,0,0,0,0,0,0,0,0.53,0.30467123,0.28346947
0,0,1,1,0,0,0,0,1,0,0,1,0.28,0.3286291,0.29363197
0,0,1,1,0,0,0,0,0,0,0,1,0.63,0.49482554,0.55387926
0,1,1,1,0,0,0,0,1,1,0,0,0.19,0.2666254,0.23999634
0,1,1,0,0,0,0,0,0,0,0,0,0.3,0.3468741,0.34642556
0,1,1,1,0,0,0,0,0,0,0,0,0.34,0.3554719,0.3531441
0,0,1,1,0,0,0,0,0,0,0,0,0.49,0.3588776,0.3492174
0,1,1,1,0,0,0,0,0,0,1,0,0.53,0.44103009,0.4974224
0,1,1,1,0,0,0,0,0,0,0,0,0.09,0.30326757,0.28165317
0,0,1,1,0,0,0,0,0,0,0,0,0.32,0.36795053,0.36241725
0,1,1,1,0,0,0,0,0,0,0,0,0.35,0.50113523,0.59946555
0,1,1,0,0,0,0,0,0,0,0,0,0.26,0.3286845,0.31727117
0,1,1,1,1,0,0,0,0,0,0,0,0.31,0.38367432,0.40167102
0,1,1,1,0,0,0,0,0,0,0,0,0.63,0.44557008,0.5046195
0,1,1,1,0,0,0,0,0,0,1,0,0.41,0.36296305,0.35951123
0,0,1,1,0,0,0,0,0,0,0,0,0.18,0.280079,0.24267884
0,1,1,1,0,0,0,0,1,1,0,0,1.0,0.7469743,0.820296
0,0,1,0,0,0,1,0,0,0,0,0,0.65,0.5159363,0.62351215
0,1,1,1,0,0,0,0,0,0,0,0,0.28,0.32606915,0.31160256
0,0,0,0,0,0,1,0,0,0,0,1,0.9,0.5183436,0.63295805
0,0,1,0,1,0,0,0,1,1,0,0,0.74,0.5316049,0.6352237
0,1,1,1,0,0,0,0,0,0,0,0,0.31,0.4661072,0.5427271
0,0,1,1,0,0,0,0,0,0,0,1,0.28,0.34460926,0.30035225
0,0,0,0,0,0,0,0,0,0,0,0,0.41,0.32603103,0.27419218
0,1,1,1,0,0,0,0,0,0,0,0,1.0,0.7443769,0.82086277
0,1,1,1,0,0,0,0,0,0,0,0,0.2,0.31339332,0.2948286
0,1,1,1,0,1,0,0,0,0,0,0,0.67,0.31737125,0.3267402
0,1,1,1,0,1,1,1,0,0,1,0,0.34,0.30645683,0.3547794
0,1,1,1,0,0,1,0,0,0,0,0,0.49,0.4374024,0.4826162
0,1,1,1,0,0,0,0,0,0,0,0,0.77,0.48664007,0.5778612
0,1,1,1,0,0,0,0,0,0,0,0,0.35,0.33871022,0.3288738
0,1,1,1,0,0,0,0,0,0,0,0,0.32,0.34002835,0.3307515
0,1,1,1,0,0,0,0,0,0,0,0,0.55,0.441216,0.4964119
0,1,1,1,0,0,0,0,0,0,0,0,0.32,0.41536283,0.4493227
0,1,1,0,0,0,1,0,0,1,0,0,0.3,0.37162268,0.4075819
0,1,1,1,0,0,0,0,0,1,0,0,0.63,0.41120178,0.43950382
0,1,1,1,0,0,0,0,0,0,0,0,0.22,0.2976767,0.27448803
0,1,1,1,0,0,0,0,0,0,0,0,0.6,0.37931222,0.38935596
0,1,1,1,0,0,0,0,1,1,0,0,0.19,0.30074865,0.2761371
0,1,1,0,0,0,0,0,0,0,0,0,0.24,0.2908041,0.2629911
0,1,1,1,0,0,0,0,0,0,0,0,0.43,0.27480486,0.24581173
0,1,1,1,0,0,0,0,0,0,0,0,0.31,0.4185307,0.45499954
0,0,0,1,0,0,1,1,0,0,1,0,1.0,0.62057287,0.8248849
0,0,1,0,0,0,1,0,0,0,0,0,0.29,0.30251655,0.27558956
0,1,1,1,0,0,0,0,1,1,0,0,0.3,0.35422233,0.34298986
0,0,0,1,0,0,0,0,0,0,0,0,0.42,0.32501492,0.3054902
0,0,1,1,0,0,0,0,1,1,0,0,0.28,0.28154355,0.24592483
0,1,1,1,0,0,0,0,0,0,0,0,0.43,0.316238,0.29857144
0,1,1,0,0,0,0,1,0,0,0,0,0.48,0.31839567,0.31252423
1,1,1,1,0,1,0,0,0,0,0,0,0.22,0.31221148,0.29007617
0,1,1,1,0,0,0,0,0,0,0,0,0.23,0.35220957,0.3483554
0,1,1,1,0,1,0,0,1,0,0,0,0.63,0.45683265,0.5016223
0,1,1,1,0,0,0,0,0,1,0,0,0.25,0.3798831,0.39171037
0,1,1,1,0,0,0,0,0,0,0,0,0.38,0.31398273,0.29560184
0,0,1,1,0,0,0,0,0,0,0,0,0.39,0.34884176,0.33457375
0,1,1,1,0,0,0,0,0,0,0,0,0.29,0.3487314,0.34328365
0,1,1,1,0,0,0,0,0,0,0,0,0.32,0.6213354,0.72987896
0,0,0,1,0,0,0,0,0,0,0,0,0.48,0.48431787,0.58868414
0,1,1,1,0,0,0,0,0,0,0,0,0.25,0.33270746,0.32054892
0,1,1,1,0,0,0,0,1,0,0,0,0.17,0.29295722,0.27696753
0,0,0,1,0,0,0,0,0,0,0,1,0.13,0.32664075,0.24667855
1,1,1,1,0,0,0,0,0,0,0,0,0.39,0.40937096,0.44705814
0,1,1,1,0,0,0,0,1,1,0,0,0.26,0.31563383,0.29399163
0,0,0,1,0,0,0,0,0,0,0,0,0.33,0.31054878,0.28593534
0,0,0,1,0,0,0,0,0,0,0,0,0.44,0.5105418,0.62287694
0,0,1,1,0,0,0,0,0,0,0,1,0.18,0.30942303,0.25640404
0,1,1,1,0,0,1,0,0,0,0,0,0.95,0.5986619,0.737941
0,1,1,1,0,0,0,0,0,0,0,0,0.27,0.2903902,0.26520884
0,1,1,1,0,0,0,0,0,0,0,0,0.34,0.44544774,0.50438714
0,0,1,1,0,0,0,0,0,0,0,0,0.95,0.6745182,0.74311155
0,0,1,0,0,0,1,0,0,0,0,0,0.34,0.37713796,0.38855734
0,1,1,0,1,0,0,1,0,0,1,0,0.46,0.43295398,0.5040973
0,1,1,1,0,0,0,0,0,0,0,0,0.39,0.4313743,0.47826043
0,0,1,0,0,0,0,0,0,1,0,0,0.19,0.32805586,0.28665626
0,1,1,1,0,0,0,0,0,0,0,0,0.25,0.30688587,0.28634498
0,1,1,1,0,1,0,0,0,0,0,0,0.28,0.3098605,0.31798193
0,1,1,1,0,1,0,0,0,0,0,0,0.2,0.48844498,0.56765425
0,0,1,1,0,0,0,0,1,0,0,0,0.56,0.38530093,0.40060773
0,1,1,1,0,0,0,0,0,0,0,0,0.31,0.32690245,0.31271142
0,1,1,1,0,0,0,0,0,0,0,0,0.4,0.30580738,0.28494284
0,0,1,1,0,0,0,0,0,0,0,0,0.31,0.328757,0.30538124
0,1,1,1,0,0,0,0,0,0,0,0,0.32,0.3962109,0.41625935
0,1,1,1,0,0,0,0,0,0,0,0,0.5,0.4367628,0.488158
0,1,1,1,0,0,0,0,1,1,0,0,0.23,0.35605025,0.34549958
0,1,1,1,0,0,0,0,0,0,0,0,0.26,0.41270986,0.44458002
0,0,1,1,0,0,0,0,0,1,0,1,1.0,0.5102461,0.6478669
0,1,1,1,0,0,0,0,1,1,0,0,0.34,0.34511477,0.33103886
0,0,1,1,0,0,0,0,0,0,0,0,0.48,0.49536553,0.55713916
0,1,1,0,0,0,0,0,0,0,0,0,0.27,0.31500307,0.29659456
0,1,1,0,0,0,0,1,0,0,0,0,0.15,0.32901987,0.32831013
0,1,1,1,0,0,0,0,0,0,0,0,0.29,0.48118544,0.5691167
0,1,1,0,0,0,1,0,0,1,0,0,0.47,0.41834158,0.4879984
0,1,1,0,0,0,1,1,0,1,1,0,0.56,0.41354555,0.4970418
0,1,1,1,0,0,0,0,1,1,0,0,0.08,0.33901522,0.32318586
0,1,1,1,0,1,0,0,0,0,0,0,0.7,0.3529167,0.37017474
0,1,1,1,0,0,0,0,0,0,0,0,0.11,0.40210518,0.42599025
0,0,1,1,0,0,0,0,0,0,0,1,0.4,0.46071053,0.48693362
0,1,1,1,0,0,0,0,0,1,0,0,0.39,0.32450956,0.31262735
0,1,1,1,0,0,0,0,0,1,0,0,0.76,0.65056914,0.7541411
0,1,1,1,0,0,0,0,1,1,0,0,0.46,0.3939657,0.40048537
0,1,1,1,0,0,0,0,0,0,0,0,0.29,0.30496866,0.2838551
0,1,1,1,0,0,0,0,0,0,0,0,0.44,0.33470002,0.32328296
0,1,0,1,0,0,0,0,0,0,0,0,0.04,0.3075361,0.26510406
0,1,1,1,0,0,0,0,0,0,0,0,0.12,0.32102174,0.3049206
0,1,1,1,0,0,0,0,1,1,0,0,0.28,0.38533226,0.38756856
0,1,1,1,0,0,0,0,1,0,0,0,0.4,0.38723055,0.40353855
0,1,1,1,0,0,0,0,0,0,0,0,0.42,0.532545,0.64118326
0,1,1,1,0,0,0,0,0,0,0,0,0.47,0.47591943,0.5601044
0,0,0,0,0,0,1,0,0,1,0,0,0.37,0.35907975,0.3073724
0,1,1,1,0,0,0,0,1,1,0,0,0.36,0.3627292,0.35479268
0,1,1,1,0,0,0,0,0,0,0,0,0.31,0.39555964,0.41519684
0,1,1,1,0,0,0,0,0,0,0,0,0.39,0.2992474,0.2764897
0,0,0,1,0,0,0,0,0,0,0,0,0.32,0.39803523,0.42593145
0,1,1,1,1,0,0,0,0,0,0,0,0.44,0.30847746,0.29072243
0,1,1,0,0,1,0,0,0,0,0,0,0.64,0.37420264,0.3904044
0,0,0,0,0,0,1,0,0,0,0,0,0.18,0.39333525,0.41651344
0,1,1,1,0,0,0,0,0,0,0,0,0.46,0.37118754,0.37680507
1,1,1,1,0,0,0,0,0,0,0,0,0.29,0.31324226,0.3051019
0,0,0,1,0,0,0,0,0,0,0,0,0.33,0.3453992,0.33575207
0,1,1,1,0,0,0,0,0,0,0,0,0.39,0.3396898,0.33026874
0,1,1,0,0,0,0,1,1,0,1,0,0.22,0.26982322,0.20173347
0,1,1,1,0,0,0,0,0,0,0,0,0.34,0.28689203,0.2608124
0,1,1,1,0,0,0,0,0,0,0,0,0.46,0.43632618,0.487356
0,0,0,1,0,0,0,0,0,0,0,0,1.0,0.4572908,0.5410423
0,1,1,1,0,0,0,0,0,0,0,0,0.28,0.292591,0.2679987
0,1,1,1,0,0,0,0,1,1,0,0,0.11,0.33026868,0.31210583
0,0,1,1,0,0,0,0,0,0,0,0,0.44,0.4806829,0.5339751
0,0,0,0,0,0,0,0,0,0,0,0,0.3,0.3681726,0.34039527
0,1,1,1,0,0,0,0,0,1,0,0,0.23,0.3155782,0.3011486
0,1,1,1,0,1,0,0,0,0,0,0,0.27,0.28529567,0.29009673
0,0,1,1,0,0,0,0,1,0,0,0,0.56,0.43820676,0.47342467
0,1,1,1,0,0,0,0,0,0,0,0,0.4,0.3889732,0.40450388
0,1,1,1,0,0,0,0,1,1,0,0,0.02,0.44300276,0.47774363
0,0,1,1,0,0,0,0,0,0,0,1,0.4,0.40177092,0.38164055
0,0,1,1,0,0,0,0,0,0,0,1,0.34,0.35425258,0.3133858
0,1,1,1,0,0,0,0,0,0,0,0,0.31,0.32290477,0.30741054
0,0,0,0,0,0,1,0,0,1,0,0,0.18,0.35726562,0.30435205
0,1,1,0,0,0,1,1,0,0,1,0,0.35,0.40787855,0.38794976
0,1,1,1,0,0,0,0,0,0,0,0,0.26,0.28703192,0.2609873
0,0,1,0,0,0,1,0,0,0,0,1,0.44,0.37022042,0.32859254
0,1,1,1,0,0,1,0,0,0,0,0,0.19,0.30559742,0.28034398
0,0,0,1,0,0,0,0,0,0,0,0,0.25,0.3195871,0.2980116
0,1,1,1,0,0,0,0,1,1,0,0,0.26,0.28609604,0.2600548
0,0,1,1,0,0,0,0,0,0,0,0,0.85,0.74424875,0.7905472
0,1,1,1,0,0,0,0,0,1,0,0,0.67,0.387797,0.4037961
0,1,1,1,0,0,0,0,0,0,0,0,0.27,0.29664093,0.27316722
0,1,1,1,0,0,0,0,0,0,0,0,0.83,0.42474502,0.46617284
0,1,1,1,0,0,0,0,0,0,0,0,0.21,0.43544453,0.4857368
0,1,1,1,0,0,0,0,0,0,0,0,0.31,0.44270054,0.49918222
0,1,1,1,0,0,0,0,0,0,0,0,1.0,0.48846942,0.5806874
0,1,1,1,0,0,1,0,0,0,0,0,0.69,0.39685854,0.41292906
0,1,1,1,0,1,0,0,0,0,0,0,0.4,0.35260034,0.36978346
0,0,0,1,0,0,0,0,0,0,0,0,0.25,0.27615872,0.24546978
0,1,1,1,0,0,1,0,1,0,0,0,0.29,0.47266287,0.4901839
0,1,1,0,0,0,0,0,0,0,0,0,0.54,0.3606947,0.36914873
0,1,1,1,0,0,0,0,0,0,0,0,0.64,0.42822146,0.4724738
0,1,1,1,0,0,0,0,1,1,0,0,0.43,0.33608302,0.3194459
0,1,1,1,0,0,0,0,0,0,0,0,0.31,0.27240378,0.24291039
0,1,1,1,0,0,0,0,1,1,0,0,0.23,0.34892923,0.33600533
0,1,1,1,0,0,1,0,0,1,1,0,0.61,0.44255573,0.5482351
0,1,1,1,0,0,0,0,1,1,0,0,0.2,0.26776412,0.24114034
0,0,1,1,0,0,0,0,1,1,0,1,0.43,0.35519603,0.34300575
0,0,0,1,0,1,0,1,0,0,1,0,0.3,0.33158523,0.3637671
0,1,1,1,0,0,0,0,0,1,0,0,0.45,0.44785905,0.49393255
0,0,0,1,0,0,0,0,0,0,0,1,0.2,0.31560388,0.23280433
0,1,1,1,0,0,0,0,0,0,0,0,0.38,0.3131371,0.2944928
0,1,1,1,0,0,0,0,0,1,0,0,0.14,0.32793725,0.31710216
0,1,1,1,0,0,0,1,1,1,1,0,0.28,0.4262188,0.4182067
0,1,1,1,0,0,0,0,0,0,0,0,0.5,0.30713993,0.2866755
0,1,1,1,0,0,0,0,0,0,0,0,0.25,0.28812027,0.26235062
0,1,1,1,0,0,0,0,1,1,0,0,0.22,0.26823598,0.24161549
0,1,1,1,0,0,0,1,0,0,1,0,0.89,0.71268576,0.77835876
0,0,1,1,0,0,0,0,0,0,0,1,0.48,0.30813637,0.2548841
0,1,1,1,0,0,0,0,0,0,0,0,0.35,0.30622634,0.28548715
1,1,1,1,0,0,0,0,0,0,0,0,0.36,0.4549281,0.5171622
0,1,1,1,0,0,1,0,0,0,0,0,0.39,0.40431595,0.42500615
0,1,1,1,0,0,0,0,1,1,0,0,0.18,0.34104574,0.3257894
1,1,1,1,0,0,0,0,0,0,0,0,0.5,0.2943787,0.28106466
0,1,1,1,0,0,0,0,0,0,0,0,0.47,0.31460038,0.2964134
0,1,1,0,0,0,1,0,0,0,0,0,0.37,0.36367828,0.36685658
0,1,1,0,0,0,0,0,1,0,0,0,0.8,0.3607852,0.35915765
0,0,1,0,0,0,0,0,1,0,0,0,0.16,0.30562407,0.2920912
0,1,1,1,0,0,0,0,0,0,0,0,0.39,0.3623493,0.36333746
0,1,1,1,0,0,1,1,0,0,1,0,0.05,0.49023134,0.55165356
0,1,1,1,0,1,0,0,0,0,0,0,0.22,0.28732854,0.29235178
0,1,1,1,0,0,0,0,1,0,0,0,0.79,0.40609318,0.43121648
0,1,1,1,0,0,0,0,0,0,0,0,0.32,0.2591918,0.22805433
0,1,1,1,0,0,0,0,0,0,0,0,0.31,0.4646507,0.5401125
0,1,1,0,0,0,0,0,0,0,0,0,0.76,0.6920048,0.8160812
0,1,1,1,0,0,0,0,0,0,0,0,0.41,0.34789065,0.34206304
0,1,1,1,0,0,1,0,0,0,0,0,0.05,0.40129453,0.42005736
0,1,1,1,0,0,0,0,0,0,0,0,0.41,0.33720922,0.3267649
0,1,1,1,0,0,0,0,0,0,0,0,0.46,0.3724672,0.37877136
0,1,1,1,0,0,0,0,0,0,0,0,0.49,0.3288278,0.3152816
0,0,0,0,0,0,0,0,1,0,0,0,0.37,0.32457814,0.3012316
0,1,1,1,0,0,0,0,0,0,0,0,0.38,0.26620156,0.23568396
0,1,1,1,0,1,0,0,0,0,0,0,0.44,0.46895558,0.5381734
0,1,1,1,0,0,0,0,0,1,0,0,0.16,0.3013286,0.28324372
0,1,1,0,0,0,1,1,0,0,1,0,0.37,0.40360174,0.3799397
0,1,1,1,0,0,0,0,1,1,0,0,0.59,0.43145806,0.45809087
0,1,1,0,0,0,0,0,0,0,0,0,0.59,0.53623515,0.67676586
0,1,1,1,0,0,0,0,0,0,0,0,0.37,0.3622009,0.36311537
1,1,1,1,0,1,1,0,0,0,0,0,0.43,0.41567308,0.4104578
0,1,1,1,0,0,0,0,0,0,0,0,0.33,0.4377924,0.4900468
0,1,1,1,0,0,0,0,0,0,0,0,0.44,0.36934844,0.37398624
0,1,1,0,0,0,1,1,0,0,1,0,0.46,0.4258296,0.42272848
0,1,1,1,0,0,0,0,1,1,0,0,0.27,0.2890249,0.2631916
0,0,0,0,0,0,0,0,0,0,0,1,0.06,0.28684503,0.19262595
0,1,1,1,0,0,1,0,0,0,0,0,0.18,0.2908542,0.2616629
0,1,1,1,0,0,0,0,0,0,0,0,0.41,0.49061552,0.5839747
0,0,0,0,0,0,0,1,0,0,1,1,0.3,0.28562987,0.20671792
0,1,1,1,0,0,0,0,1,1,0,0,0.33,0.35553938,0.34479576
0,1,1,1,0,1,0,0,0,0,0,0,0.46,0.32180375,0.33199567
0,1,1,1,0,0,0,0,0,0,0,0,0.89,0.5456716,0.65728605
0,1,1,1,0,0,0,0,1,1,0,0,0.25,0.3238315,0.3040689
0,0,0,0,0,0,1,0,0,0,0,0,0.66,0.37966335,0.38615364
0,1,1,1,0,0,0,0,0,0,0,0,0.23,0.3344926,0.322996
0,1,1,1,0,0,0,0,0,0,0,0,0.5,0.34257144,0.3343896
0,1,1,1,0,0,0,0,0,0,0,0,0.29,0.30057484,0.27818838
0,1,1,1,0,0,0,0,0,0,0,0,0.38,0.4017914,0.425464
0,0,1,0,0,0,0,0,0,1,1,0,0.29,0.3057627,0.25570947
0,1,1,1,0,0,0,0,1,1,0,0,0.36,0.33470267,0.3176933
0,1,1,1,0,1,0,0,0,0,0,0,0.55,0.3758043,0.39893425
0,0,0,0,0,0,1,0,0,0,0,0,0.71,0.5114968,0.68453187
0,1,1,1,0,0,0,0,0,0,0,0,0.36,0.33065355,0.31774586
1,1,1,1,0,0,0,0,0,0,0,0,0.26,0.31974697,0.31365007
0,0,1,0,0,0,0,0,0,0,0,1,0.23,0.3187583,0.23708463
0,1,1,1,0,0,0,0,0,0,0,0,0.37,0.33520555,0.3239829
0,1,1,1,0,0,0,0,0,0,0,0,0.25,0.37529033,0.38312346
0,0,0,0,0,0,1,0,0,1,0,0,0.29,0.34748948,0.28849846
0,0,0,1,0,0,0,0,0,0,0,0,0.63,0.5706261,0.6837386
0,1,1,1,0,0,0,0,0,0,0,0,0.42,0.29170352,0.2668716
0,1,1,1,0,0,0,0,0,0,0,0,0.3,0.28167623,0.25428262
0,1,1,1,0,1,0,0,1,1,0,0,0.69,0.5165447,0.57189715
0,1,1,1,0,0,0,0,1,1,0,0,0.18,0.32431442,0.30466765
0,1,1,1,0,0,0,0,0,0,0,0,0.27,0.31378934,0.295348
0,1,1,1,0,0,0,0,0,0,0,0,0.54,0.28102076,0.25346625
0,1,1,1,0,0,0,0,0,0,0,0,0.22,0.31204015,0.29305783
0,1,1,1,0,0,0,0,1,1,0,0,0.18,0.4374957,0.46828064
0,1,1,1,0,0,0,0,0,0,0,0,0.23,0.28937936,0.2639336
0,1,1,1,0,0,0,0,0,0,0,0,0.67,0.43406382,0.48320007
0,1,1,1,0,0,0,0,0,0,0,0,0.28,0.35673684,0.35500905
0,1,1,1,0,0,0,0,0,0,0,0,0.4,0.30396342,0.28255272
0,0,1,1,0,0,0,0,1,1,0,0,0.52,0.4934539,0.5558578
0,0,1,1,0,0,0,0,0,0,0,0,0.49,0.29018575,0.2543938
1,1,1,1,0,0,0,0,0,0,0,0,0.21,0.30673423,0.29664677
0,1,1,0,0,0,0,1,0,0,1,0,0.12,0.29487887,0.24395947
0,1,1,0,0,0,0,0,0,0,0,0,0.26,0.35154933,0.35405764
0,1,1,1,0,1,0,0,0,0,0,0,0.26,0.33280247,0.34541184
0,0,1,1,0,0,0,0,0,0,1,1,0.2,0.40337753,0.3458797
0,1,1,1,0,0,0,0,0,0,0,0,0.63,0.49177352,0.5857346
0,0,1,0,0,0,0,0,0,0,0,0,0.3,0.28537506,0.250132
0,0,0,1,0,0,1,0,0,0,0,0,0.34,0.35818604,0.3815733
0,0,1,0,0,0,0,0,0,0,0,0,0.46,0.5192481,0.57445824
0,0,0,1,0,0,0,0,0,0,0,0,0.49,0.3915442,0.4137802
0,1,1,1,0,0,0,0,0,0,0,0,0.22,0.31774253,0.30056208
0,1,1,0,0,0,1,1,0,1,1,0,0.33,0.3507037,0.38584104
0,0,1,0,0,0,1,1,0,0,1,0,0.71,0.42466265,0.50631446
0,1,1,1,0,0,0,0,0,0,0,0,0.24,0.29966554,0.27702406
0,1,1,1,0,0,0,0,0,0,0,0,0.87,0.4180808,0.45419225
0,1,1,1,0,0,0,0,1,1,0,0,0.3,0.31215942,0.28975657
0,0,1,1,0,0,1,0,0,0,0,0,0.29,0.3976419,0.4247641
0,1,1,1,0,0,1,0,0,0,0,0,0.23,0.32652593,0.30838495
0,0,1,0,0,0,0,0,1,1,0,0,0.83,0.36771184,0.3991179
0,1,1,0,0,0,0,0,0,0,0,0,0.17,0.30514258,0.28246498
0,1,1,1,0,0,0,0,0,0,0,0,0.28,0.28517985,0.25866336
0,1,1,1,0,0,1,0,0,1,1,0,0.52,0.35528868,0.40354377
0,1,1,1,0,0,1,0,1,1,0,0,0.34,0.34392667,0.3222515
0,1,1,0,0,0,0,0,0,0,0,0,0.14,0.3033352,0.2799409
1,1,1,1,0,0,0,0,0,0,0,0,0.21,0.2710616,0.253567
0,0,0,1,0,0,1,0,0,0,0,0,0.75,0.44227973,0.54412615
0,1,1,0,0,1,0,1,0,0,0,0,0.44,0.32213894,0.2712594
0,0,1,0,0,0,0,0,0,1,0,0,0.79,0.5261322,0.64034384
0,1,1,1,0,0,0,0,0,0,0,0,0.29,0.3197787,0.30326515
0,1,1,1,0,0,0,0,0,0,0,0,0.41,0.3125576,0.29373425
1,1,1,1,0,0,0,0,0,0,0,0,0.36,0.57352245,0.64962
0,0,0,1,0,0,0,0,0,0,0,0,0.34,0.30311567,0.27665842
0,1,1,1,0,0,0,0,1,1,0,0,0.59,0.58984005,0.68630415
0,0,0,1,0,0,0,0,0,0,0,1,0.32,0.40678906,0.38661605
0,1,1,1,0,0,0,0,0,0,0,0,0.35,0.38002947,0.3904713
0,0,0,0,0,0,0,0,0,0,0,0,0.39,0.5922201,0.7359892
0,1,1,1,0,0,0,0,0,0,0,0,0.17,0.3510535,0.34666577
0,0,0,1,0,0,0,0,0,0,0,0,0.32,0.32908988,0.3112293
0,1,1,1,0,1,0,0,0,0,0,0,0.22,0.28254557,0.28705683
1,0,0,1,0,0,0,0,0,0,0,0,0.53,0.5543172,0.6045393
0,1,1,1,0,0,0,0,1,1,0,0,0.42,0.27009147,0.2434901
0,1,1,1,0,0,0,0,1,0,0,0,0.6,0.28776655,0.27074546
0,1,1,1,0,0,0,0,0,0,0,0,0.11,0.37776726,0.3869574
0,1,1,1,0,0,0,0,0,0,0,0,0.07,0.2654201,0.23480535
0,1,1,0,0,0,1,0,0,0,0,0,0.8,0.5180532,0.67009556
0,1,1,1,0,0,0,0,0,0,0,0,0.25,0.34269127,0.33456153
0,1,1,1,0,0,0,0,0,0,0,0,0.39,0.39942545,0.4215145
0,1,1,1,0,0,1,0,0,0,0,0,0.44,0.40368813,0.42397603
0,1,1,1,0,0,0,0,0,0,0,0,0.33,0.32325277,0.3078703
0,1,1,1,0,0,0,0,0,0,0,0,0.22,0.27965114,0.25176603
0,0,1,1,0,0,0,0,0,0,0,0,1.0,0.6469639,0.72347564
0,0,1,1,0,0,0,0,0,0,0,0,0.17,0.29664087,0.26220217
0,1,1,1,1,1,0,0,0,0,1,0,0.32,0.28652388,0.26852793
0,1,1,1,0,0,0,1,0,0,0,0,0.27,0.33201447,0.2951836
0,1,1,1,0,0,0,0,1,1,0,0,0.44,0.39322606,0.3993719
0,1,1,1,0,0,0,0,0,0,0,0,0.53,0.28861707,0.26297444
0,1,1,1,0,0,0,0,0,0,0,0,0.16,0.26884955,0.23873663
0,1,1,1,0,0,0,0,0,0,0,0,0.63,0.46804982,0.5462051
0,1,1,1,0,0,0,0,0,0,0,0,0.29,0.39063805,0.40719685
0,1,1,1,0,0,0,0,0,0,0,0,0.23,0.30518025,0.28412932
0,1,1,1,0,0,0,0,0,0,0,0,0.09,0.28311807,0.25608516
0,1,1,1,0,0,0,0,1,1,0,0,0.75,0.5444962,0.62980795
0,1,1,1,0,1,1,0,0,0,0,0,0.87,0.7539021,0.85065377
0,1,1,1,0,0,0,0,1,1,0,0,0.54,0.65267956,0.75281227
0,1,1,1,0,0,0,0,0,0,0,0,0.27,0.27569315,0.24689567
0,1,1,1,0,0,0,0,1,1,0,0,0.22,0.3557394,0.34507126
0,1,1,1,0,0,0,0,0,0,0,0,0.62,0.46210194,0.5354993
0,1,1,1,0,0,0,0,0,0,0,0,0.23,0.282453,0.2552526
0,1,1,0,0,0,0,0,1,0,0,0,0.39,0.3745052,0.38087428
0,1,1,1,0,1,0,0,0,0,0,0,0.6,0.7252272,0.7952119
0,1,1,1,0,0,0,0,0,0,0,0,0.35,0.34280404,0.33472338
0,1,1,1,0,0,0,0,1,1,0,0,0.14,0.28048462,0.2541599
1,1,1,1,0,1,0,0,0,0,0,0,0.39,0.3114872,0.2892013
0,1,1,1,0,0,0,0,0,0,0,0,0.5,0.6541978,0.7590566
0,1,1,1,0,0,0,0,1,0,0,0,0.47,0.43219024,0.47149092
0,1,1,1,0,0,0,0,0,0,0,0,0.91,0.63063586,0.7384816
0,1,1,1,0,0,0,0,1,1,0,0,0.38,0.47461724,0.5323452
0,1,1,1,0,0,0,0,0,0,0,0,0.31,0.27545378,0.24660318
0,1,1,1,0,1,0,0,0,0,0,0,0.67,0.4739073,0.5459808
0,1,1,1,0,0,1,0,0,0,0,0,0.25,0.31254593,0.2895423
0,0,0,0,0,0,1,0,0,0,0,1,0.17,0.3400234,0.2523903
0,1,1,1,0,0,0,0,1,0,0,0,0.3,0.40147218,0.4243606
0,1,1,1,0,0,0,0,1,1,0,0,0.38,0.33317038,0.31575838
0,1,1,1,0,0,0,0,1,1,0,0,0.67,0.45241904,0.4939947
0,1,1,1,0,0,0,0,1,0,0,0,1.0,0.4495863,0.49791026
0,1,1,1,0,0,0,0,0,0,0,0,0.71,0.3480744,0.34232968
0,0,1,1,0,0,0,0,0,0,0,1,0.22,0.27924684,0.22246532
0,0,1,1,0,0,0,0,0,0,0,0,0.42,0.35013565,0.33647007
0,0,1,1,0,0,0,0,0,0,0,1,0.16,0.27891833,0.222116
1,1,1,1,0,0,0,0,0,0,0,0,0.73,0.53609157,0.61379874
0,1,1,0,0,0,0,0,0,0,0,0,0.15,0.29287592,0.26565772
0,1,1,1,0,0,0,0,0,0,0,0,0.28,0.31222677,0.29330164
0,1,1,1,0,0,0,0,0,0,0,0,0.37,0.3835351,0.39593908
0,1,1,1,0,0,0,0,0,0,0,0,0.21,0.29751584,0.2742835
0,1,1,1,0,0,0,0,0,0,0,0,0.38,0.34635773,0.33984292
0,1,1,1,0,0,0,0,0,0,0,0,0.13,0.3479604,0.34216425
0,1,1,1,0,0,0,0,0,0,0,0,0.36,0.33317906,0.3211942
0,1,1,0,0,0,0,0,0,0,0,0,0.51,0.46513408,0.5516794
0,1,1,1,0,0,0,0,0,0,0,0,0.37,0.31028527,0.29076844
0,0,0,1,0,0,0,0,1,0,0,0,0.28,0.28979376,0.25976533
0,1,1,1,0,0,1,0,0,0,0,0,0.02,0.2876045,0.25770307
0,1,1,1,0,0,1,1,0,0,1,0,0.34,0.31457576,0.3005767
0,1,1,1,0,1,0,0,0,0,0,0,0.29,0.27522415,0.27905473
0,1,1,1,0,0,0,0,0,0,0,0,0.4,0.41529912,0.44920874
0,1,1,1,0,1,0,0,0,0,0,0,0.26,0.30948275,0.31754255
0,0,1,1,0,0,0,0,0,0,0,0,0.19,0.32987633,0.3069921
0,0,0,1,0,0,1,0,0,0,0,0,0.7,0.4091676,0.48147154
0,0,0,1,0,0,0,0,0,0,0,0,0.24,0.32509688,0.30560407
0,0,1,1,0,1,0,0,0,0,0,1,0.43,0.31147447,0.3054768
0,1,1,0,0,0,0,0,0,0,0,0,0.27,0.38112324,0.4031252
0,1,1,1,0,0,0,0,0,0,0,0,0.14,0.30001584,0.27747223
0,1,1,1,0,0,0,0,0,0,0,0,0.68,0.48291484,0.5719691
0,1,1,1,0,0,0,0,0,0,0,0,0.26,0.2766206,0.24803117
1,1,1,1,0,0,0,0,0,0,0,0,0.41,0.3896955,0.41597596
0,0,1,1,0,0,0,0,0,0,0,0,0.33,0.27819434,0.24063322
0,1,1,1,0,1,0,0,0,0,0,0,1.0,0.765092,0.8195513
0,1,1,1,0,0,0,0,0,0,0,0,0.57,0.49295655,0.5875174
0,1,1,1,0,0,0,0,0,0,0,0,0.74,0.45321345,0.5191029
0,1,1,1,1,0,0,0,0,0,0,0,0.43,0.30950743,0.29204652
0,1,1,1,0,0,0,0,0,0,0,0,0.26,0.3127486,0.29398412
0,1,1,1,0,0,0,0,0,0,0,0,0.47,0.5687359,0.68243474
0,1,1,1,0,0,0,0,0,0,0,0,0.32,0.33114797,0.31841946
0,1,1,1,0,0,0,0,0,0,0,0,0.63,0.3664381,0.36954302
0,1,1,1,0,0,0,0,1,1,0,0,0.42,0.32699385,0.3080018
0,0,0,1,0,0,0,0,0,0,0,0,0.41,0.373917,0.38229558
0,1,1,1,0,0,0,0,0,0,0,0,0.25,0.25921386,0.22807693
0,0,1,1,0,0,0,0,0,0,0,0,0.26,0.37674838,0.37509334
0,1,1,1,0,0,0,1,1,1,1,0,0.73,0.57413745,0.6208007
0,0,0,0,0,0,1,0,0,0,0,0,0.49,0.5151509,0.6909649
1,1,1,1,0,0,0,0,0,0,0,0,0.25,0.27674174,0.2599875
0,0,1,1,0,1,0,0,0,0,0,0,0.37,0.5383444,0.6263287
0,1,1,1,0,0,0,0,0,0,0,0,0.33,0.3191626,0.3024465
0,0,0,1,0,0,0,0,0,0,0,0,0.25,0.3488502,0.34121814
0,1,1,1,0,0,0,0,1,0,0,0,0.02,0.34000218,0.33766776
0,1,1,1,0,0,0,0,0,0,0,0,0.2,0.3201334,0.30373698
0,1,1,1,0,0,0,0,0,0,0,0,0.23,0.27923352,0.25124913
0,0,0,1,0,0,0,0,0,0,0,0,0.36,0.27788574,0.24735054
0,1,1,1,0,0,0,0,0,0,0,0,0.33,0.32937208,0.31601027
0,1,1,1,0,0,0,0,1,1,0,0,0.31,0.3748235,0.372155
0,1,1,1,0,0,0,0,0,0,0,0,0.27,0.2926154,0.26802978
0,1,1,1,0,0,0,0,0,0,0,0,0.43,0.276921,0.2483997
0,1,1,1,0,0,0,0,1,1,0,0,0.28,0.28915715,0.26333445
0,1,1,0,0,0,1,0,0,0,0,0,0.17,0.38464528,0.40412363
0,1,1,1,0,0,0,0,0,0,0,0,0.03,0.2583144,0.22715649
0,1,1,1,0,0,0,0,1,1,0,0,0.46,0.35996708,0.35092062
0,1,1,1,0,0,0,0,0,0,0,0,0.23,0.35407266,0.35108647
0,1,1,1,0,0,0,0,0,0,0,0,0.25,0.32077855,0.30459633
0,1,1,1,0,0,0,0,0,0,0,0,0.41,0.28763336,0.26174015
0,1,1,1,0,0,0,0,1,1,0,0,0.37,0.38804471,0.39159608
0,0,0,0,0,0,1,0,0,0,1,0,0.19,0.3100319,0.24746886
0,1,1,1,0,0,1,0,0,1,0,0,0.24,0.31253633,0.2931171
0,0,1,0,0,0,1,0,0,0,0,0,0.45,0.44513583,0.4984232
0,1,1,0,0,0,1,0,0,1,0,0,0.48,0.40098938,0.45664424
0,1,1,0,0,0,0,0,0,0,0,0,0.91,0.55126256,0.6980797
0,0,1,1,0,0,1,0,0,0,0,0,0.81,0.8025389,0.85641396
0,0,0,1,0,0,0,0,0,1,1,0,0.24,0.27873743,0.24257235
0,1,1,1,0,0,0,0,0,1,0,0,0.19,0.30819732,0.29181886
1,1,1,1,0,0,0,0,0,0,0,0,0.11,0.29301915,0.2793897
0,0,0,1,0,0,0,0,0,0,0,0,0.2,0.3520539,0.346327
0,1,1,0,0,0,0,0,0,0,0,0,0.22,0.30563784,0.28315917
0,1,1,1,0,0,0,0,0,0,0,0,0.76,0.7610434,0.82930166
0,0,0,1,0,0,1,0,0,0,0,1,0.23,0.4351217,0.4367872
0,1,1,1,0,0,0,0,0,0,0,0,0.26,0.26368165,0.23285878
0,1,1,1,0,0,0,0,0,0,0,0,0.2,0.34163693,0.33305037
0,1,1,1,0,0,0,0,0,0,0,0,0.41,0.35683596,0.3551554
0,1,1,1,0,0,0,0,0,0,0,0,0.34,0.3366881,0.32604018
0,1,1,1,0,0,0,0,0,0,0,0,0.64,0.4405938,0.49525052
0,1,1,1,0,0,0,1,0,0,0,0,0.19,0.3851288,0.3688087
0,1,1,1,0,0,0,0,0,0,0,0,0.18,0.28388867,0.25704962
0,1,1,1,0,0,0,0,0,0,0,0,0.25,0.32348895,0.3081825
0,0,1,1,0,0,0,0,0,0,0,0,0.27,0.32757902,0.3036911
0,1,1,1,0,0,0,0,0,0,0,0,1.0,0.5588337,0.6722869
0,1,1,1,0,0,0,0,0,0,0,0,0.25,0.28934133,0.26388568
0,1,1,1,0,0,0,0,0,1,0,0,0.38,0.32017988,0.30703786
0,1,1,1,0,0,0,0,0,1,0,0,1.0,0.7034186,0.79627275
0,1,1,1,0,0,0,0,0,0,0,0,0.19,0.255496,0.22429009
0,1,1,1,0,0,0,0,1,1,0,0,0.2,0.3014472,0.27694413
0,0,1,1,0,0,0,0,1,1,0,1,0.62,0.5098381,0.6119636
0,1,1,1,0,0,0,0,0,0,0,0,0.35,0.42365974,0.46421877
0,1,1,1,0,0,0,0,0,0,0,0,0.29,0.27234283,0.24283703
0,1,1,0,0,0,1,0,0,1,0,0,0.19,0.2880456,0.2797212
0,1,1,1,0,0,0,0,0,0,1,0,0.16,0.25768334,0.21810842
0,0,1,1,0,0,0,0,0,0,0,0,0.27,0.324279,0.29898435
0,1,1,1,0,0,0,0,0,0,1,0,0.36,0.38503474,0.39646405
0,1,1,1,0,0,0,0,0,0,0,0,0.64,0.33515543,0.32391346
0,1,1,1,0,0,0,0,0,0,0,0,0.41,0.349213,0.3439838
0,1,1,1,0,0,0,0,0,0,0,0,0.45,0.44820088,0.5096177
0,0,1,1,0,0,0,0,0,0,0,0,0.24,0.2996258,0.2659161
0,1,1,1,0,1,0,0,0,0,0,0,0.23,0.31687674,0.32616058
0,1,1,0,0,0,0,0,0,0,0,0,0.13,0.2929936,0.2658108
0,1,1,1,0,0,0,0,0,0,0,0,0.6,0.58971804,0.70145094
0,1,1,0,0,0,1,0,0,0,0,0,0.23,0.34366673,0.33425456
0,1,1,1,0,0,0,0,0,0,0,0,0.47,0.36172876,0.3624117
0,0,0,1,0,1,0,0,1,1,0,0,0.4,0.3672883,0.35779613
0,0,1,1,0,0,1,1,0,0,0,1,0.4,0.38559747,0.3500455
0,1,1,1,0,0,0,0,1,1,0,0,0.37,0.28370503,0.2575277
0,1,1,1,0,0,0,0,0,0,0,0,0.29,0.31356615,0.29505518
0,1,1,1,0,0,0,0,0,0,0,0,0.23,0.3258205,0.31127214
0,0,1,1,0,0,0,0,0,0,0,1,0.2,0.38118944,0.35104775
0,0,1,1,0,0,0,0,0,0,0,0,1.0,0.7549586,0.79705894
0,1,1,1,0,1,0,0,0,0,0,0,0.33,0.317109,0.32643273
0,1,1,1,0,0,0,0,0,0,0,0,0.81,0.5497467,0.66214824
0,1,1,1,0,0,0,0,0,0,0,0,0.35,0.3147997,0.29667553
0,1,1,1,0,0,0,0,1,1,0,0,0.48,0.51737404,0.5968768
0,1,1,0,0,0,1,1,0,0,1,0,0.42,0.39008036,0.35609
0,1,1,1,0,0,0,0,1,1,0,0,0.43,0.36083063,0.35212198
0,1,1,1,0,1,0,0,0,0,0,0,0.61,0.4398406,0.49214235
0,1,1,1,0,0,0,0,0,0,0,0,0.33,0.2984317,0.275449
0,1,1,1,0,0,0,0,0,0,0,0,0.29,0.3015852,0.27948564
0,1,1,1,0,0,0,0,1,1,0,0,0.43,0.3945508,0.40136695
0,0,1,1,0,0,1,0,0,0,0,1,0.54,0.4212602,0.4528405
0,0,0,1,0,0,0,0,1,0,0,0,0.27,0.28297526,0.25210232
0,1,1,1,0,0,0,0,0,0,0,0,0.25,0.29051313,0.26536423
0,1,1,1,0,0,0,0,0,0,0,0,0.14,0.32258844,0.306993
0,1,1,1,0,0,0,0,0,0,0,0,0.34,0.27537236,0.24650374
0,1,1,1,0,0,0,0,0,0,0,0,0.14,0.32460052,0.3096537
0,1,1,1,0,0,0,0,0,0,0,0,0.03,0.2605068,0.22943053
0,0,1,1,0,0,0,0,1,1,0,0,0.26,0.29858944,0.26506007
1,1,1,1,0,0,0,0,0,0,0,0,0.19,0.32860908,0.32556644
0,1,1,1,0,0,0,0,0,0,0,0,0.21,0.27307874,0.24372356
0,0,0,1,0,0,0,0,0,0,0,0,0.18,0.31159756,0.28727862
0,1,1,1,0,1,0,0,0,0,0,0,0.41,0.3592806,0.3780814
0,0,0,0,0,0,1,0,0,0,0,0,0.23,0.4028588,0.43934327
0,1,1,1,0,0,0,0,0,0,0,0,0.41,0.3053387,0.28433475
0,1,1,1,0,0,0,0,0,0,0,0,0.62,0.49679327,0.5932099
0,1,1,1,0,1,0,0,0,0,0,0,0.36,0.387379,0.41427484
0,0,0,1,0,0,0,0,0,0,0,0,0.76,0.5575603,0.67185235
0,1,1,1,0,0,0,0,1,0,1,0,0.2,0.3013817,0.23972043
0,1,1,1,0,0,0,0,0,0,0,0,0.5,0.34084326,0.33191514
0,0,1,1,0,0,0,0,0,0,0,0,0.35,0.46004218,0.5014657
0,1,1,1,0,0,0,0,0,0,0,0,0.2,0.41826963,0.4545311
0,1,1,1,0,0,0,0,1,1,0,0,0.47,0.36858025,0.36311772
0,1,1,1,0,0,0,0,0,0,0,0,0.2,0.30737704,0.28698424
0,1,1,1,0,1,0,0,0,0,0,0,0.32,0.29993245,0.3064022
0,1,1,1,0,0,1,0,0,0,0,0,0.33,0.36229718,0.35944036
0,0,0,1,0,0,0,0,0,0,1,0,0.43,0.41707954,0.40043348
0,1,1,1,0,0,0,0,0,1,0,0,0.48,0.37236708,0.3803046
0,1,1,1,0,0,0,0,0,0,0,0,0.29,0.46809992,0.5462945
0,1,1,0,0,0,0,0,0,1,1,0,0.48,0.3906608,0.42203483
0,1,1,1,0,0,0,0,0,0,1,0,0.58,0.514559,0.6093855
0,1,1,1,0,0,0,0,1,1,0,0,0.58,0.3944098,0.40115446
0,1,1,1,0,0,0,0,0,0,0,0,0.27,0.32843426,0.3147553
0,1,1,1,0,0,0,0,1,1,0,0,0.34,0.34944686,0.33668348
0,0,1,1,0,0,1,0,0,0,0,0,0.55,0.40645418,0.43736228
0,0,1,1,0,0,0,0,0,0,0,1,0.2,0.26360333,0.20649943
0,0,0,1,0,0,0,0,0,0,0,0,0.96,0.77085125,0.8226272
0,1,1,1,0,0,0,0,0,0,0,0,0.32,0.246349,0.21511039
0,1,1,1,0,0,0,0,0,0,0,0,0.27,0.29261553,0.2680299
0,1,1,1,0,0,0,0,0,0,0,0,0.27,0.37828654,0.38776296
0,1,1,0,0,0,1,1,0,0,0,0,0.27,0.386892,0.43392166
0,1,1,1,0,0,0,0,0,0,0,0,0.56,0.42957997,0.4749671
0,1,1,0,0,0,0,0,1,0,0,0,0.74,0.46092072,0.54198575
0,1,1,1,0,0,0,0,0,0,0,0,0.02,0.3046764,0.2834762
0,1,1,1,0,0,0,0,0,0,0,0,0.26,0.34787488,0.34204018
0,1,1,1,0,0,1,0,0,0,0,0,0.29,0.29108018,0.2619422
0,0,1,1,0,0,0,0,0,0,0,1,0.38,0.31570435,0.26391038
0,1,1,0,0,0,0,0,0,0,0,0,0.3,0.28555194,0.25655684
0,1,1,1,0,0,0,0,0,0,0,0,0.28,0.34642854,0.33994532
0,1,1,1,0,0,0,0,1,1,0,0,0.52,0.37954634,0.37905845
0,0,1,1,0,0,0,0,1,1,0,1,0.31,0.329869,0.3105727
0,0,1,1,0,0,0,0,0,0,0,0,0.3,0.33076498,0.3082741
0,1,1,1,0,0,1,0,0,0,0,0,0.33,0.30438918,0.27876243
0,1,1,1,0,0,0,1,1,1,0,0,0.42,0.43373924,0.44532162
0,0,0,1,0,0,1,0,1,1,0,0,0.4,0.35829434,0.32815894
0,1,1,1,0,0,0,0,1,0,0,0,0.24,0.27812722,0.25936767
0,1,1,0,0,0,1,0,0,0,0,0,0.5,0.3899586,0.41393393
0,1,1,1,0,0,0,0,0,0,0,0,0.3,0.3110656,0.2917853
0,1,1,1,0,0,0,0,0,0,0,0,0.24,0.3085763,0.2885426
0,1,1,1,0,0,1,0,0,0,0,0,0.34,0.28572196,0.25544256
0,1,1,0,0,0,0,0,1,0,0,0,1.0,0.60044456,0.7541623
0,1,1,1,0,0,0,0,0,0,0,0,0.19,0.30672768,0.28613928
0,1,1,1,0,0,0,0,0,0,0,0,0.32,0.28760618,0.26170608
0,1,1,1,0,0,0,0,1,1,0,0,0.14,0.25963143,0.23304394
0,1,1,1,0,0,0,0,1,1,0,0,1.0,0.5125593,0.59052163
0,1,1,1,0,0,0,0,1,1,0,0,0.78,0.46296534,0.51230395
0,0,1,1,0,0,0,0,0,0,0,1,0.14,0.34644592,0.3028135
0,1,1,1,0,0,0,0,0,0,0,0,0.39,0.42615527,0.46871358
0,1,1,1,0,0,0,0,0,0,0,0,0.17,0.50034016,0.5983386
0,1,1,0,0,0,0,1,0,0,1,0,0.32,0.3446197,0.3129813
0,1,1,1,0,0,0,0,0,0,0,0,0.29,0.36510977,0.36752215
0,1,1,1,0,0,0,0,0,0,0,0,0.77,0.39378387,0.412304
0,0,0,1,0,0,0,0,0,0,0,0,0.63,0.41254568,0.45402622
0,1,1,1,0,0,0,0,0,0,0,0,0.44,0.32184288,0.30601013
0,1,1,0,0,0,1,0,0,0,0,0,0.24,0.3741705,0.38517088
0,1,1,1,0,0,0,0,0,0,0,0,0.21,0.3002823,0.2778135
0,1,1,1,0,0,1,0,0,0,0,0,0.32,0.32032353,0.3000146
0,1,1,1,0,0,0,0,0,0,0,0,0.32,0.2756897,0.24689145
0,1,1,1,0,1,0,0,0,0,0,0,0.7,0.6377182,0.7262516
0,1,1,1,0,1,0,0,0,0,0,0,0.25,0.31345877,0.32216778
0,1,1,0,0,0,1,0,0,0,0,0,0.31,0.3685326,0.37526733
0,1,1,1,0,0,0,0,0,0,0,0,0.25,0.32190937,0.3060977
0,0,1,1,0,0,1,0,0,0,0,1,0.85,0.44936723,0.5027429
0,1,1,1,0,0,0,0,0,0,0,0,0.23,0.2804996,0.2528184
0,1,1,1,0,0,0,0,0,0,0,0,0.31,0.43853354,0.4914054
0,0,0,1,0,0,0,0,0,0,0,0,0.25,0.29963672,0.27236798
0,1,1,1,0,0,0,0,0,0,0,0,0.29,0.30623266,0.28549537
0,1,1,1,0,0,0,0,0,0,0,0,0.35,0.30297288,0.2812728
0,1,1,1,0,0,0,0,0,0,0,0,0.32,0.36880293,0.37315178
0,0,1,0,0,0,0,0,0,1,0,1,0.37,0.39814135,0.3630793
0,0,0,1,0,0,0,0,0,0,0,0,0.24,0.3191681,0.2974392
0,1,1,0,0,0,1,1,0,0,1,0,0.31,0.3029986,0.23648651
0,1,1,1,0,0,0,0,0,0,0,0,1.0,0.59159696,0.70305395
0,1,1,1,0,0,0,0,0,0,0,0,0.41,0.34292334,0.3348946
0,0,1,1,0,0,0,0,0,0,0,1,0.28,0.26379833,0.20669572
0,1,1,1,0,0,0,0,1,1,0,0,0.26,0.26949993,0.24289131
0,1,1,1,0,0,0,0,0,0,0,0,0.28,0.25791195,0.22674556
0,1,1,1,0,0,0,0,0,0,0,0,0.93,0.5419115,0.65279824
0,1,1,1,0,0,0,0,0,0,0,0,0.93,0.55904865,0.67251724
0,1,1,1,0,0,0,0,1,1,1,0,0.2,0.30665565,0.26868516
0,1,1,1,0,0,0,0,0,0,0,0,0.48,0.36096245,0.36127096
0,0,0,1,0,0,0,0,0,0,0,0,0.41,0.3394363,0.32654184
0,1,1,1,0,1,0,0,0,0,0,0,0.4,0.271492,0.2750125
0,1,1,1,0,0,0,0,0,0,0,0,0.59,0.44544506,0.504382
0,1,1,0,0,0,0,0,0,0,0,0,0.25,0.316589,0.2989439
0,1,1,1,0,0,0,0,0,0,0,0,0.5,0.37069026,0.37604207
0,1,1,1,0,0,0,0,0,0,0,0,0.3,0.3535955,0.35038605
0,1,1,1,0,0,1,0,0,0,0,0,0.27,0.3158672,0.29399985
0,1,1,0,0,0,0,0,0,0,0,0,0.32,0.3162548,0.29844862
0,1,1,1,0,0,0,0,0,0,0,0,0.42,0.392067,0.40951285
0,1,1,0,0,0,0,0,0,0,0,0,0.79,0.4502294,0.5244618
0,1,1,1,0,0,0,0,0,0,0,0,0.88,0.4774363,0.5627271
0,1,1,1,0,0,0,0,0,0,0,0,0.25,0.27407628,0.24492876
0,1,1,1,0,0,0,0,0,0,0,0,0.11,0.32474247,0.30984172
0,1,1,1,0,1,0,0,0,0,0,0,0.34,0.49751955,0.5803875
0,1,1,1,0,0,0,0,0,0,0,0,0.37,0.36274055,0.36392927
0,1,1,1,0,1,0,0,0,0,0,0,0.27,0.32303432,0.33348984
0,1,1,1,0,0,1,0,0,0,0,0,1.0,0.5445386,0.6728729
0,1,1,0,0,0,0,0,0,0,0,0,0.28,0.29332927,0.26624927
0,1,1,0,0,0,1,0,0,0,0,0,0.12,0.29420587,0.26501614
0,1,1,1,0,0,0,0,0,0,0,0,0.3,0.38622674,0.4001645
0,1,1,1,0,1,0,0,0,0,0,0,0.36,0.33773184,0.35142693
0,1,1,1,0,0,0,0,0,0,0,0,0.37,0.46617055,0.54284084
0,1,1,1,0,0,0,0,0,0,0,0,0.59,0.41111025,0.44172508
0,1,1,1,0,0,0,0,0,0,0,0,0.13,0.28303635,0.25598276
0,1,1,1,0,0,0,0,0,0,0,0,0.88,0.58755904,0.69959325
0,1,1,1,0,0,0,0,1,0,0,0,0.55,0.37463284,0.38539332
0,1,1,1,0,0,0,0,0,0,0,0,0.59,0.4235724,0.46406156
0,1,1,1,0,0,0,0,0,0,0,0,0.26,0.2865588,0.26039404
0,0,1,1,0,0,0,0,0,0,0,1,0.35,0.33334914,0.2857765
0,0,1,1,0,0,0,0,0,0,0,0,0.31,0.32409182,0.29871863
0,1,1,1,0,0,0,0,0,0,0,0,0.23,0.30113655,0.27890915
0,0,0,1,0,0,0,0,0,0,0,0,0.33,0.3892295,0.409472
0,0,1,1,0,0,1,0,0,0,0,0,0.67,0.44051686,0.4877627
0,1,1,1,0,0,0,0,0,0,0,0,0.52,0.43505722,0.4850254
0,1,1,0,0,0,0,0,1,1,0,0,0.35,0.37961808,0.4025069
0,1,1,0,0,0,0,0,0,0,0,0,0.23,0.28166533,0.25191808
0,0,0,1,0,0,0,0,1,1,0,0,0.02,0.28286552,0.24448481
0,0,1,1,0,0,1,0,0,0,0,0,0.41,0.383284,0.40444145
0,1,1,0,0,0,0,1,1,1,1,0,0.04,0.25526908,0.19444384
0,1,1,1,0,0,0,0,0,1,1,0,0.15,0.3199306,0.31017682
0,1,1,1,0,0,0,0,0,0,0,0,0.76,0.42431718,0.46540236
0,1,1,1,0,0,1,0,0,0,0,0,0.46,0.3217704,0.30195665
0,0,1,1,0,0,0,0,0,0,0,0,0.37,0.42857736,0.45279256
0,1,1,1,0,0,0,0,0,1,0,0,0.12,0.28750533,0.266455
0,1,1,1,0,0,0,0,0,0,0,0,0.41,0.380465,0.39114916
0,1,1,1,0,0,0,0,1,1,0,0,0.16,0.26629132,0.23966095
0,1,1,1,0,0,0,0,1,0,0,0,0.39,0.3617677,0.36732617
0,1,1,1,0,0,0,0,0,0,0,0,0.39,0.35659564,0.35480064
0,1,1,1,0,0,0,0,0,0,0,0,0.22,0.30625716,0.2855272
0,1,1,1,0,0,0,0,1,1,0,0,0.15,0.32422486,0.30455655
0,0,0,1,0,0,0,0,0,0,0,0,0.28,0.33423162,0.31870478
0,0,0,1,0,0,0,0,0,0,0,0,0.28,0.28539243,0.2557127
0,1,1,1,0,1,0,0,0,0,0,0,0.51,0.4155406,0.454815
0,1,1,1,0,1,0,0,0,0,0,0,0.71,0.50576603,0.5912949
0,1,1,1,0,0,0,0,0,0,0,0,0.35,0.28998822,0.26470125
0,1,1,1,0,0,0,0,0,0,0,0,0.44,0.34351325,0.335742
0,1,1,1,0,0,0,0,0,0,0,0,0.35,0.2902138,0.26498604
0,1,1,1,0,0,0,0,0,1,0,0,0.28,0.33294335,0.3236383
0,1,1,1,0,0,0,0,0,0,0,0,0.63,0.40747,0.43529445
0,1,1,1,0,0,0,0,0,0,0,0,0.16,0.28890586,0.26333755
0,1,1,1,0,0,0,0,1,1,0,0,0.32,0.35963577,0.35046014
0,1,1,0,0,0,0,0,0,0,0,0,0.3,0.32411307,0.31025997
0,1,1,1,0,0,0,0,0,0,0,0,0.72,0.5404139,0.6509719
0,0,1,0,0,0,1,0,0,0,0,1,1.0,0.6014407,0.76698226
0,0,1,1,0,0,0,0,0,1,1,1,0.31,0.2998252,0.27203584
0,1,1,1,0,0,0,0,0,0,0,0,0.54,0.34168655,0.33312145
0,1,1,1,0,0,1,0,0,0,0,0,0.56,0.4710988,0.5440415
0,1,1,1,0,0,0,0,0,0,0,0,0.29,0.31698313,0.2995564
0,1,1,1,0,0,0,0,1,1,0,0,0.46,0.41165146,0.4272984
0,1,1,1,0,0,0,0,0,1,0,0,0.37,0.3130494,0.29793507
0,0,1,0,0,0,1,0,0,0,0,1,0.52,0.38760072,0.3573765
0,0,1,1,0,0,0,0,0,0,0,1,0.35,0.28451127,0.22811846
0,1,1,1,0,0,0,0,1,1,0,0,0.34,0.55400723,0.6409107
0,1,1,1,0,0,0,0,0,0,0,0,0.59,0.3476226,0.34167433
0,1,1,1,0,0,0,0,0,0,0,0,0.35,0.35648692,0.35464025
0,1,1,1,0,0,1,0,1,1,0,0,0.03,0.37652758,0.36701497
0,1,1,1,0,0,0,0,0,0,0,0,0.09,0.2802457,0.25250316
0,0,1,1,0,0,0,0,0,0,0,1,1.0,0.69049364,0.81685627
0,1,1,1,0,0,0,0,0,0,0,0,0.21,0.3064779,0.2858143
1,1,1,1,0,0,0,0,0,0,0,0,0.26,0.31463987,0.30692947
0,0,0,1,0,0,0,0,1,0,0,0,0.08,0.3289772,0.30792823
0,1,1,1,0,0,0,0,0,0,0,0,0.34,0.32309243,0.30765843
0,1,1,1,0,0,0,0,0,0,0,0,1.0,0.6235829,0.7319609
0,1,1,1,0,0,0,0,0,0,0,0,0.39,0.39031368,0.4066717
0,1,1,0,0,0,0,0,0,0,0,0,0.33,0.29809478,0.2727024
0,0,1,1,0,0,0,0,0,0,0,1,0.23,0.26853773,0.21146472
0,0,1,1,0,0,0,0,1,1,0,1,0.22,0.368108,0.360804
0,0,1,0,0,0,1,0,0,0,0,1,0.58,0.53485525,0.65957415
0,1,1,1,0,1,0,0,0,0,0,0,0.23,0.2747162,0.2785024
0,0,0,1,0,0,0,0,0,0,0,0,0.26,0.3081109,0.28287008
0,1,1,1,0,0,0,0,0,0,0,0,0.36,0.3491874,0.3439466
0,0,1,1,0,0,0,0,0,0,0,1,0.31,0.25913903,0.20204954
0,1,1,1,0,0,0,1,1,1,1,0,0.35,0.4127164,0.40050274
0,1,1,1,0,0,1,0,0,0,0,0,0.28,0.3369163,0.32263836
0,1,1,0,0,0,0,0,0,0,0,0,0.39,0.38413566,0.40814152
0,1,1,1,0,0,0,0,0,0,0,0,0.18,0.29011995,0.26486754
0,1,1,1,0,0,0,0,0,0,0,0,0.3,0.26617998,0.23565967
0,1,1,1,0,0,1,0,0,0,0,0,0.49,0.28887454,0.25923964
0,1,1,0,0,0,1,0,0,0,0,0,0.38,0.41438589,0.46087804
0,1,1,1,0,0,0,0,0,0,0,0,0.54,0.31814837,0.30110034
0,1,1,1,0,1,0,0,0,0,0,0,0.62,0.32325312,0.33375585
0,0,1,1,0,0,0,0,0,0,0,0,0.21,0.31989437,0.29280198
0,1,1,1,0,0,1,0,0,0,0,0,0.09,0.31813726,0.2970667
0,1,1,1,0,0,0,0,1,1,0,0,0.25,0.311814,0.2893375
0,1,1,1,0,0,0,0,0,0,0,0,0.25,0.29341295,0.26904482
0,1,1,1,0,0,0,0,0,0,0,0,0.26,0.38270503,0.39464206
0,1,1,1,0,0,0,0,0,0,0,0,0.33,0.31458518,0.2963934
0,1,1,0,0,0,1,0,0,0,0,0,0.47,0.3921202,0.41797972
1,1,1,1,0,0,0,0,0,0,0,0,0.68,0.34700602,0.3514841
0,0,0,1,0,0,0,0,0,0,0,0,0.05,0.3115966,0.2872774
0,1,1,1,0,0,0,0,0,0,0,0,0.25,0.31500727,0.29694873
0,0,1,1,0,0,0,0,1,1,0,1,0.16,0.3212303,0.30002573
0,1,1,1,0,0,0,0,1,1,0,0,0.31,0.3653666,0.35853067
0,1,1,1,0,0,0,0,0,0,0,0,0.25,0.34319925,0.3352908
0,1,1,1,0,0,0,0,0,0,0,0,0.19,0.24709363,0.21585068
0,1,1,1,0,1,0,1,0,0,1,0,1.0,0.4433828,0.52089596
0,1,1,0,0,1,0,0,0,0,0,0,0.55,0.36012787,0.36504084
0,1,1,1,0,0,0,0,0,0,0,0,0.31,0.32434368,0.3093136
0,1,1,1,0,0,0,0,1,0,0,0,0.18,0.3461693,0.34600267
0,1,1,1,0,0,0,0,0,1,0,0,0.41,0.38544488,0.40019488
0,0,1,1,0,0,0,0,0,0,0,1,0.1,0.34022284,0.29458538
0,1,1,1,0,0,0,0,0,0,0,0,0.24,0.32884255,0.31530136
0,1,1,1,0,0,0,0,0,0,0,0,0.34,0.3488068,0.34339324
0,0,1,0,0,0,0,0,0,0,0,0,0.32,0.4566923,0.48744076
0,0,1,1,0,0,0,0,0,0,0,1,0.26,0.28778917,0.23169959
0,1,1,0,0,0,1,0,0,0,0,0,0.36,0.26948342,0.23578241
0,1,1,0,0,0,0,0,0,0,0,0,0.02,0.403917,0.44156384
0,0,0,0,0,0,0,0,0,0,0,0,0.02,0.28004313,0.21743774
0,1,1,1,0,0,0,0,0,0,0,0,0.39,0.38015085,0.39066023
0,1,1,1,0,0,0,0,0,0,0,0,0.16,0.31052145,0.29107603
0,0,1,1,0,0,0,0,0,0,0,1,0.76,0.3349438,0.28780535
0,1,1,1,0,0,1,0,1,1,0,0,0.37,0.38708115,0.382456
0,1,1,1,0,0,0,0,0,0,0,0,0.54,0.4170062,0.4522652
0,1,1,1,0,0,0,0,0,0,0,0,0.73,0.67332834,0.77453387
0,1,1,1,0,0,0,0,0,0,0,0,1.0,0.47047916,0.55053264
0,1,1,1,0,0,0,0,0,1,0,0,0.64,0.36431202,0.36827335
0,1,1,1,0,0,0,0,0,0,0,0,0.25,0.26598215,0.23543707
0,1,1,1,0,0,0,0,0,0,0,0,0.36,0.39958614,0.42177907
0,0,0,0,0,0,0,0,0,0,0,0,0.83,0.49112123,0.5890973
0,0,0,1,0,0,1,0,0,0,0,0,0.35,0.33159876,0.33419403
0,1,1,1,0,0,0,0,1,1,0,0,0.42,0.435772,0.46533942
0,0,0,1,0,0,0,0,0,0,0,0,0.18,0.32176,0.30099162
0,0,0,1,0,0,0,0,0,0,1,0,0.25,0.3180036,0.2658124
0,1,1,1,0,0,0,0,0,0,0,0,0.22,0.5213871,0.6271922
0,1,1,1,0,0,0,0,1,1,0,0,0.38,0.33423328,0.3170985
0,1,1,1,0,0,0,0,1,1,0,0,0.29,0.2834646,0.2572748
0,1,1,1,0,0,1,1,0,0,0,0,1.0,0.51249707,0.639695
0,0,0,1,0,0,0,0,0,0,0,1,0.25,0.31537127,0.23251896
0,1,1,1,0,0,1,0,0,0,0,0,0.41,0.4006052,0.41893157
0,1,1,1,0,0,0,0,0,0,0,0,0.32,0.40894288,0.43788353
0,1,1,1,0,0,0,0,0,0,0,0,0.28,0.30092028,0.2786315
0,1,1,1,0,0,0,0,1,1,0,0,0.31,0.31620067,0.29468545
0,0,1,1,0,0,0,0,0,0,0,1,0.55,0.42022848,0.41203445
0,1,1,1,0,0,0,0,0,1,0,0,0.41,0.28334537,0.2615884
0,1,1,1,0,0,1,0,0,0,0,0,0.29,0.27573726,0.24371955
0,1,1,1,0,0,0,0,0,0,0,0,0.19,0.30215454,0.28021806
0,1,1,1,0,0,0,0,0,0,0,0,0.42,0.52733153,0.6347078
0,1,1,1,0,0,0,0,0,0,0,0,0.31,0.33094314,0.31814027
0,1,1,1,0,0,0,0,1,1,0,0,0.28,0.37873086,0.3778643
0,1,1,1,0,0,0,0,0,0,0,0,0.43,0.4341774,0.4834087
0,1,1,1,0,0,0,0,0,0,0,0,0.26,0.3073837,0.28699285
0,1,1,0,0,0,0,0,0,0,1,0,0.1,0.28658304,0.22583517
0,1,1,1,0,0,0,0,0,0,0,0,0.18,0.27538338,0.24651723
0,0,1,1,0,0,0,0,0,0,0,0,0.52,0.55404,0.63882065
0,1,1,1,0,0,0,0,0,0,0,0,0.11,0.30293477,0.28122362
0,1,1,1,0,0,0,0,0,0,0,0,0.28,0.30473927,0.2835577
0,1,1,1,0,0,1,0,0,0,0,0,0.8,0.7246222,0.8353764
0,0,0,0,0,0,0,0,0,1,0,0,0.31,0.3533446,0.28832728
0,1,1,1,0,0,0,0,0,0,0,0,1.0,0.7789999,0.83770305
0,1,1,1,0,0,0,0,1,0,0,0,0.28,0.35018396,0.3514561
0,1,1,0,0,0,1,0,0,0,0,0,0.03,0.30265588,0.2758555
0,1,1,1,0,0,0,0,0,0,0,0,0.48,0.33710545,0.32662052
0,1,1,1,0,0,0,0,0,0,0,0,0.29,0.328434,0.31475496
0,1,1,1,0,0,0,0,0,0,0,0,0.28,0.3091786,0.28932709
0,1,1,1,0,0,0,0,1,1,0,0,0.75,0.55509293,0.6422116
0,1,1,1,0,0,0,0,0,0,0,0,0.42,0.42893177,0.47377753
0,1,1,1,0,0,0,1,1,0,1,0,0.35,0.350321,0.31459463
0,1,1,1,0,0,0,0,0,0,0,0,0.36,0.31021032,0.29067093
0,1,1,1,0,1,0,0,0,0,0,0,0.29,0.29220924,0.29773292
0,1,1,1,0,0,1,0,0,0,0,0,0.28,0.38637704,0.3964405
0,1,1,1,0,0,0,0,1,1,0,0,0.55,0.36151785,0.3530818
0,0,1,1,0,0,0,0,0,0,0,0,0.19,0.31729734,0.2891837
0,0,0,0,0,0,1,0,0,1,0,0,0.24,0.38539368,0.35277778
0,1,1,1,0,0,0,0,0,0,0,0,0.77,0.5466312,0.6584375
0,1,1,1,0,0,0,0,0,0,0,0,0.18,0.28708184,0.26104972
1,1,1,1,0,0,0,0,0,0,0,0,0.29,0.35750479,0.36695623
0,1,1,1,0,0,0,0,1,0,0,0,0.32,0.30189902,0.28796312
0,1,1,1,0,0,0,0,0,0,0,0,0.21,0.27918935,0.25119448
0,1,1,1,0,0,0,0,0,0,0,0,0.1,0.35166627,0.34756082
0,1,1,1,0,0,0,0,0,0,0,0,0.2,0.29381168,0.2695519
0,0,1,1,0,0,0,0,0,0,0,0,0.51,0.36085176,0.3521119
0,1,1,1,0,0,0,0,0,0,0,0,0.34,0.46721807,0.5447184
0,0,1,1,0,0,0,0,0,0,0,1,0.23,0.3185472,0.26735437
0,0,1,0,0,0,1,0,0,0,0,0,0.48,0.40588254,0.43423072
0,1,1,1,0,0,1,0,0,0,0,0,0.29,0.28407452,0.2534837
0,1,1,0,0,0,0,0,0,0,1,0,0.29,0.3249301,0.26950312
0,0,0,1,0,0,0,0,0,0,0,0,0.19,0.27081138,0.23981878
0,1,1,1,0,0,0,0,0,0,1,0,0.43,0.35421523,0.34586412
0,0,1,1,0,0,1,0,0,0,0,1,0.25,0.28339332,0.25071046
0,1,1,1,0,0,0,0,1,1,0,0,0.24,0.28115112,0.25485438
0,1,1,1,0,0,1,0,0,0,0,0,0.53,0.3639353,0.3618778
0,0,1,1,0,0,0,0,0,1,0,0,0.18,0.29104763,0.24162436
0,1,1,1,0,0,0,0,0,0,0,0,0.15,0.26979017,0.23983093
0,0,1,0,0,0,1,1,0,1,1,1,0.34,0.33716875,0.28149623
0,1,1,1,0,0,0,0,0,0,0,0,0.37,0.36275733,0.3639547
0,0,1,1,0,0,0,0,0,0,0,0,0.4,0.32689747,0.3027156
0,1,1,1,0,0,0,0,1,0,0,0,0.19,0.37491387,0.38578933
0,1,1,1,0,0,0,0,1,1,0,0,0.23,0.29913425,0.2742831
0,1,1,1,0,0,0,0,0,0,0,0,0.36,0.28546256,0.25901753
0,1,1,0,0,0,1,1,0,0,0,0,0.83,0.49592537,0.661451
0,1,1,1,0,0,0,0,0,0,0,0,1.0,0.7546255,0.82611763
0,0,0,1,0,0,0,0,0,0,0,0,0.1,0.3170975,0.2946217
0,1,1,1,0,0,0,0,0,0,0,0,0.52,0.4524428,0.517654
0,1,1,1,0,0,1,0,0,0,0,0,0.6,0.31102902,0.28751984
0,0,1,1,0,0,0,0,0,0,0,1,0.55,0.5184349,0.60159004
0,1,1,1,0,0,0,0,0,0,0,0,0.28,0.29084495,0.26578388
0,0,1,1,0,0,0,0,0,0,0,0,0.94,0.7057083,0.7651264
0,1,1,1,0,0,0,0,1,0,0,0,0.42,0.43689138,0.4787016
0,1,1,1,0,0,0,0,0,0,0,0,0.32,0.3062701,0.28554404
0,1,1,1,0,0,1,0,0,0,0,0,0.31,0.30209628,0.2757762
0,1,1,1,1,0,0,0,0,0,0,0,0.24,0.386868,0.4069887
0,1,1,1,0,0,0,0,1,0,0,0,0.16,0.31339654,0.3025834
0,1,1,1,0,0,0,0,0,0,0,0,0.19,0.27116352,0.2414321
0,1,1,1,0,0,0,0,0,0,0,0,0.3,0.37259972,0.37897524
0,1,1,1,0,0,0,0,0,0,0,0,0.56,0.5290178,0.6368258
0,1,1,1,0,0,0,0,0,0,0,0,0.18,0.40810594,0.43640605
0,1,1,1,0,0,0,0,0,1,0,0,0.48,0.36166906,0.3643871
0,1,1,1,0,0,0,0,1,0,0,0,0.17,0.32323343,0.3153638
0,1,1,1,0,0,0,0,0,0,0,0,0.24,0.37174416,0.3776599
0,1,1,1,0,0,0,0,0,0,0,0,0.95,0.6716927,0.77325493
0,1,1,1,0,0,0,0,1,0,0,0,0.34,0.3045403,0.29128987
0,1,1,1,0,1,1,0,0,1,1,0,0.31,0.30478662,0.32913393
0,1,1,1,0,0,0,0,0,0,1,0,0.5,0.30635,0.2774009
0,1,1,1,0,0,0,0,0,0,0,0,0.31,0.29838544,0.2753901
0,0,1,1,0,1,0,0,0,0,0,0,0.47,0.3842522,0.42827234
1,1,1,1,0,0,0,0,0,0,0,0,0.34,0.26006368,0.24163935
0,1,1,1,0,0,0,0,0,0,0,0,0.72,0.517506,0.62216073
0,1,1,1,0,0,0,0,0,0,0,0,1.0,0.7260035,0.810464
0,1,1,1,0,0,0,0,0,0,0,0,0.44,0.48956928,0.58237326
0,1,1,1,0,0,0,0,0,0,0,0,0.37,0.2952296,0.27135998
0,1,1,1,0,0,0,0,0,0,0,0,0.33,0.42832524,0.47266427
0,1,1,0,0,0,0,0,0,1,1,0,0.32,0.3041303,0.28204444
0,0,1,1,0,0,0,0,0,0,0,0,1.0,0.5335624,0.6135008
0,0,0,1,0,0,0,0,0,0,0,0,0.45,0.3617329,0.3619939
0,1,1,1,0,0,0,0,0,0,0,0,0.39,0.3127535,0.29399052
0,0,0,1,0,0,0,0,0,0,0,0,0.18,0.28210777,0.25202253
0,1,1,1,0,0,0,0,1,1,0,0,0.31,0.35580668,0.3451639
0,0,1,1,0,0,0,0,1,0,0,1,0.38,0.38749272,0.3690543
0,0,1,0,0,0,1,0,0,0,0,1,0.1,0.454345,0.48353204
0,1,1,0,0,1,1,1,0,1,1,0,0.02,0.3352124,0.28370923
0,1,1,1,0,0,0,0,0,0,0,0,0.44,0.3407577,0.3317929
0,1,1,1,0,0,0,0,1,1,0,0,0.3,0.29481807,0.26948208
0,1,1,1,0,0,0,0,1,1,0,0,0.24,0.30226216,0.27788934
0,1,1,1,0,0,0,0,0,0,0,0,0.35,0.31520087,0.29720363
0,0,1,1,0,0,1,0,0,0,0,1,0.79,0.38824406,0.397992
0,1,1,1,0,0,0,0,0,0,0,0,0.55,0.41575688,0.45002794
0,1,1,1,0,0,0,0,0,1,1,0,0.39,0.405909,0.42682934
0,1,1,0,0,0,0,0,0,0,0,0,0.3,0.3916676,0.4207421
0,1,1,1,0,0,0,0,0,0,0,0,0.26,0.28214687,0.25487
0,0,1,1,0,1,0,0,0,0,0,0,0.42,0.5069433,0.5913979
1,1,1,1,0,0,0,0,0,0,0,0,0.43,0.44150907,0.4977703
0,1,1,1,0,0,0,0,1,0,0,0,0.27,0.28898963,0.2722035
0,1,1,1,0,0,0,0,0,0,0,0,0.2,0.3075399,0.28719577
0,0,0,1,0,0,0,0,0,0,0,0,0.25,0.2952,0.26703122
0,1,1,1,0,0,0,0,0,0,0,0,0.32,0.3435052,0.33573043
0,0,0,1,0,0,1,0,0,1,0,0,0.23,0.3542786,0.33650964
0,1,1,1,0,0,0,0,0,0,0,0,0.22,0.27065682,0.24084029
0,0,1,1,0,0,0,0,0,0,0,1,0.71,0.47207847,0.50884616
0,1,1,1,0,0,0,0,0,0,0,0,0.24,0.31800064,0.30090436
0,1,1,1,0,0,0,0,0,0,0,0,0.4,0.35377342,0.35064715
0,1,1,1,0,0,0,0,1,1,0,0,0.43,0.44763643,0.48575264
0,1,1,0,0,0,1,0,0,0,0,0,0.27,0.33195034,0.31634527
0,1,1,1,0,0,0,0,0,0,0,0,1.0,0.35954887,0.3591708
0,1,1,1,0,0,0,0,0,0,0,0,0.5,0.3582073,0.35718256
0,0,1,1,0,0,0,0,0,0,0,0,1.0,0.635451,0.7146161
0,1,1,1,0,0,0,0,0,0,0,0,0.48,0.30894545,0.28902325
0,1,1,1,0,0,0,0,1,1,1,0,0.2,0.26280653,0.22348294
0,1,1,1,0,1,0,0,0,0,0,0,0.17,0.35928077,0.37808168
0,0,1,0,0,0,0,0,0,0,0,0,0.16,0.27509826,0.2384353
0,1,1,1,0,0,0,0,0,0,0,0,0.4,0.39859182,0.4201499
0,1,1,1,0,0,0,0,0,0,0,0,0.31,0.2736985,0.24447186
0,1,1,1,0,0,0,0,0,0,0,0,0.66,0.49092045,0.5844411
0,0,0,0,0,0,1,0,0,1,0,1,0.4,0.42218065,0.40230536
0,1,1,1,0,0,0,0,0,0,0,0,0.62,0.3881103,0.4031356
0,0,1,1,0,0,0,0,0,0,0,0,0.36,0.41117454,0.4258701
0,1,1,0,0,0,0,0,0,0,0,0,0.44,0.4164172,0.46366414
0,1,1,1,0,0,0,0,0,0,0,0,0.24,0.29997116,0.27741507
0,1,1,1,0,0,0,0,0,0,0,0,0.04,0.3944748,0.41342893
0,0,0,0,0,0,1,0,0,0,0,0,0.28,0.3396889,0.31142148
0,0,0,0,0,1,0,0,0,0,0,0,0.3,0.36403325,0.3383854
0,1,1,1,0,0,0,0,0,1,0,0,0.38,0.35800308,0.35904443
0,1,1,1,0,0,0,0,0,0,0,0,0.25,0.33054578,0.31759915
0,1,0,0,0,0,0,0,0,0,0,0,0.39,0.28248793,0.24398789
0,0,0,0,1,0,0,0,0,0,0,0,0.27,0.2664035,0.20404401
0,1,1,1,0,0,0,0,0,0,0,0,0.51,0.45589575,0.52411443
0,1,1,0,0,0,0,0,0,0,0,0,1.0,0.64981633,0.7898074
0,1,1,1,0,0,0,0,0,0,0,0,0.48,0.42654118,0.46940908
0,1,1,1,0,0,0,0,0,0,0,0,0.03,0.2568928,0.22570734
0,1,1,1,0,0,0,0,0,0,0,0,0.33,0.30094975,0.27866933
0,1,1,1,0,0,0,0,0,1,0,0,0.24,0.30099648,0.2828309
0,1,1,1,0,0,0,0,0,0,0,0,0.22,0.3251212,0.31034383
0,1,1,1,0,0,0,0,1,1,0,0,0.28,0.28179953,0.25553125
0,1,1,1,0,0,0,0,0,0,0,0,0.07,0.28409952,0.25731272
0,1,1,1,0,0,0,0,0,0,0,0,0.15,0.2673678,0.23701987
0,0,0,0,1,0,0,0,0,0,0,0,0.33,0.37411144,0.3819914
0,1,1,1,0,1,0,0,0,0,0,0,0.74,0.34489584,0.3602726
0,1,1,1,0,0,0,0,0,0,0,0,0.59,0.46826202,0.5465839
0,1,1,1,0,0,0,0,0,0,0,0,0.03,0.35724586,0.35576078
1,1,1,1,0,0,0,0,0,0,0,0,0.05,0.29086033,0.2767427
0,0,0,0,0,0,1,0,0,0,0,0,0.36,0.35486665,0.33800656
1,1,1,1,0,0,0,0,0,0,0,0,0.37,0.33155847,0.32961068
0,1,1,0,1,0,1,0,0,1,0,0,0.23,0.31846076,0.2652638
0,1,1,1,0,0,0,0,1,1,0,0,0.28,0.34622034,0.3324725
0,0,0,1,0,0,0,0,0,0,0,0,0.73,0.4338335,0.4960312
0,1,1,1,0,0,1,0,0,0,0,0,0.14,0.25414616,0.21956459
0,0,1,1,0,0,0,0,0,0,0,1,0.04,0.36726546,0.33133155
0,0,1,1,0,0,0,0,0,0,0,1,0.26,0.34542316,0.30144152
0,0,0,1,0,0,1,0,0,0,0,0,0.82,0.38930345,0.4424778
0,1,1,1,0,0,0,0,0,0,0,0,0.35,0.29162133,0.26676732
0,0,0,0,0,0,0,0,0,0,0,0,0.22,0.32947376,0.2790777
0,0,1,1,0,0,0,0,0,0,1,0,0.43,0.3786039,0.38555616
0,0,0,1,0,0,0,0,0,0,0,0,0.44,0.34399024,0.3335453
0,0,0,1,0,0,1,0,0,1,1,0,0.57,0.4988807,0.6370235
0,1,1,0,0,0,0,0,0,0,0,0,0.47,0.4112925,0.45451498
0,1,1,1,0,0,0,0,0,0,0,0,1.0,0.54903924,0.6613105
0,1,1,1,0,0,0,0,0,0,0,0,0.44,0.3689872,0.37343353
0,1,1,1,0,0,0,0,0,0,0,0,0.52,0.3653578,0.36789912
0,1,1,1,0,0,0,0,1,0,0,0,0.2,0.24799588,0.22689947
0,1,1,1,0,1,0,0,1,1,1,0,0.4,0.48359436,0.5354498
0,1,1,1,0,0,0,0,0,0,0,0,0.31,0.27308923,0.24373622
0,0,1,1,0,0,0,0,0,0,0,0,0.73,0.50488377,0.5720978
0,1,1,1,0,0,0,0,0,0,0,0,0.37,0.30018383,0.27768734
0,1,1,1,0,0,1,0,0,1,0,0,0.26,0.31317097,0.29388165
0,1,1,1,0,0,0,0,0,0,0,0,0.08,0.33625215,0.3254345
0,1,1,1,0,0,0,0,0,0,0,0,0.35,0.33165818,0.31911534
0,1,1,1,0,0,0,0,0,0,0,0,0.6,0.45142204,0.5157344
0,1,1,1,0,1,0,0,0,0,0,0,0.31,0.25443453,0.25688928
0,1,1,1,0,0,0,0,0,0,0,0,0.53,0.45977837,0.531276
0,1,1,1,0,0,0,0,0,1,1,0,0.84,0.6389352,0.7410904
0,1,1,1,0,0,0,0,1,1,0,0,0.25,0.31755877,0.29634377
0,1,1,1,0,0,0,0,0,0,0,0,0.26,0.37237507,0.37862968
0,1,1,1,0,0,0,1,0,0,0,0,0.77,0.6247379,0.7280807
0,1,1,0,0,0,0,0,0,0,0,0,0.34,0.3571093,0.36320937
0,0,1,1,0,0,0,0,0,0,0,0,0.26,0.3110491,0.28070876
0,1,1,1,0,0,0,0,1,1,0,0,0.64,0.4072271,0.42058617
0,0,0,1,0,0,0,0,0,0,0,0,0.61,0.344412,0.33420512
0,1,1,0,0,0,0,0,1,0,0,0,0.25,0.2968065,0.27244887
0,1,1,1,0,0,0,0,0,1,0,0,0.25,0.3036329,0.2861178
0,1,1,1,0,0,0,0,0,0,0,0,0.39,0.42688575,0.47003022
0,1,1,1,0,0,0,0,0,0,0,0,0.52,0.4688109,0.54756325
0,0,0,1,0,0,0,0,0,0,0,1,0.43,0.33955535,0.2646605
0,1,1,1,0,0,0,0,0,0,0,0,0.32,0.41551313,0.44959173
0,1,1,1,1,1,0,0,0,1,0,0,0.02,0.42049637,0.3297074
0,1,1,1,0,0,0,0,0,1,0,0,0.47,0.3113234,0.29575306
0,1,1,1,0,0,0,0,0,0,0,0,0.25,0.37221864,0.37838912
0,1,1,1,0,1,0,0,1,1,0,0,0.56,0.493474,0.5373836
0,0,1,1,0,0,0,0,0,0,0,1,1.0,0.4613275,0.48812276
0,1,1,1,0,0,1,0,0,0,0,0,0.28,0.49388963,0.58520687
0,0,1,1,0,0,0,0,0,0,0,1,0.12,0.32648152,0.27713683
1,1,1,1,0,1,0,0,0,0,0,0,0.44,0.344186,0.33068958
0,0,0,0,0,0,0,0,0,0,0,0,0.21,0.29321522,0.23116812
0,1,1,1,0,0,0,0,0,0,0,0,0.28,0.26908445,0.23900959
0,0,0,1,0,0,0,0,1,1,0,0,0.32,0.29424983,0.2570058
0,1,1,1,0,0,1,0,0,0,0,0,0.51,0.40231067,0.42171842
0,1,1,1,0,0,0,0,0,0,0,0,0.45,0.4320125,0.47943217
0,1,1,1,0,0,0,0,0,0,0,0,0.21,0.30254465,0.28072053
0,1,1,0,0,0,0,0,0,0,0,0,0.33,0.333406,0.3247146
0,1,1,1,0,0,0,0,0,0,0,0,0.33,0.33431166,0.3227468
0,1,1,1,0,0,0,0,0,0,0,0,0.51,0.3985322,0.42005238
0,1,1,1,0,0,0,0,0,0,0,0,0.47,0.4602684,0.5321686
0,0,0,0,0,0,0,0,0,0,0,0,0.28,0.32781762,0.2767209
0,1,1,0,0,0,0,0,0,0,0,0,0.4,0.4068541,0.44665518
0,1,1,1,0,0,0,0,0,0,0,0,0.3,0.3889672,0.40449414
0,1,1,1,0,0,0,0,0,0,0,0,0.6,0.45684558,0.5258763
0,1,1,1,0,0,0,0,0,0,0,0,0.33,0.63302624,0.74066186
0,1,1,1,0,0,0,0,0,0,0,0,0.55,0.4746055,0.5578002
0,1,1,1,1,0,0,0,1,0,0,0,0.65,0.47800463,0.54845256
0,0,1,0,0,1,1,0,0,0,0,0,0.23,0.32812765,0.28572744
0,1,1,1,0,0,1,0,0,0,0,0,0.46,0.40672025,0.4291033
0,1,1,1,0,0,0,1,0,0,0,0,1.0,0.62740964,0.7307743
0,1,1,1,0,0,0,0,0,0,0,0,0.46,0.34720534,0.3410696
0,1,1,1,0,1,0,0,0,0,0,0,0.53,0.3543387,0.3719356
0,0,0,1,0,0,0,0,0,0,0,1,1.0,0.44720143,0.4723978
0,1,1,1,0,0,1,0,0,0,0,0,0.21,0.2914346,0.26238054
0,1,1,1,0,0,0,0,0,0,0,0,0.32,0.34032038,0.3311683
0,1,1,0,0,0,0,1,0,0,1,0,0.26,0.27795324,0.22388598
0,1,1,1,0,0,0,0,1,0,0,0,0.21,0.29018727,0.27363607
0,0,1,1,0,0,0,0,0,0,0,0,0.57,0.34617424,0.3306781
0,1,1,1,0,0,0,0,1,1,0,0,0.56,0.3821941,0.38294396
0,0,1,1,0,0,0,0,0,0,0,1,0.46,0.37677172,0.34471974
0,1,1,1,0,0,0,0,0,0,0,0,0.41,0.40082788,0.42385292
0,1,1,1,0,0,0,0,0,0,0,0,0.18,0.28051788,0.2528411
0,1,1,1,0,0,0,0,0,0,0,0,0.41,0.7282742,0.8118227
0,0,1,1,0,0,0,0,1,1,0,1,0.39,0.49546537,0.5828729
0,1,1,1,0,0,0,0,0,0,0,0,0.41,0.40458766,0.43026972
0,1,1,1,0,0,0,0,0,0,0,0,0.34,0.306355,0.28565443
0,1,1,0,0,0,0,0,0,0,0,0,0.48,0.32294706,0.30848613
0,1,1,1,0,0,0,0,0,0,0,0,1.0,0.77049035,0.8337982
0,0,1,0,0,0,1,0,0,0,0,0,0.4,0.33104324,0.31695437
0,1,1,1,0,0,1,0,0,0,0,0,0.08,0.29818597,0.27079007
0,1,1,0,0,0,0,0,0,0,0,0,0.66,0.5187776,0.6493313
0,0,1,0,0,0,0,0,0,0,0,0,0.25,0.35944897,0.34958512
0,1,1,1,0,0,0,0,1,1,0,0,0.2,0.36147293,0.35301843
0,1,1,1,0,0,0,0,0,0,0,0,0.35,0.26458398,0.23386776
0,0,0,1,0,0,0,0,1,0,0,0,0.28,0.39348516,0.40918827
0,1,1,1,0,0,0,0,0,0,0,0,0.35,0.41146493,0.44235787
1,0,0,1,0,0,0,0,0,0,0,0,0.26,0.27640527,0.27462915
0,1,1,1,0,0,0,0,1,1,0,0,0.16,0.3137227,0.2916576
0,1,1,1,0,0,0,0,0,1,0,0,0.12,0.3488297,0.34581363
0,1,1,0,0,0,0,1,1,1,1,0,0.25,0.29296142,0.23265576
0,1,1,1,0,0,0,0,0,0,0,0,0.33,0.27579236,0.24701698
0,1,1,1,0,0,0,0,0,0,0,0,0.41,0.3587015,0.3579144
0,1,1,1,0,0,0,0,0,0,0,0,0.34,0.42328945,0.46355233
0,1,1,1,0,0,0,0,0,0,0,0,0.5,0.59227437,0.7036264
0,1,1,1,0,0,0,0,0,1,0,0,0.21,0.29802752,0.27915257
0,1,1,1,0,0,0,0,1,1,0,0,0.44,0.43100882,0.45737475
0,1,1,1,0,0,0,0,0,0,0,0,0.24,0.37810916,0.3874877
0,1,1,1,0,0,0,0,0,0,0,0,0.23,0.27590853,0.24715905
0,0,0,1,0,0,0,0,0,0,0,0,0.27,0.29628342,0.26831725
0,1,1,1,0,0,0,0,1,1,0,0,0.11,0.30949074,0.28652823
0,0,0,1,0,0,0,0,0,0,0,0,0.19,0.32744637,0.30889606
0,1,1,1,0,0,0,0,0,0,0,0,0.02,0.3811732,0.39225224
0,1,1,1,0,0,0,0,1,1,0,0,0.3,0.32728478,0.30836505
0,0,1,1,0,0,0,0,0,0,0,1,0.38,0.43073797,0.4303848
0,0,1,1,0,0,0,0,0,0,0,0,0.36,0.2982753,0.26421002
0,1,1,1,0,0,0,0,0,0,0,0,0.47,0.49142846,0.58521307
0,1,1,1,0,0,0,0,0,0,0,0,0.29,0.32206982,0.3063091
0,1,1,1,0,0,0,0,0,0,0,0,0.33,0.29099575,0.26597476
0,1,1,1,0,0,0,0,0,0,0,0,0.42,0.26589528,0.23533931
0,1,1,1,0,0,1,0,0,0,0,0,0.28,0.31286976,0.28997517
0,1,1,1,0,0,0,0,1,1,0,0,0.22,0.41335544,0.42988172
0,0,1,1,0,0,1,0,0,1,0,1,0.37,0.34549192,0.3747108
0,1,1,1,0,0,0,0,0,0,0,0,0.28,0.29123515,0.26627794
0,1,1,1,0,0,0,0,0,1,0,0,0.33,0.3087057,0.2924575
0,1,1,1,0,1,0,0,0,0,0,0,0.13,0.28856167,0.2937077
0,0,0,1,0,0,0,0,0,1,0,0,0.22,0.40023893,0.4101089
0,1,1,1,0,0,0,0,0,0,0,0,0.17,0.2706632,0.24084774
0,0,1,1,0,0,0,0,0,0,0,0,0.69,0.30977008,0.27901143
0,1,1,1,0,0,0,0,0,0,0,0,0.18,0.25676483,0.2255772
0,0,0,1,0,1,0,0,0,0,0,0,0.19,0.3271681,0.30368918
0,0,1,0,0,0,1,0,0,0,0,1,0.26,0.31919974,0.25348607
0,1,1,1,0,0,0,0,0,0,0,0,0.91,0.5957552,0.7066139
0,1,1,1,0,0,0,0,0,0,0,0,0.3,0.26814285,0.23791678
0,1,1,1,0,0,0,0,0,0,0,0,0.24,0.27862746,0.25050026
0,1,1,1,0,0,0,0,1,0,0,0,0.39,0.40748876,0.43328977
0,1,1,1,0,0,0,1,1,1,1,0,0.42,0.36433005,0.33909562
0,1,1,1,0,0,0,0,0,0,0,0,0.5,0.37927243,0.38929415
0,1,1,1,0,0,0,0,0,0,0,0,0.27,0.31520075,0.29720348
0,1,1,1,0,0,0,0,0,0,0,0,0.64,0.58886284,0.70071775
0,0,1,1,0,0,0,0,0,0,0,0,0.35,0.3509535,0.3376668
0,1,1,1,0,0,0,0,0,0,0,0,1.0,0.4370646,0.4887123
0,0,1,1,0,0,0,0,0,0,0,1,0.17,0.28434616,0.22793896
0,1,1,1,0,0,0,0,0,0,0,0,0.35,0.31843343,0.30147836
0,0,0,1,0,0,0,0,0,0,0,0,0.24,0.31390193,0.29032072
0,1,1,1,0,0,0,0,0,0,0,0,0.2,0.28719962,0.2611971
0,1,1,1,0,0,0,0,0,0,0,0,0.32,0.33233693,0.32004237
0,1,1,1,0,0,0,0,0,0,0,0,0.5,0.3368349,0.32624424
0,1,1,1,0,0,1,0,0,0,0,0,0.29,0.42777687,0.46543938
0,1,1,1,0,0,1,0,0,0,0,0,0.31,0.35078597,0.3424545
0,1,1,1,0,0,0,0,0,0,0,0,0.21,0.32639217,0.31203213
0,0,1,1,0,0,1,0,0,0,0,1,0.3,0.33462054,0.31722635
0,0,1,1,0,0,0,0,0,0,0,1,0.24,0.30870277,0.25555244
0,0,0,1,0,0,0,0,1,1,0,1,0.26,0.32421437,0.1916732
0,0,1,1,0,1,0,0,0,0,0,0,0.42,0.42855096,0.49142942
0,1,1,1,0,0,0,0,0,0,0,0,0.3,0.3854175,0.3988902
0,1,1,1,0,0,0,0,0,0,0,0,0.28,0.30362087,0.28210968
0,1,1,1,0,0,0,0,0,0,0,0,0.26,0.34552985,0.33864683
0,1,1,0,0,0,1,0,0,0,0,0,0.29,0.44812542,0.5310909
0,1,1,1,0,0,0,0,0,0,0,0,0.35,0.3430509,0.33507773
0,1,1,1,0,0,0,0,1,0,1,0,0.38,0.34596997,0.28705794
0,1,1,1,0,0,1,0,0,0,0,0,0.46,0.4073883,0.43025136
0,1,1,1,0,0,0,0,0,0,0,0,0.3,0.31178007,0.29271805
0,1,1,1,0,0,0,0,0,0,0,0,0.12,0.26919705,0.23914051
0,0,1,0,0,0,1,0,0,0,0,1,1.0,0.56660783,0.71707445
0,1,1,1,0,0,0,0,0,0,0,0,0.27,0.2822732,0.25502783
0,1,1,1,0,0,0,0,1,1,0,0,0.5,0.36276788,0.35484737
0,0,1,1,0,0,0,0,0,0,0,1,0.27,0.39214975,0.36714187
0,1,1,1,0,0,0,0,0,0,0,0,0.29,0.2409884,0.20984086
0,0,1,1,0,0,0,0,0,0,0,0,0.22,0.31715053,0.2889799
0,1,1,1,0,0,0,0,0,0,0,0,0.27,0.32082585,0.30465943
0,1,1,1,0,0,1,0,0,0,0,0,0.81,0.4574821,0.5190736
0,1,1,1,0,0,0,0,1,1,0,0,0.42,0.41607976,0.4340197
0,1,1,1,0,0,0,0,0,0,0,0,0.23,0.2869932,0.26093888
0,1,1,1,0,0,0,0,0,0,0,0,0.49,0.31358224,0.2950763
0,1,1,1,0,0,0,0,0,0,0,0,0.73,0.7365214,0.81660306
0,1,1,1,0,0,0,0,0,0,0,0,0.42,0.42758465,0.47130528
0,1,1,1,0,0,0,0,0,0,0,0,1.0,0.55504,0.66816324
0,1,1,0,0,0,0,0,0,0,0,0,0.41,0.3570153,0.3630536
0,0,1,1,0,0,0,0,0,0,0,0,0.6,0.4822548,0.53647375
0,1,1,1,0,0,1,0,0,0,0,0,0.23,0.3216849,0.30184168
0,0,1,1,0,0,0,0,1,1,0,1,0.26,0.41112226,0.42488423
0,1,1,1,0,0,0,0,0,0,0,0,0.27,0.32448062,0.30949488
0,1,1,1,0,0,0,0,0,0,0,0,0.19,0.28615957,0.25989217
0,1,1,1,0,0,0,0,0,0,0,0,1.0,0.7563418,0.8269744
0,1,1,1,0,0,0,0,0,0,0,0,0.27,0.2673334,0.23698011
0,0,0,1,0,0,0,0,0,0,0,0,0.53,0.573756,0.68656844
0,1,1,1,0,1,0,0,0,0,0,0,0.53,0.46968356,0.5393313
0,1,1,1,0,0,0,0,0,0,0,0,0.2,0.34032363,0.33117294
0,1,1,0,0,0,1,1,0,0,0,0,0.27,0.3263497,0.32457334
0,1,1,1,0,0,0,0,0,0,0,0,0.37,0.51554763,0.61955607
0,1,1,1,0,0,0,0,0,0,0,0,0.19,0.31377363,0.29532737
0,0,1,1,0,0,0,0,0,0,0,0,0.53,0.5186125,0.5928042
0,1,1,1,0,0,0,0,0,0,0,0,0.35,0.3532769,0.34991878
0,1,1,1,0,0,0,0,0,0,0,0,0.22,0.25893873,0.22779508
0,0,1,1,0,0,0,0,1,1,0,1,0.32,0.35212117,0.3389275
0,1,1,0,0,0,0,1,0,0,1,0,0.34,0.33729297,0.30224285
0,1,1,0,0,0,0,1,0,0,1,0,0.36,0.2838825,0.2305748
0,1,1,0,0,0,1,0,0,0,0,0,0.39,0.35765308,0.3565262
0,0,0,1,0,0,0,0,0,0,0,0,0.66,0.41642871,0.4616962
0,1,1,1,0,0,0,0,0,0,0,0,1.0,0.516772,0.62118524
0,1,1,1,0,0,0,0,0,1,0,0,0.3,0.2882549,0.267343
0,1,1,1,0,0,0,0,0,0,0,0,0.42,0.6161185,0.7250044
0,1,1,1,0,0,0,0,0,0,0,0,0.31,0.30943337,0.2896593
0,1,1,1,0,0,1,0,0,0,0,0,0.34,0.29239696,0.2635725
0,1,1,1,0,1,0,0,0,0,0,0,0.31,0.28804648,0.29314175
0,0,1,1,0,0,1,0,0,0,0,0,0.43,0.37087065,0.38750097
0,1,1,1,0,0,0,0,0,0,0,0,0.22,0.3157037,0.29786634
0,1,1,1,0,0,0,0,0,0,0,0,0.5,0.42358756,0.46408883
0,0,0,1,0,0,1,0,0,0,0,0,0.32,0.30827677,0.29886967
0,1,1,1,0,1,0,0,0,0,0,0,0.13,0.30864167,0.31656483
0,1,1,1,0,0,0,0,0,0,0,0,0.36,0.5981939,0.7087061
0,0,1,1,0,0,0,0,0,0,0,0,0.58,0.41924772,0.43835458
0,1,1,1,0,0,0,0,0,0,0,0,0.85,0.5390135,0.6492423
0,1,1,1,0,0,0,0,0,1,0,0,0.56,0.410321,0.43817717
0,1,1,1,0,0,0,0,0,0,0,0,0.3,0.31211805,0.29315963
0,1,1,1,0,0,0,0,0,0,0,0,0.43,0.29839855,0.27540678
0,1,1,1,0,0,0,0,0,0,0,0,0.55,0.5272123,0.63455796
0,1,1,0,0,0,1,0,0,0,0,0,0.72,0.34985918,0.34393245
0,1,1,1,0,0,0,0,0,0,0,0,0.28,0.3977761,0.4188158
0,1,1,1,0,0,1,0,0,0,0,0,0.29,0.3572395,0.35192353
0,0,1,1,0,1,0,0,0,0,0,0,1.0,0.3852262,0.4296916
0,1,1,1,0,0,0,0,0,0,0,0,0.66,0.3977708,0.41880712
0,1,1,1,0,1,0,1,1,1,1,0,0.23,0.43273464,0.43819436
0,1,1,1,0,0,1,0,0,0,0,0,0.26,0.25430486,0.21973594
0,1,1,1,0,0,0,0,0,0,0,0,0.15,0.29995862,0.277399
0,1,1,1,0,0,1,0,0,0,0,0,0.33,0.30103794,0.2744044
0,1,1,1,0,0,0,0,0,0,0,0,0.71,0.47936693,0.5660393
0,0,0,1,0,0,0,0,0,0,0,0,0.37,0.3408146,0.3286463
0,1,1,1,0,0,1,1,0,0,0,0,0.59,0.36052123,0.37803757
0,1,1,1,0,0,0,0,0,0,0,0,0.71,0.43051514,0.47668323
0,1,1,1,0,0,0,0,0,0,0,0,0.2,0.33439103,0.32285577
0,1,1,1,0,0,0,0,0,0,0,0,0.23,0.25495026,0.22373831
0,1,1,1,0,0,0,0,1,1,0,0,0.34,0.3912909,0.39646193
0,1,1,1,0,0,0,0,1,1,0,0,0.32,0.38946033,0.3937154
0,1,1,1,0,0,0,0,0,0,0,0,0.38,0.3147661,0.29663137
0,1,1,1,0,0,0,0,1,1,0,0,0.08,0.3047424,0.28081557
0,1,1,1,0,1,0,0,0,0,0,0,0.34,0.38741058,0.41431922
0,1,1,1,0,0,0,0,1,1,0,0,1.0,0.63010114,0.7317163
0,1,1,1,0,0,0,0,0,0,0,0,0.41,0.40486598,0.4307502
0,0,1,1,0,0,0,0,1,1,0,1,0.53,0.35555944,0.34348932
0,0,1,1,0,0,0,0,0,0,0,1,0.25,0.30073023,0.24625286
0,1,1,1,0,0,0,0,0,0,0,0,0.18,0.29569796,0.27195886
0,0,1,1,0,0,0,0,1,1,0,1,0.71,0.45327622,0.50177515
0,1,1,1,0,1,0,0,1,0,0,0,0.35,0.34341654,0.34224087
0,0,0,1,0,0,0,0,0,0,0,0,0.33,0.45256743,0.5321275
0,0,0,0,0,0,1,0,0,0,0,0,0.21,0.266463,0.20869184
0,0,1,1,0,0,0,0,1,1,0,1,0.22,0.3544764,0.34204918
0,1,1,1,0,1,0,0,0,0,0,0,0.31,0.40335995,0.4369561
0,0,0,1,0,0,0,0,0,0,0,0,1.0,0.5856287,0.69716084
0,1,1,1,0,1,0,0,1,1,0,0,0.19,0.35617977,0.34511787
0,0,0,1,0,0,0,0,1,0,0,0,0.03,0.29374295,0.26427126
0,1,1,1,0,0,0,0,1,1,0,0,0.25,0.26855648,0.24193852
0,1,1,1,0,0,0,0,0,0,0,0,0.4,0.35657826,0.354775
0,1,1,1,0,0,0,0,1,1,0,0,0.19,0.46569356,0.5170342
0,1,1,0,0,0,0,1,0,1,1,0,0.42,0.41074,0.4417563
0,1,1,1,0,0,0,0,0,0,0,0,0.16,0.2511355,0.21990001
0,1,1,1,0,0,0,0,0,0,0,0,0.3,0.3405835,0.33154398
0,0,0,0,0,0,1,0,0,0,0,0,0.36,0.27469748,0.2179226
0,1,1,1,0,0,0,0,0,0,0,0,0.19,0.26927188,0.23922753
0,1,1,1,0,0,0,1,0,0,0,0,0.37,0.45598078,0.4828694
0,1,1,1,0,0,0,0,0,0,0,0,0.07,0.60740364,0.71694493
0,1,1,1,0,0,0,0,0,0,0,0,0.5,0.29393706,0.26971143
0,1,1,1,0,0,0,0,0,0,0,0,0.39,0.30723518,0.28679952
0,0,1,1,0,0,0,0,1,1,0,0,0.27,0.29289007,0.25859314
0,1,1,1,0,0,0,0,0,0,0,0,0.36,0.3471019,0.3409198
0,0,0,1,0,0,0,0,0,0,0,0,0.45,0.41197506,0.4529082
0,1,1,1,0,0,0,0,0,0,0,0,1.0,0.6654128,0.7682604
0,1,1,1,0,0,0,0,1,1,0,0,0.46,0.42726287,0.4514056
0,1,1,1,0,0,0,1,0,0,0,0,0.75,0.49532065,0.5530896
0,1,1,0,0,0,0,1,0,0,0,0,0.48,0.4809309,0.62576354
0,1,1,1,0,0,0,0,1,0,0,0,0.34,0.54187065,0.60484266
0,1,1,1,0,0,0,0,0,0,0,0,0.31,0.2744979,0.24543937
0,0,0,1,0,0,0,0,0,0,0,0,0.31,0.34323308,0.33236554
1,1,1,1,0,0,0,0,0,0,0,0,0.17,0.28506035,0.2697081
0,1,1,1,0,0,0,0,0,0,0,0,0.05,0.2625354,0.23160991
0,1,1,1,0,0,0,0,1,1,0,0,0.32,0.29116988,0.2655146
0,1,1,1,0,0,0,0,1,0,0,0,0.36,0.44364938,0.48897272
0,0,1,1,0,0,0,0,1,1,0,0,0.28,0.3949233,0.39075318
0,1,1,1,0,0,0,0,0,0,0,0,0.42,0.3999262,0.42234668
0,1,1,0,0,0,1,0,0,0,0,0,0.21,0.35802156,0.357155
0,1,1,1,0,0,0,0,0,0,0,0,0.49,0.3604855,0.3605618
0,1,1,1,0,0,0,0,0,0,0,0,0.08,0.22554044,0.19523908
0,1,1,1,0,0,0,0,0,0,0,0,0.22,0.2965709,0.27307737
0,0,1,1,0,0,1,0,0,0,0,1,0.35,0.30861825,0.2819338
0,1,1,0,0,0,1,0,0,0,0,0,0.48,0.35403126,0.35054708
0,1,1,1,0,0,0,0,0,0,0,0,0.31,0.33010134,0.3169945
0,1,1,1,0,1,0,0,1,1,0,0,0.32,0.3775304,0.37220603
0,1,1,0,0,0,0,0,0,0,0,0,0.36,0.30017248,0.27555794
0,0,1,1,0,0,0,0,0,0,0,1,0.33,0.3339011,0.28647777
0,1,1,1,0,0,0,0,0,0,0,0,0.22,0.35280305,0.34922427
0,1,1,1,0,1,0,0,0,0,0,0,0.3,0.29753482,0.30368143
0,1,1,1,0,0,0,0,0,0,0,0,0.26,0.27953252,0.25161916
0,1,1,1,0,1,0,0,0,0,0,0,0.47,0.2978726,0.30406392
0,0,1,1,0,0,0,0,0,0,0,1,0.41,0.438718,0.44509238
0,0,1,0,0,0,0,0,1,0,0,0,0.36,0.28571522,0.26727515
0,1,1,1,0,0,0,0,0,0,0,0,0.45,0.4325251,0.48037353
0,1,1,1,0,0,0,0,1,1,0,0,0.4,0.48604432,0.55121744
0,1,1,1,0,0,0,0,0,0,0,0,0.35,0.3466414,0.34025323
1,1,1,1,0,0,0,0,0,0,0,0,0.63,0.33423194,0.33329847
0,1,1,1,0,0,0,0,0,0,0,0,0.18,0.40871564,0.43748125
0,1,1,1,0,0,0,0,1,1,0,0,0.3,0.3613201,0.35280377
0,1,1,1,0,0,0,0,0,0,0,0,0.03,0.384902,0.39807922
0,0,1,1,0,0,0,0,0,0,0,0,0.73,0.5716747,0.658686
0,1,1,1,0,0,0,0,0,0,0,0,0.21,0.30783963,0.2875849
0,1,1,1,0,0,0,0,0,0,0,0,0.43,0.33257234,0.32036415
0,0,0,1,0,0,0,0,0,0,0,0,0.27,0.2925771,0.26397166
0,1,1,1,0,0,0,0,0,0,0,0,0.78,0.7071161,0.798765
0,1,1,1,0,0,1,0,0,0,0,0,0.08,0.3639152,0.36184812
0,1,1,0,0,1,0,1,0,0,1,0,0.26,0.39613158,0.38108382
0,1,1,1,0,0,0,0,1,0,0,0,0.41,0.4541011,0.50455904
0,1,1,1,0,0,1,0,0,0,1,0,0.38,0.36508417,0.33729348
0,0,1,1,0,0,0,0,0,0,0,0,0.05,0.3859257,0.38833115
0,1,1,1,0,0,0,0,0,0,0,0,0.49,0.7602675,0.8289196
0,1,1,1,0,0,0,0,0,0,0,0,0.23,0.3429079,0.33487242
0,1,1,0,0,0,0,0,1,0,0,0,0.39,0.3322826,0.31771857
0,1,1,1,0,0,0,0,0,0,0,0,0.54,0.48120874,0.56915605
0,0,1,1,0,0,0,0,0,0,0,1,0.28,0.33017662,0.28176624
0,1,1,1,0,0,0,0,1,1,0,0,0.21,0.31948313,0.29870275
0,1,1,1,0,1,0,0,0,0,0,0,0.34,0.35831428,0.37687653
0,0,1,1,0,0,0,0,0,0,0,0,0.38,0.5072915,0.5757653
0,1,1,1,0,0,1,0,0,0,0,0,0.22,0.35554737,0.34942475
0,1,1,1,0,0,0,0,0,0,0,0,0.23,0.2934454,0.26908606
0,1,1,1,0,0,1,0,0,0,0,0,0.24,0.38424456,0.3931026
0,1,1,1,0,0,0,1,0,0,1,0,0.04,0.5358727,0.60742074
0,1,1,1,0,0,0,0,0,0,0,0,0.17,0.25994718,0.22883292
0,1,1,0,0,0,0,0,0,0,0,0,0.37,0.37366062,0.39069095
0,1,1,1,0,0,0,0,1,1,0,0,0.58,0.32555145,0.30620444
0,1,1,1,0,0,0,0,0,0,0,0,0.64,0.4948493,0.5903366
0,1,1,1,0,0,0,0,1,1,0,0,0.25,0.33608937,0.319454
0,0,0,1,0,0,0,0,0,1,0,0,0.26,0.41003934,0.42871475
0,1,1,1,0,0,0,0,1,1,0,0,0.23,0.3370839,0.3207199
0,1,1,1,0,0,0,0,0,0,0,0,1.0,0.5859637,0.6982014
0,0,1,1,0,0,0,0,0,1,0,1,0.23,0.26562646,0.23687375
0,1,1,1,0,0,0,0,0,0,0,0,0.33,0.3095213,0.289774
0,1,1,1,0,0,1,0,0,0,0,0,0.29,0.272453,0.23993257
0,0,1,1,0,0,0,0,0,0,0,1,0.27,0.28056437,0.2238703
0,1,1,1,0,0,0,0,0,0,0,0,0.18,0.2706788,0.2408659
0,0,1,0,0,0,0,0,0,0,0,0,0.25,0.34402993,0.32706976
0,1,1,1,0,0,0,0,1,1,0,0,0.48,0.36099932,0.35235685
0,0,1,1,0,0,1,0,0,0,0,1,0.32,0.40960956,0.43308473
0,1,1,0,0,0,1,0,0,0,0,0,0.24,0.37595654,0.3883459
0,1,1,1,0,0,0,0,0,0,0,0,0.25,0.33505678,0.32377684
0,1,1,1,0,0,1,0,0,1,0,0,0.33,0.4186488,0.43908843
0,1,1,1,0,0,0,0,0,0,0,0,0.25,0.3053421,0.28433913
0,1,1,1,0,0,0,0,1,1,0,0,0.4,0.40952063,0.42407364
0,0,0,1,0,1,0,0,0,0,0,0,0.23,0.3063637,0.28299785
0,0,1,1,0,0,0,0,1,1,0,1,0.4,0.42454538,0.44824272
0,1,1,1,0,0,0,0,0,0,0,0,0.23,0.28220707,0.2549452
0,1,1,1,0,0,0,0,0,0,0,0,0.36,0.2992176,0.27645162
0,1,1,1,0,0,0,0,0,0,1,0,0.03,0.37691236,0.38259983
0,0,1,0,0,0,0,0,0,1,0,0,0.42,0.35799068,0.329698
0,0,1,0,0,0,1,0,0,0,0,0,0.41,0.32996973,0.31536222
0,1,1,1,0,0,0,0,0,0,0,0,0.23,0.30431896,0.28301302
0,1,1,1,1,0,0,0,1,0,0,0,0.41,0.34371644,0.3359809
0,1,1,1,0,0,0,0,0,0,0,0,0.38,0.31840616,0.30144218
0,1,1,1,0,0,0,0,0,0,0,0,0.32,0.36987695,0.37479544
0,1,1,1,0,0,0,0,1,1,0,0,1.0,0.34594697,0.3321177
0,1,1,1,0,0,0,0,0,0,0,0,0.23,0.28553122,0.2591036
0,1,1,1,0,0,0,0,0,0,1,0,0.19,0.30621353,0.2772146
0,1,1,1,0,1,0,1,0,0,1,0,0.11,0.34038666,0.37103176
0,1,1,0,0,0,1,1,0,1,1,0,0.42,0.3390749,0.3662008
0,1,1,1,0,0,0,0,1,1,0,0,0.26,0.3539361,0.34260327
0,1,1,1,0,0,0,0,0,0,0,0,0.4,0.36332712,0.3648174
0,0,0,1,0,0,0,0,0,0,0,0,0.33,0.43937215,0.50681865
0,0,0,1,0,0,0,0,0,0,0,0,0.32,0.3469197,0.33815703
0,0,1,1,0,0,1,0,0,0,0,1,0.22,0.3067492,0.27954182
0,1,1,1,0,1,0,0,0,0,0,0,0.57,0.5553471,0.64898336
0,0,1,1,0,0,0,0,0,0,0,1,0.03,0.3110293,0.25830996
0,1,1,1,0,0,1,0,0,0,0,0,0.26,0.33480915,0.31971285
0,1,1,1,0,0,0,0,1,1,0,0,0.31,0.32189035,0.3016675
0,1,1,1,0,0,0,0,0,0,0,0,0.3,0.27640346,0.24776502
0,1,1,1,0,1,0,0,0,0,0,0,0.28,0.28307638,0.28764215
0,1,1,1,0,0,0,0,0,0,0,0,0.3,0.32946324,0.3161324
0,1,1,1,0,0,0,0,0,0,0,0,0.03,0.4192884,0.4563597
0,1,1,1,1,0,0,0,0,0,0,0,0.87,0.6911751,0.8144962
0,1,1,1,0,0,0,0,1,0,0,0,0.41,0.3492723,0.3502181
0,0,1,1,0,0,1,0,0,0,0,1,0.28,0.267668,0.23248509
0,1,1,1,0,0,0,0,1,0,0,0,0.25,0.34786955,0.34831566
0,1,1,1,0,0,0,0,0,0,0,0,0.29,0.27576968,0.24698925
0,0,1,1,0,1,0,0,0,0,0,0,0.6,0.32459566,0.34417537
0,0,0,1,0,0,0,0,0,0,0,0,0.25,0.342171,0.33072415
0,1,1,1,0,0,0,0,0,0,0,0,0.26,0.26892272,0.23882166
0,1,1,1,0,0,1,0,0,0,0,0,0.26,0.31969938,0.29917905
0,1,1,1,0,1,0,1,0,0,1,0,0.83,0.5588995,0.69262916
0,0,0,1,0,0,0,0,0,0,0,0,0.29,0.35803452,0.35596722
0,1,1,0,0,0,1,0,0,0,0,0,0.7,0.48039037,0.59888023
0,1,1,1,0,0,0,0,0,0,0,0,0.16,0.29074794,0.26566115
0,1,1,1,0,0,0,0,0,0,0,0,0.24,0.2622251,0.2312756
1,1,1,1,0,0,0,0,0,0,0,0,0.97,0.449401,0.5093054
0,1,1,1,0,0,0,0,0,0,0,0,0.35,0.30734926,0.28694806
0,1,1,1,0,0,0,0,0,1,1,0,0.2,0.28826717,0.2734974
0,0,1,0,0,0,1,1,0,0,0,1,0.08,0.36596453,0.23574606
0,0,1,1,0,0,0,0,1,1,0,1,0.32,0.2912282,0.26451832
0,1,1,1,0,0,0,0,0,0,0,0,0.32,0.28901467,0.26347446
0,0,1,1,0,0,0,0,0,1,0,0,0.21,0.2794197,0.23002703
0,1,1,1,0,0,0,0,0,1,0,0,0.42,0.30180687,0.28383884
0,1,1,0,0,0,0,0,0,0,0,0,0.44,0.39652163,0.42886728
0,1,1,1,0,0,0,0,0,0,0,0,0.49,0.37207276,0.37816486
0,1,1,1,0,0,1,0,0,0,0,0,0.28,0.32512754,0.3064902
0,0,1,1,0,0,0,0,1,1,0,1,0.15,0.3083141,0.28452006
0,0,0,0,0,0,1,0,0,0,0,1,0.24,0.35957074,0.28512895
0,0,1,1,0,0,0,0,0,0,0,0,0.12,0.28201246,0.24484272
0,1,1,1,0,0,0,0,1,1,1,0,0.48,0.34121934,0.30987066
0,0,0,1,0,0,0,0,0,0,0,0,0.26,0.3766784,0.3870142
0,0,0,1,0,0,0,0,1,1,0,0,0.63,0.5452088,0.67842984
0,0,1,0,0,1,0,0,0,0,0,0,0.4,0.38390988,0.32434654
0,1,1,1,0,0,0,0,1,1,0,0,0.22,0.29275322,0.2672378
0,0,0,0,0,0,0,0,0,0,0,1,0.21,0.2961352,0.20350797
0,1,1,1,0,0,0,0,0,0,0,0,0.39,0.38585785,0.39958346
0,1,1,1,0,0,0,0,0,0,1,0,0.55,0.41612726,0.45175904
0,1,1,1,0,0,0,0,0,0,0,0,0.66,0.38233858,0.39406988
1,1,1,1,0,1,1,0,0,0,0,0,0.08,0.2781321,0.23247822
0,0,0,1,0,0,0,0,0,0,0,0,0.25,0.30973917,0.28491315
0,0,1,1,0,0,0,0,0,0,0,1,0.31,0.38850263,0.36172062
0,1,1,1,0,0,0,0,0,0,0,0,0.38,0.41484904,0.44840345
0,1,1,0,0,0,1,0,0,0,0,0,0.62,0.36245424,0.3647485
0,1,1,1,0,0,1,1,0,0,0,0,0.25,0.28223857,0.2708142
0,1,1,1,0,0,0,0,0,0,0,0,0.44,0.43320364,0.48161983
0,1,1,1,0,0,0,0,0,0,0,0,0.34,0.27153197,0.24186465
0,1,1,1,0,0,0,0,0,0,0,0,0.47,0.37173918,0.37765223
0,1,1,1,0,0,0,0,0,0,0,0,0.3,0.31223565,0.2933133
0,0,0,1,0,0,0,0,1,1,0,0,0.22,0.30850753,0.2736198
0,1,1,1,0,0,1,0,0,0,0,0,0.4,0.35638148,0.35065547
0,1,1,1,0,0,0,0,1,1,0,0,0.27,0.33452967,0.31747395
0,1,1,1,0,0,1,0,0,0,0,0,0.23,0.33701974,0.32278353
0,1,1,1,0,0,0,0,0,0,0,0,0.46,0.41676626,0.45183533
0,1,0,0,0,0,0,0,0,0,0,0,0.18,0.43100625,0.44095844
0,1,1,1,0,0,0,0,0,0,0,0,0.41,0.37616333,0.38447315
0,1,1,1,0,0,0,0,0,1,0,0,0.21,0.27945033,0.25713953
0,1,1,0,0,0,0,0,0,0,0,0,1.0,0.60593045,0.75583553
0,1,1,1,0,0,0,0,0,0,1,0,0.51,0.38286752,0.39269242
0,1,1,1,0,0,0,0,0,0,0,0,0.43,0.3611659,0.36157367
0,1,1,1,0,1,0,0,1,1,0,0,0.23,0.27453533,0.2528234
0,1,1,1,0,0,0,0,0,0,0,0,0.18,0.4152371,0.44909772
0,1,1,1,0,1,0,0,1,1,0,0,0.09,0.26937705,0.24769744
0,1,1,1,0,0,0,0,1,0,0,0,0.14,0.31554908,0.30535558
0,1,1,1,0,0,0,0,0,0,0,0,0.36,0.31890336,0.30210215
0,0,0,1,0,0,0,0,0,0,0,0,0.37,0.30388102,0.27760452
0,1,1,1,0,0,0,0,0,0,0,0,0.4,0.41529188,0.4491957
0,1,1,0,0,0,0,0,1,1,0,0,1.0,0.5108106,0.66367215
0,1,1,1,0,0,0,0,0,0,0,0,0.37,0.30392584,0.28250408
0,1,1,1,0,0,0,0,0,0,0,0,0.29,0.41446224,0.44771165
0,1,1,1,0,0,0,0,0,0,0,0,0.22,0.36177722,0.36248392
1,1,1,1,0,0,0,0,0,0,0,0,0.7,0.4255906,0.47316283
0,0,0,1,0,0,0,0,0,0,0,1,0.23,0.32064968,0.23905578
0,1,1,1,0,1,1,0,0,0,0,0,0.24,0.25495863,0.2592466
0,1,1,1,0,0,0,0,0,0,0,0,0.2,0.30575484,0.28487465
0,0,0,0,0,0,1,0,0,0,0,0,0.52,0.44466883,0.5419479
0,1,1,0,0,0,0,0,0,0,0,0,0.82,0.4259181,0.4808039
0,1,1,1,0,0,0,0,0,0,0,0,0.28,0.39002275,0.4062009
0,1,1,1,0,0,0,0,0,0,0,0,0.26,0.37393382,0.38102993
0,1,1,1,0,0,0,0,0,0,0,0,0.31,0.34830016,0.34265733
0,1,1,1,0,0,0,0,0,0,0,0,0.34,0.3342547,0.32266864
1,1,1,1,0,0,0,0,0,0,0,0,0.31,0.30650043,0.29634553
0,1,1,1,0,0,1,0,0,0,0,0,0.26,0.31249815,0.28947848
0,1,1,0,0,0,0,0,0,0,0,0,1.0,0.55741066,0.7061852
0,1,1,1,0,0,0,0,0,0,0,0,0.22,0.30538732,0.28439778
0,1,1,1,0,0,0,0,0,0,0,0,0.28,0.29818505,0.27513486
0,1,1,1,0,0,0,0,0,0,0,0,0.17,0.27143615,0.24175176
0,1,1,0,0,0,0,1,0,0,0,0,0.58,0.4104287,0.4837752
0,1,1,1,0,0,1,0,0,0,0,0,0.45,0.3731752,0.37576416
0,0,1,1,0,0,0,0,0,0,0,1,0.29,0.26363418,0.20653048
0,1,1,1,0,0,0,0,0,0,1,0,0.17,0.33610195,0.3192307
0,1,1,1,0,0,0,0,0,0,0,0,1.0,0.49026594,0.5834398
0,1,1,1,0,0,0,0,0,0,0,0,0.35,0.29976863,0.27715594
0,1,1,1,0,0,0,0,1,0,0,0,0.27,0.30100468,0.28684035
0,1,1,0,0,0,0,0,0,0,0,0,0.24,0.3414626,0.33762103
0,1,1,1,0,0,0,0,0,0,0,0,0.44,0.3738858,0.3809559
0,1,1,1,0,0,0,0,0,0,0,0,0.5,0.3539562,0.35091546
0,0,1,1,0,0,0,0,0,0,0,0,0.44,0.44054157,0.47143006
0,0,1,0,0,0,0,0,0,0,0,1,0.33,0.4325474,0.38976794
0,1,1,1,0,0,0,0,1,1,0,0,0.85,0.49834904,0.57021827
0,1,1,1,0,0,0,0,0,0,0,0,0.65,0.37564823,0.38367656
0,1,1,1,0,0,0,0,0,0,0,0,0.33,0.30535334,0.2843537
0,0,1,1,0,0,0,0,0,0,0,1,0.29,0.31145114,0.25881207
0,0,1,0,0,0,1,0,0,0,0,0,0.71,0.39786136,0.42155027
0,1,1,1,0,0,0,0,0,0,0,0,0.38,0.3296394,0.3163685
0,1,1,1,0,0,0,0,0,0,0,0,0.13,0.3910467,0.4078587
0,1,1,1,0,0,0,0,1,0,0,0,0.37,0.3335856,0.32909876
0,1,1,1,0,0,0,0,0,0,0,0,0.23,0.24863502,0.2173864
0,1,1,1,0,0,0,0,0,0,0,0,0.24,0.30892786,0.28900036
0,1,1,1,0,0,0,0,0,0,0,0,0.36,0.27876297,0.25066757
0,1,1,0,0,0,1,0,0,0,0,0,0.29,0.26351538,0.22918339
0,1,1,1,0,0,0,0,0,0,0,0,0.29,0.35528198,0.3528645
0,1,1,1,0,0,0,0,0,0,0,0,0.28,0.5620211,0.67565274
0,1,1,1,0,0,0,0,0,0,0,0,0.35,0.35976586,0.35949284
0,1,1,1,0,0,0,0,0,0,0,0,0.3,0.35069352,0.3461404
0,1,1,1,0,0,0,0,0,1,0,0,0.46,0.32346433,0.31127247
1,1,1,1,0,0,0,0,0,0,0,0,0.32,0.2919193,0.2780392
0,1,1,1,0,0,0,0,0,0,0,0,0.47,0.34372112,0.33604085
0,1,1,1,0,0,0,0,0,0,0,0,0.43,0.41285998,0.44484815
0,0,0,1,0,0,0,0,1,0,0,0,0.9,0.5472003,0.6682422
0,1,1,0,0,0,0,0,0,0,1,0,0.2,0.24260184,0.18552397
0,0,1,1,0,0,0,0,1,0,0,0,0.48,0.36276704,0.37018687
0,1,1,1,0,0,0,0,0,0,0,0,0.3,0.31851086,0.30158108
0,0,1,0,0,0,0,0,0,0,0,0,0.77,0.36504236,0.35781124
0,1,1,1,0,1,0,0,0,0,0,0,0.57,0.7014922,0.7785938
0,1,1,1,0,0,0,0,0,0,0,0,0.3,0.35972017,0.359425
0,0,0,1,0,0,0,0,0,0,1,0,0.22,0.34246108,0.29386288
0,1,1,1,0,1,0,0,0,0,0,0,0.21,0.32129157,0.3313748
0,0,0,0,0,0,1,0,0,0,0,0,0.46,0.40759793,0.4508625
0,1,1,1,0,0,0,0,0,0,0,0,0.37,0.3756628,0.3836991
0,1,1,1,0,0,0,0,1,1,0,0,0.34,0.420329,0.44050413
0,0,0,1,0,0,0,0,0,1,0,0,0.4,0.39590594,0.40193588
0,0,1,1,0,0,0,0,0,0,0,0,0.34,0.29687604,0.26249093
0,0,0,1,0,0,1,0,0,1,0,0,0.46,0.40170884,0.41152596
0,1,1,1,0,0,0,0,1,1,0,0,0.39,0.2987217,0.2738108
0,0,0,1,0,0,1,0,0,0,0,0,0.38,0.30355546,0.29227233
0,1,1,1,0,0,0,0,0,0,0,0,0.21,0.266946,0.23653272
0,0,0,1,0,0,0,0,0,0,0,0,1.0,0.51681703,0.63011473
0,1,1,1,0,0,0,0,0,0,0,0,0.61,0.58245033,0.6950755
0,0,1,1,0,0,0,0,0,0,0,1,0.15,0.30399388,0.25003156
0,1,1,1,0,0,0,0,0,0,0,0,0.53,0.39075848,0.40739185
0,0,1,1,0,0,0,0,1,1,0,1,0.36,0.48669752,0.5658561
0,0,1,1,0,1,0,0,0,0,0,1,0.28,0.35747972,0.36582246
0,1,1,1,0,0,0,0,0,0,0,0,0.35,0.39020878,0.40650192
0,1,1,1,0,0,0,0,1,1,0,0,0.32,0.28501868,0.2589141
0,0,0,1,0,0,0,0,0,0,0,0,0.18,0.2672515,0.23619087
0,1,1,1,0,1,0,0,1,1,0,0,0.31,0.3133155,0.29402727
0,1,1,1,0,0,0,0,0,0,0,0,0.43,0.2758511,0.24708879
0,0,1,1,0,0,0,0,0,0,0,0,0.84,0.6309851,0.71120036
0,0,0,1,0,0,0,0,0,0,0,0,0.2,0.29355538,0.26511192
0,1,1,1,0,0,0,0,0,0,0,0,0.29,0.2698828,0.23993888
0,1,1,1,0,0,0,0,0,1,0,0,0.52,0.45297065,0.5016545
1,1,1,1,0,0,0,0,0,0,0,0,0.17,0.34587818,0.3498439
0,1,1,1,0,0,0,0,0,0,0,0,0.38,0.35772353,0.3564669
0,1,1,1,0,1,0,0,0,0,0,0,0.32,0.3403433,0.35465145
0,1,1,1,0,0,0,0,0,1,0,0,0.36,0.33673626,0.32868075
0,1,1,1,0,0,0,0,0,0,0,0,0.19,0.28834492,0.26263264
0,1,1,1,0,0,0,0,0,0,0,0,0.19,0.40356022,0.42849725
0,1,1,1,0,0,0,0,0,0,0,0,0.28,0.3201237,0.3037241
0,1,1,1,0,0,0,1,0,0,1,0,0.48,0.5423988,0.6148769
0,1,1,0,1,0,1,0,0,0,0,0,0.3,0.34897915,0.33265477
0,1,1,1,0,0,0,0,1,1,0,0,0.46,0.33106294,0.3131059
0,1,1,1,0,0,0,0,1,1,0,0,0.31,0.32432044,0.30467516
0,1,1,1,0,0,0,0,0,0,0,0,1.0,0.6960924,0.79137456
0,1,1,1,0,0,1,0,0,0,0,0,0.28,0.3749226,0.37848017
0,1,1,1,0,0,0,0,0,0,1,0,0.33,0.34472546,0.331694
0,1,1,1,0,0,0,0,0,0,0,0,0.77,0.41520372,0.44903803
0,1,1,1,0,0,0,0,1,1,0,0,0.39,0.4469629,0.48458895
0,1,1,1,0,0,0,0,1,1,0,0,0.37,0.30863112,0.28549296
0,1,1,1,0,0,0,1,0,0,1,0,0.71,0.46784765,0.5228183
0,0,0,0,0,0,0,0,0,0,0,0,0.53,0.3626183,0.33081996
0,1,1,1,0,0,0,0,0,0,0,0,0.29,0.30053303,0.27813476
0,1,1,1,0,0,0,0,0,0,0,0,0.86,0.439444,0.49310607
0,0,0,1,0,0,0,0,0,0,0,0,0.39,0.32980055,0.3122412
0,0,0,1,0,0,0,0,1,1,0,0,0.31,0.32382286,0.2931212
0,1,1,1,0,0,0,0,0,0,0,0,0.3,0.3711687,0.37677616
0,1,1,1,0,1,0,0,1,1,0,0,0.22,0.31908244,0.3005377
0,0,0,0,0,0,0,0,0,0,0,0,0.35,0.35612863,0.31993166
0,1,1,1,0,0,0,0,0,0,0,0,0.57,0.36735263,0.37093693
0,1,1,1,0,0,0,0,0,0,0,0,0.3,0.28434426,0.25761828
0,1,1,1,0,0,0,0,0,0,0,0,0.41,0.43773445,0.48994058
0,1,1,0,0,0,1,0,0,0,0,0,0.65,0.4627696,0.56223524
0,1,1,1,0,0,0,0,0,0,0,0,0.29,0.3431975,0.33528826
0,0,0,0,0,1,0,0,0,0,0,1,0.46,0.30717143,0.27534863
0,1,1,1,0,0,0,0,0,0,0,0,0.32,0.39489684,0.41411638
0,0,1,1,0,0,0,0,0,0,0,0,0.16,0.27402323,0.2361486
0,1,1,1,0,0,0,0,0,0,0,0,0.6,0.50873464,0.6102003
0,1,1,1,0,0,0,0,0,0,0,0,0.32,0.3647407,0.3669615
0,0,1,1,0,0,0,0,0,0,0,0,1.0,0.8184212,0.8315768
0,1,1,1,0,0,0,0,0,0,0,0,0.24,0.31321174,0.2945906
0,1,1,1,0,0,0,0,0,0,0,0,0.3,0.30809277,0.28791377
0,0,1,1,0,0,0,0,0,0,0,0,0.12,0.33500075,0.3143807
0,1,1,1,0,1,0,0,0,0,0,0,0.64,0.32975262,0.34169307
0,1,1,1,0,0,0,0,1,0,1,0,0.36,0.3610342,0.3042046
0,1,1,0,0,0,1,0,0,0,1,0,0.04,0.42909724,0.41161132
0,1,1,1,0,0,0,0,1,1,0,0,0.57,0.6115874,0.7120703
0,1,1,0,0,0,1,1,0,0,1,0,0.32,0.37897202,0.33821216
0,1,1,1,0,1,0,0,0,0,1,0,0.33,0.4474171,0.52394354
0,1,1,0,0,0,0,1,0,0,1,0,0.57,0.41327015,0.43243724
0,1,1,1,0,0,0,0,0,0,0,0,0.51,0.424709,0.46610793
0,1,1,1,0,0,0,0,0,0,0,0,0.36,0.35464174,0.3519226
0,1,1,1,0,0,0,0,1,0,0,0,0.86,0.6676989,0.724295
0,1,1,1,0,0,0,0,0,0,0,0,0.12,0.28099078,0.25342897
0,1,1,1,0,0,0,0,0,0,0,0,0.1,0.40424004,0.4296698
0,1,1,1,0,1,0,0,0,0,0,0,0.36,0.39193788,0.42068726
0,1,1,1,0,0,0,0,0,0,1,0,0.88,0.48310465,0.5656449
0,1,1,1,0,0,0,0,0,0,0,0,0.27,0.32765982,0.31372103
0,1,1,1,0,0,0,0,0,0,0,0,0.21,0.34166604,0.33309206
0,1,1,1,0,0,0,0,0,0,0,0,0.72,0.44622928,0.5058716
0,0,0,1,0,0,0,0,0,0,0,0,0.63,0.47998172,0.58172554
0,1,1,1,0,0,1,0,0,0,0,0,0.24,0.2699321,0.23705247
1,1,1,1,0,0,0,0,0,0,0,0,0.71,0.45825562,0.5217892
0,0,1,1,0,0,0,0,0,1,0,0,0.27,0.3002378,0.25129315
0,0,1,1,0,0,0,0,1,1,0,1,0.38,0.39220905,0.39565277
0,1,1,1,0,0,0,0,0,0,1,0,0.53,0.3924007,0.40937534
0,1,1,1,0,0,1,0,0,1,0,0,1.0,0.73259217,0.84050065
0,0,0,1,0,0,0,0,0,0,0,0,0.33,0.3615306,0.36166358
0,1,1,1,0,0,0,0,0,0,0,0,0.46,0.3382536,0.3282246
0,1,1,1,0,0,0,0,0,0,0,0,0.38,0.33321947,0.32124954
0,1,1,1,0,0,0,0,0,0,0,0,0.35,0.33081752,0.31796917
0,1,1,1,0,0,0,0,1,1,0,0,0.11,0.36544007,0.358635
0,1,1,1,0,1,0,0,0,0,0,0,0.14,0.31308383,0.32173133
0,1,1,1,0,1,0,0,0,1,0,0,0.19,0.28494787,0.252374
0,0,0,1,0,0,0,0,0,0,0,0,0.48,0.45938164,0.5449776
0,1,1,1,0,0,0,0,1,1,0,0,0.18,0.3350872,0.318181
0,1,1,1,0,0,0,0,0,0,0,0,0.08,0.71721935,0.8051518
0,1,1,1,0,0,0,0,1,1,1,0,0.36,0.37790775,0.35762176
0,0,0,1,0,0,0,0,0,0,0,0,0.28,0.3449301,0.33501655
0,1,1,1,0,0,1,0,0,0,0,0,0.15,0.2845798,0.25408345
0,1,1,1,0,0,0,0,0,0,1,0,0.34,0.32276124,0.30024162
0,1,1,1,0,0,0,0,1,1,0,0,0.18,0.30380565,0.27969575
0,1,1,0,0,0,1,0,0,1,0,0,0.45,0.66308707,0.82214916
0,1,1,0,0,0,1,0,0,0,0,0,0.6,0.43562537,0.5046684
0,1,1,1,0,0,0,0,0,0,0,0,0.25,0.29027635,0.26506504
0,1,1,0,0,0,0,0,0,0,0,0,0.31,0.3690136,0.38297412
0,1,1,1,0,0,0,0,0,0,0,0,0.37,0.4311939,0.4779292
0,1,1,1,0,0,0,0,0,0,0,0,0.31,0.2979311,0.2748116
0,1,1,1,0,1,0,0,0,0,0,0,0.36,0.54715717,0.64025795
0,0,1,1,0,0,0,0,0,0,0,1,0.31,0.31702948,0.26551214
0,1,1,1,0,0,0,0,0,0,0,0,0.2,0.29279178,0.26825416
0,1,1,1,0,0,1,0,0,0,0,0,0.69,0.39966947,0.41741246
0,1,1,1,0,0,0,0,0,1,0,0,0.28,0.29851294,0.27975398
0,1,1,1,0,1,0,0,0,0,0,0,0.53,0.4773279,0.5512429
0,1,1,1,0,1,0,0,0,0,0,0,0.87,0.4872074,0.56588864
0,1,1,1,0,0,0,0,0,0,0,0,0.31,0.32134908,0.30535743
0,1,1,1,0,0,0,0,0,0,0,0,0.68,0.41984028,0.4573508
0,1,1,1,0,0,0,0,0,0,0,0,0.37,0.3498749,0.3449472
0,1,1,1,0,1,0,0,0,0,0,0,0.34,0.4263955,0.47123438
0,1,1,1,0,0,0,0,0,0,0,0,0.36,0.45467392,0.5218439
0,0,0,1,0,0,1,0,0,0,0,0,0.23,0.25978965,0.23661187
0,1,1,0,0,0,0,0,0,0,0,0,0.03,0.4473211,0.51927245
0,1,1,1,0,0,0,0,0,0,0,0,0.13,0.33335277,0.32143205
0,1,1,1,0,0,0,0,0,0,0,0,0.61,0.5666417,0.6803678
0,1,1,1,0,0,0,0,0,0,0,0,0.71,0.4649849,0.54071265
0,1,1,1,0,0,0,0,1,1,0,0,0.53,0.35677207,0.34649518
0,1,1,1,0,0,0,0,0,0,0,0,0.22,0.28826198,0.26252848
0,1,1,1,0,0,0,0,0,0,0,0,0.02,0.3627668,0.36396903
0,1,1,1,0,0,0,0,1,1,0,0,0.31,0.31551105,0.29384133
0,1,1,1,0,0,0,0,0,1,0,0,0.44,0.44842783,0.49479127
0,1,1,1,0,0,0,0,0,0,0,0,0.06,0.41658992,0.45151955
0,1,1,1,0,0,0,0,0,0,0,0,0.58,0.32489735,0.31004703
0,1,1,1,0,0,0,0,0,0,0,0,0.32,0.27720186,0.24874464
0,1,1,1,0,0,0,0,0,0,0,0,0.31,0.34388393,0.336275
0,0,1,1,0,0,0,0,1,1,0,1,0.52,0.4511587,0.49776268
0,1,1,1,0,0,0,0,0,0,0,0,1.0,0.6979825,0.7926733
0,1,1,1,0,0,0,0,0,0,0,0,0.31,0.28667393,0.26053888
0,1,1,0,0,0,0,0,0,0,0,0,0.37,0.31036562,0.2898366
0,0,1,1,0,0,0,0,1,0,0,1,0.28,0.32021362,0.28356224
0,1,1,1,0,0,0,0,0,0,0,0,0.32,0.28769785,0.26182094
0,1,1,1,0,0,0,0,0,0,0,0,0.31,0.2823015,0.25506318
0,1,1,1,0,0,0,0,0,0,0,0,0.35,0.36148387,0.362047
0,0,1,0,0,0,1,0,1,0,0,0,0.91,0.5517737,0.68111396
0,1,1,1,0,0,0,0,0,0,0,0,0.31,0.3338059,0.322053
0,1,1,1,0,0,1,0,0,0,0,0,0.32,0.32766575,0.30992898
0,1,1,1,0,0,0,0,0,0,0,0,0.31,0.38771373,0.4025094
0,1,1,1,0,0,0,0,0,0,1,0,0.12,0.2619273,0.22253597
0,1,1,1,0,0,0,0,0,0,0,0,0.17,0.26994643,0.24001305
0,1,1,0,0,0,1,0,0,1,0,0,0.34,0.37630805,0.41529447
0,1,1,1,0,0,0,0,0,0,0,0,0.28,0.3007369,0.27839625
0,1,1,1,0,0,0,0,0,0,0,0,0.25,0.29196528,0.26720372
0,1,1,1,0,0,0,0,0,1,1,0,0.34,0.311733,0.30045694
0,1,1,1,0,0,0,0,0,0,0,0,0.31,0.29795605,0.27484336
0,1,1,1,0,0,0,0,0,0,0,0,0.37,0.34994233,0.3450454
0,0,0,0,0,1,1,0,0,0,0,0,0.26,0.36141628,0.31145874
0,0,1,0,0,0,0,0,0,0,0,1,0.45,0.33301935,0.2541392
0,1,1,1,0,0,0,0,0,0,0,0,0.28,0.35323867,0.34986272
0,1,1,1,0,0,0,0,0,0,0,0,0.87,0.68724537,0.7850921
0,1,1,1,0,0,0,0,0,0,0,0,0.25,0.33750004,0.32716972
0,1,1,1,0,0,0,0,1,0,0,0,0.41,0.29337353,0.27746868
0,1,1,1,0,0,0,0,0,0,0,0,0.42,0.28076857,0.25315264
0,1,1,1,0,0,0,0,0,0,0,0,0.74,0.48904926,0.58157665
0,1,1,1,0,0,0,0,1,1,0,0,0.22,0.31386304,0.29182863
0,1,1,0,0,0,0,0,1,1,0,0,0.56,0.33056718,0.3239276
0,1,1,1,0,0,0,0,0,1,0,0,0.17,0.28945595,0.26876986
1,1,1,1,0,0,0,0,0,0,0,0,0.21,0.40073213,0.4333467
0,1,1,1,0,0,0,0,0,0,0,0,0.3,0.27989975,0.25207406
0,0,1,0,0,0,0,0,0,0,0,0,0.19,0.31660864,0.28946957
0,0,0,1,0,0,0,0,0,0,0,0,0.62,0.31485406,0.2915944
0,0,1,0,0,0,0,0,0,0,0,1,0.27,0.33011648,0.25066137
0,1,1,0,0,0,0,0,0,0,0,0,0.66,0.38940433,0.4169593
0,0,0,1,0,0,0,0,0,0,0,0,0.39,0.42783284,0.48426804
0,1,1,1,0,0,0,0,0,0,0,0,0.2,0.32532024,0.31060794
0,1,1,1,0,0,0,0,0,0,0,0,0.54,0.4525531,0.51786137
0,0,1,0,0,0,1,0,0,0,0,0,0.47,0.36206526,0.36470574
0,0,0,1,0,0,0,0,1,1,0,0,0.4,0.4241702,0.46107584
0,1,1,1,0,0,1,0,0,0,0,0,0.38,0.37541705,0.37925
0,1,1,1,0,0,0,0,1,1,0,0,0.17,0.30755067,0.28418908
0,0,1,1,0,0,0,0,0,0,0,1,0.48,0.35486323,0.3142187
0,0,0,0,0,0,0,0,0,0,0,0,0.24,0.3535723,0.31575626
0,1,1,1,0,0,0,0,0,1,0,0,0.23,0.34595793,0.34171692
0,1,1,1,0,0,0,0,1,0,0,0,0.46,0.6021101,0.6611278
0,1,1,1,0,0,0,0,1,1,0,0,0.34,0.38662854,0.38948745
1,1,1,1,0,0,0,0,0,0,0,0,0.33,0.26627904,0.24833779
0,1,1,1,0,0,0,0,0,0,0,0,0.66,0.3665182,0.36966506
0,0,0,1,0,0,0,0,0,0,0,0,0.49,0.30441713,0.27826864
0,1,1,0,0,0,1,0,0,0,0,0,0.31,0.36736006,0.3732285
0,0,1,1,0,0,0,0,0,0,0,1,0.32,0.32244578,0.27213156
0,0,1,1,0,0,0,0,0,0,0,1,0.51,0.38881895,0.36218944
0,0,1,1,0,0,0,0,0,0,0,1,0.41,0.3878734,0.36078885
0,1,1,1,0,0,0,0,0,0,0,0,0.13,0.27883583,0.25075755
0,1,1,1,0,0,0,0,0,0,0,0,0.39,0.37252206,0.37885576
0,0,1,1,0,0,0,0,0,0,0,0,0.37,0.3075133,0.27604473
0,1,1,0,0,0,1,0,1,0,0,0,0.19,0.31699213,0.28218868
0,0,1,1,0,0,0,0,0,0,0,0,0.26,0.375338,0.3730553
0,1,1,1,0,1,0,0,0,0,0,0,0.68,0.38783953,0.41492242
0,0,0,1,0,0,0,0,0,0,0,0,0.26,0.24228676,0.21252735
0,1,1,1,0,0,0,0,1,1,0,0,0.28,0.30749154,0.28411782
0,1,1,1,0,0,0,0,0,0,0,0,0.4,0.29360062,0.26928335
0,0,1,1,1,0,0,0,0,0,0,1,0.28,0.2980334,0.33616155
0,0,1,1,0,0,0,0,0,0,0,1,0.22,0.3098773,0.25694215
0,0,0,1,0,0,0,0,0,0,0,0,0.61,0.35620475,0.35299748
0,1,1,1,0,1,0,0,0,0,0,0,0.73,0.40011662,0.4322905
0,0,0,0,0,0,1,0,0,0,0,0,0.38,0.39019156,0.4091417
0,1,1,1,0,0,0,0,1,1,0,0,0.3,0.349747,0.33707702
0,1,1,1,0,0,0,0,0,0,0,0,0.29,0.34909764,0.34381604
0,0,0,0,0,0,0,0,0,0,0,1,0.81,0.5351006,0.6375652
0,1,1,1,0,0,0,0,0,0,0,0,0.3,0.33256704,0.32035688
0,1,1,1,0,0,0,0,0,1,1,0,0.18,0.41116196,0.4348796
0,1,1,1,0,0,0,0,1,0,0,0,0.39,0.27642617,0.25741717
0,1,1,1,0,0,0,0,0,0,0,0,0.4,0.38371065,0.39621365
0,1,1,1,0,0,1,0,0,1,0,0,0.47,0.40838012,0.42390376
0,1,1,1,0,0,1,0,0,0,0,0,0.69,0.4409253,0.48896295
1,1,1,1,0,0,0,0,0,0,0,0,0.47,0.50072753,0.5746068
0,1,1,1,0,0,0,0,0,0,0,0,0.48,0.4746619,0.5578991
0,1,1,1,0,0,0,0,0,0,0,0,0.29,0.3829425,0.39501294
0,1,1,1,0,0,0,0,0,0,0,0,0.35,0.46447963,0.5398046
0,0,1,1,0,0,0,0,0,1,0,0,0.12,0.43864927,0.43604025
0,1,1,1,0,0,0,0,0,0,0,0,0.36,0.30090028,0.27860585
0,1,1,1,0,0,0,0,0,0,0,0,0.29,0.30668542,0.28608432
0,1,1,0,0,0,1,1,0,1,0,0,0.3,0.30111706,0.30445516
0,1,1,1,0,0,0,0,0,0,0,0,0.35,0.32111937,0.30505085
0,1,1,1,0,0,0,0,1,1,0,0,0.26,0.3227641,0.3027474
0,1,1,1,0,0,0,0,0,0,0,0,0.55,0.4034121,0.42824188
0,0,1,1,0,0,0,0,0,0,0,0,0.41,0.33709657,0.3174066
0,1,1,0,0,0,0,0,1,1,0,0,0.52,0.32852358,0.32102463
0,1,1,1,0,0,0,0,0,0,0,0,0.29,0.25984216,0.2287235
0,0,1,1,0,0,0,0,0,0,0,0,0.34,0.3592748,0.3498
0,1,1,1,0,0,0,0,0,0,0,0,0.32,0.29278,0.26823917
0,1,1,1,0,0,0,0,0,0,0,0,0.39,0.30589414,0.28505552
0,1,1,1,0,0,0,0,0,0,0,0,0.6,0.41608468,0.45061478
0,1,1,1,0,0,0,0,0,0,0,0,0.5,0.3329169,0.32083538
0,1,1,1,0,0,1,0,0,0,0,0,0.31,0.30336127,0.27742124
1,1,1,1,0,0,0,0,0,0,0,0,0.17,0.37927648,0.39975062
0,1,1,1,0,0,0,0,0,0,1,0,0.32,0.38440818,0.3953723
1,1,1,1,0,0,0,0,0,0,0,0,0.32,0.33319274,0.3318625
0,1,1,1,0,0,0,0,0,0,0,0,0.71,0.5158,0.6198922
0,1,1,1,0,0,0,0,1,1,0,0,0.26,0.3060866,0.2824273
0,1,1,1,0,0,0,0,1,1,0,0,0.58,0.75577223,0.82544994
0,1,1,1,0,0,1,1,0,0,0,0,0.29,0.2900617,0.28039867
0,1,1,1,0,0,0,0,1,0,0,0,0.26,0.32105374,0.31250685
0,1,1,1,0,0,0,0,0,0,0,0,0.44,0.43880767,0.49191666
0,0,0,0,0,0,1,0,0,0,0,0,0.36,0.44645563,0.5462286
0,1,1,1,0,0,0,0,0,0,0,0,0.41,0.37097234,0.37647477
0,0,0,0,0,0,1,0,0,0,0,0,0.7,0.5382781,0.72840977
0,1,1,1,0,0,0,0,0,0,0,0,0.25,0.34235376,0.33407742
0,0,0,0,0,0,0,0,0,0,0,0,0.19,0.30460593,0.24518625
0,1,1,1,0,0,0,0,1,1,0,0,0.54,0.4159437,0.43381286
0,1,1,1,0,0,1,0,0,0,0,0,0.16,0.35929653,0.35497206
0,1,1,1,0,0,0,0,1,1,0,0,0.18,0.31905025,0.29817116
0,0,1,0,0,0,0,0,0,0,0,1,0.42,0.37311783,0.30520988
0,1,1,1,0,0,0,0,0,0,0,0,0.29,0.3346118,0.32316095
0,1,1,0,0,0,0,0,0,0,0,0,0.4,0.3503171,0.35205603
0,1,1,0,0,1,0,0,0,0,0,0,0.66,0.43517652,0.50636977
0,1,1,1,0,0,0,0,0,0,0,0,0.43,0.37710804,0.38593563
0,1,1,1,0,0,0,0,0,0,0,0,0.35,0.29605326,0.2724138
0,0,1,0,0,0,1,0,0,0,0,0,0.53,0.42348304,0.46223277
0,1,1,1,0,0,0,0,0,0,0,0,0.14,0.31756932,0.30033252
0,1,1,1,0,0,0,0,0,0,0,0,0.42,0.37000975,0.37499887
0,0,1,1,0,0,0,0,0,0,0,0,0.39,0.3303407,0.30766165
0,1,1,1,0,0,0,0,0,0,0,0,0.2,0.2782739,0.25006407
0,1,1,1,0,0,0,0,0,0,0,0,0.33,0.29700336,0.27363256
0,1,1,1,0,0,0,0,1,1,0,0,0.5,0.34353203,0.32899186
0,1,1,1,0,1,0,0,0,0,0,0,0.16,0.28596193,0.2908361
0,0,1,1,0,0,0,0,0,0,0,1,0.33,0.33509487,0.28799802
0,1,1,1,0,0,0,0,0,0,0,0,0.62,0.64125717,0.7479669
0,1,1,1,0,0,0,0,0,0,0,0,0.34,0.36451426,0.36661765
0,1,1,1,0,0,0,0,0,0,0,0,0.28,0.2832225,0.25621605
0,0,1,1,0,0,0,0,0,0,0,0,0.76,0.41161028,0.42654142
0,1,1,0,0,0,0,0,0,0,0,0,0.13,0.27289695,0.24169806
0,1,1,1,0,0,0,0,0,0,0,0,0.3,0.33522812,0.3240142
0,1,1,1,0,0,0,0,0,0,0,0,0.44,0.34485602,0.3376748
0,1,1,1,0,0,0,0,0,0,0,0,0.15,0.25422877,0.22301927
0,1,1,1,0,0,0,1,0,0,1,0,0.28,0.27157587,0.266095
0,1,1,1,0,0,0,0,0,0,0,0,0.25,0.4152413,0.44910526
0,1,1,1,0,0,0,0,1,1,0,0,0.31,0.36799437,0.36227623
0,1,1,1,0,0,0,0,1,1,0,0,0.4,0.39433625,0.4010436
0,0,0,1,0,0,0,0,0,0,0,0,0.61,0.38351703,0.39899367
0,1,1,1,0,0,0,0,0,0,0,0,0.59,0.6414901,0.7481707
0,1,1,1,0,0,0,0,0,0,0,0,0.12,0.2740801,0.24493337
0,1,1,0,0,0,1,1,0,0,0,0,0.12,0.34748688,0.3597347
0,1,1,1,0,0,0,0,0,0,0,0,0.41,0.2907045,0.26560622
0,1,1,1,0,0,0,0,0,0,0,0,0.33,0.39871052,0.42034417
0,0,1,1,0,0,0,0,0,0,0,0,0.41,0.33442134,0.31354493
0,0,1,0,0,0,0,0,1,0,0,0,0.24,0.3254546,0.31800973
0,1,1,1,0,0,0,0,0,0,0,0,0.39,0.44875917,0.5106809
0,1,1,1,0,0,0,0,1,1,0,0,0.43,0.32527357,0.30585888
0,0,1,1,0,0,0,0,1,0,0,0,0.02,0.36489066,0.3730732
0,1,1,1,0,0,0,0,1,1,0,0,0.26,0.43210492,0.4591497
1,1,1,1,0,0,0,0,0,0,0,0,0.2,0.28696293,0.27200332
0,0,0,1,0,0,1,0,0,0,0,0,1.0,0.3599883,0.38501233
0,0,1,1,0,0,0,0,0,0,0,1,0.58,0.49551374,0.5552977
0,1,1,1,0,0,0,0,0,0,0,0,0.86,0.5405756,0.65117085
0,0,1,0,0,0,0,0,0,0,0,0,0.63,0.3544826,0.34229478
0,1,1,1,0,0,0,0,1,1,0,0,0.25,0.3293712,0.3109779
0,0,1,1,0,0,0,0,0,0,0,1,0.35,0.29991648,0.24531677
0,1,1,1,0,0,0,0,1,0,0,0,0.16,0.28685963,0.2696675
0,1,1,1,0,0,0,0,0,0,0,0,0.3,0.3012962,0.27911422
0,1,1,1,0,0,0,0,0,0,0,0,0.33,0.34207362,0.33367583
0,0,0,1,0,0,0,0,0,0,0,1,0.2,0.3298265,0.25082448
0,1,1,1,0,0,0,0,0,1,0,0,0.35,0.29170376,0.27145332
0,1,1,1,0,0,0,0,0,0,0,0,0.2,0.2480127,0.2167655
0,0,0,1,0,0,0,0,0,0,0,0,0.13,0.45565724,0.5379633
0,1,1,1,0,0,0,0,1,1,0,0,0.4,0.33823413,0.32218727
0,1,1,1,0,0,0,0,0,0,0,0,0.29,0.52083266,0.62648666
0,1,1,1,0,1,0,0,0,0,0,0,0.47,0.4199218,0.4613626
0,0,1,1,0,0,0,0,0,0,0,1,1.0,0.76718634,0.86085624
0,1,1,1,0,0,1,1,0,0,0,0,0.38,0.34100816,0.34936398
0,1,1,1,0,0,1,0,0,0,0,0,0.32,0.41482264,0.44308788
0,1,1,1,0,0,0,0,0,0,0,0,0.23,0.24970035,0.21845348
0,1,1,1,0,0,0,0,0,0,0,0,0.4,0.4606464,0.5328562
0,1,1,1,0,0,0,0,0,0,0,0,0.35,0.32171768,0.30584526
0,1,1,1,0,0,0,0,0,0,0,0,0.35,0.29320377,0.26877874
0,1,1,0,0,1,0,1,0,0,1,0,0.48,0.44511732,0.48162994
0,1,1,1,0,0,0,0,1,0,0,0,0.4,0.3656207,0.37267214
0,1,1,1,0,0,0,0,0,0,0,0,0.27,0.27983457,0.2519933
0,0,1,1,0,0,0,0,0,0,1,1,0.66,0.4964396,0.4964238
0,1,1,1,0,0,0,0,0,0,0,0,0.29,0.2956806,0.27193666
0,1,1,0,0,0,0,0,0,0,0,0,0.23,0.27909836,0.24888659
0,1,1,1,0,0,0,0,1,0,0,0,0.07,0.7169982,0.76701784
0,1,1,0,0,0,0,0,1,0,0,0,0.39,0.28646117,0.26030433
0,0,0,0,0,0,0,0,0,1,0,0,0.25,0.33905834,0.26954907
0,0,1,1,0,0,1,0,0,0,0,0,0.26,0.33879203,0.34443122
0,1,1,0,0,0,0,0,0,0,0,0,0.16,0.3451429,0.34358856
0,1,1,1,0,0,0,0,0,0,0,0,0.3,0.2886836,0.2630581
0,1,1,1,0,0,0,0,0,0,0,0,0.72,0.5242036,0.63076395
0,1,1,1,0,0,0,0,0,0,0,0,0.02,0.4214662,0.46027264
0,1,1,1,0,0,1,0,0,0,0,0,0.33,0.33632144,0.32180458
0,1,1,1,0,1,0,0,0,0,0,0,0.31,0.46098194,0.52557003
0,0,1,1,0,0,0,0,0,0,0,0,0.03,0.29686618,0.26247883
0,0,0,1,0,0,0,0,0,0,0,0,0.29,0.38373512,0.39938444
0,1,1,1,0,0,0,0,0,0,1,0,0.27,0.34999874,0.33953255
0,0,0,1,0,0,0,0,1,0,0,0,0.3,0.2779422,0.2465574
0,0,1,1,0,0,0,0,0,0,0,1,0.27,0.40068674,0.3799485
0,1,1,1,0,0,1,0,0,1,0,0,0.43,0.3490763,0.33934873
0,1,1,1,0,0,0,0,0,0,0,0,0.48,0.3612441,0.36169007
0,1,1,1,0,0,0,0,0,0,0,0,0.63,0.42321497,0.4634183
0,1,1,1,0,0,0,0,0,0,0,0,1.0,0.61116624,0.7203059
0,1,1,1,0,0,0,0,0,0,0,0,0.32,0.29469687,0.27067974
0,1,1,1,0,0,0,0,0,0,0,0,0.41,0.3505735,0.3459654
0,1,1,1,0,0,0,0,0,0,0,0,0.22,0.291034,0.2660232
0,0,0,0,0,0,1,0,0,0,0,0,0.29,0.42894116,0.5034267
0,0,0,1,0,0,0,0,0,0,1,0,0.48,0.44975695,0.45455807
0,1,1,0,0,0,0,1,0,0,0,0,0.42,0.31142813,0.30245987
0,0,1,1,0,0,0,0,1,0,0,0,0.35,0.31295958,0.3056075
0,1,1,0,0,0,1,0,0,1,0,0,0.38,0.33930197,0.35554367
0,0,0,1,0,0,0,0,0,0,0,0,0.36,0.3246606,0.30499825
0,1,1,1,0,0,0,0,0,0,0,0,0.39,0.6114005,0.7205297
0,1,1,1,0,0,0,0,0,0,0,0,0.67,0.45296162,0.51862943
0,1,1,1,0,0,0,0,0,0,0,0,0.45,0.38580257,0.39949638
0,1,1,1,0,0,0,0,0,0,0,0,0.29,0.44281587,0.49939743
0,1,1,1,0,0,0,0,0,0,0,0,0.16,0.33747908,0.32714054
0,1,1,1,0,0,0,0,0,0,0,0,0.25,0.26561606,0.23502544
0,1,1,1,0,0,0,1,0,0,0,0,0.32,0.32789713,0.2899937
0,0,0,1,0,0,0,0,0,0,0,0,0.5,0.3469611,0.3382226
0,0,0,1,0,0,0,0,0,0,0,0,0.1,0.2972207,0.2694336
0,1,1,1,0,0,0,0,1,0,0,0,0.75,0.42540628,0.46092194
0,1,1,1,0,0,0,0,0,0,0,0,0.26,0.35388255,0.35080734
0,0,1,1,0,0,1,0,0,0,0,0,0.48,0.39663783,0.42333323
0,0,0,1,0,0,0,0,0,0,0,0,0.58,0.385555,0.40265304
0,1,1,1,0,0,0,0,0,0,1,0,0.31,0.31538135,0.28990847
0,1,1,1,0,1,0,0,1,0,0,0,0.22,0.30400246,0.2941576
0,1,1,1,0,0,0,0,1,1,0,0,0.31,0.307684,0.28434986
0,0,1,1,0,0,0,0,0,0,0,0,0.63,0.5382111,0.6194664
0,1,1,1,0,0,0,0,0,0,0,0,0.21,0.2590982,0.22795841
0,1,1,1,0,0,0,0,0,0,0,0,0.29,0.5866016,0.6987633
0,1,1,1,0,0,0,0,0,1,0,0,0.44,0.39797783,0.4193615
0,1,1,1,0,0,0,0,1,0,0,0,1.0,0.62898695,0.6849484
0,1,1,1,0,0,0,0,0,0,0,0,0.53,0.47493085,0.5583712
0,1,1,1,0,0,0,0,1,1,1,0,0.37,0.5257723,0.5677474
0,1,1,1,0,0,0,0,0,0,0,0,0.61,0.48243064,0.571174
0,1,1,1,0,0,0,0,0,0,0,0,0.32,0.3017802,0.27973637
0,1,1,1,0,0,0,0,1,0,0,0,0.52,0.46456298,0.51922876
0,1,1,1,0,1,0,0,1,1,0,0,0.41,0.39435577,0.39459172
0,1,1,1,0,0,0,0,1,0,0,0,0.15,0.37803167,0.39023986
0,0,0,1,0,0,1,0,0,0,0,0,0.23,0.31073326,0.30233413
0,0,1,1,0,0,0,0,0,0,0,1,0.23,0.36078447,0.32234287
0,0,0,0,0,0,0,0,0,0,0,0,0.49,0.41958204,0.4392763
0,1,1,1,0,0,0,0,0,0,0,0,0.48,0.41225496,0.44376785
0,1,1,0,0,0,0,0,0,0,0,0,0.06,0.29415756,0.2673443
0,0,0,1,0,1,0,0,0,0,0,0,0.19,0.35087854,0.3283885
0,1,1,1,0,0,1,0,0,0,0,0,0.68,0.43278685,0.47431794
0,0,0,1,0,0,0,0,0,0,0,1,0.23,0.40352783,0.37986484
0,0,1,1,0,0,0,0,1,0,0,0,0.16,0.28881136,0.2768385
0,1,1,1,0,0,0,0,0,0,0,0,0.3,0.25224486,0.22102301
0,1,1,1,0,0,0,0,0,0,0,0,0.73,0.45040697,0.5138165
0,1,1,1,0,0,0,0,0,0,0,0,0.54,0.3590095,0.35837084
0,1,1,1,0,0,0,0,0,0,0,0,0.09,0.26133704,0.23032084
0,1,1,1,0,0,0,0,0,0,0,0,0.26,0.3369728,0.32643598
0,1,1,1,0,0,0,0,1,1,0,0,0.48,0.38577136,0.388218
0,1,1,1,0,0,1,0,0,1,0,0,0.28,0.36105344,0.35565883
0,1,1,1,0,0,0,0,0,0,0,0,0.26,0.29936174,0.2766357
0,1,1,1,0,0,0,0,0,0,0,0,0.85,0.47410163,0.5569154
0,1,1,1,0,0,0,0,0,0,0,0,0.18,0.35351878,0.3502735
0,1,1,1,0,0,0,0,0,0,0,0,0.75,0.37004238,0.37504885
0,1,1,1,0,0,0,0,0,0,0,0,0.18,0.31057757,0.29114908
0,1,1,1,0,0,0,0,0,0,0,0,0.5,0.3370979,0.32661003
0,1,1,1,0,0,1,0,0,0,0,0,0.32,0.25140098,0.21661547
0,1,1,0,0,0,0,1,0,0,0,0,0.23,0.3432463,0.35090107
0,1,1,1,0,0,0,0,0,0,0,0,0.55,0.3322075,0.31986547
0,1,1,1,0,0,0,0,0,1,0,0,0.61,0.40046707,0.42317015
0,1,1,1,0,1,0,0,0,0,0,0,0.29,0.34329367,0.3583073
0,1,1,0,0,1,1,1,0,1,1,0,0.18,0.3007454,0.23943725
0,1,1,1,0,0,1,1,0,0,0,0,0.47,0.5101301,0.6356762
0,0,1,1,0,0,0,0,0,0,0,0,0.31,0.30388874,0.27134448
0,1,1,1,1,0,0,0,0,0,0,0,0.02,0.34507534,0.34126022
0,0,1,0,0,1,1,1,0,0,1,1,0.35,0.48322815,0.40758187
0,1,1,1,0,0,0,0,0,0,0,0,0.26,0.303257,0.28163952
0,0,1,1,0,0,0,0,0,0,0,1,0.35,0.30537286,0.25163993
0,1,1,1,0,0,0,0,0,0,0,0,0.65,0.6161779,0.7250603
0,0,1,1,0,0,0,0,0,0,0,0,0.35,0.33153284,0.3093801
0,1,1,1,0,0,0,0,0,0,0,0,0.91,0.51156455,0.61414146
0,1,1,1,0,1,0,0,0,0,0,0,0.3,0.33758518,0.3512462
0,1,1,1,0,0,0,0,0,0,0,0,0.28,0.24843729,0.21718898
0,0,1,1,0,0,0,0,0,0,0,0,0.21,0.38463247,0.38646322
0,0,1,1,0,0,0,0,0,0,0,0,0.87,0.6313473,0.71147454
0,1,1,1,0,0,0,0,1,0,0,0,0.4,0.30709344,0.29452157
0,1,1,1,0,0,0,0,0,0,0,0,0.51,0.36739007,0.370994
0,0,1,1,0,0,0,0,1,1,0,0,0.32,0.38196683,0.3719224
0,1,1,1,0,0,0,0,0,0,0,0,0.32,0.27907044,0.25104746
0,1,1,1,0,0,0,0,0,0,1,0,0.23,0.31931725,0.29543748
0,1,1,1,0,0,0,0,0,0,0,0,0.18,0.25845537,0.22730055
0,0,1,1,0,0,0,0,0,1,0,0,0.55,0.4313643,0.42421842
0,0,1,1,0,0,0,0,0,0,0,1,0.46,0.31378028,0.2615959
0,1,1,1,0,1,0,0,1,1,0,0,0.32,0.33591542,0.32017004
0,1,1,1,0,0,0,0,0,0,0,0,0.44,0.3338968,0.3221776
0,1,1,1,0,0,0,0,0,0,0,0,0.29,0.31651312,0.29893488
0,0,1,1,0,0,0,0,1,1,0,0,1.0,0.7305716,0.8249923
0,1,1,1,0,0,0,0,1,1,0,0,0.32,0.31108615,0.28845558
0,1,1,1,0,0,1,0,0,0,0,0,0.24,0.25535166,0.22086863
0,0,0,0,0,0,1,0,0,1,0,0,0.39,0.3364643,0.27192253
0,1,1,1,0,0,0,1,0,0,1,0,0.25,0.45646054,0.5069593
0,1,1,1,0,0,0,0,0,0,0,0,0.26,0.34685573,0.3405634
0,1,1,0,0,0,0,1,0,0,1,0,0.54,0.43788615,0.48529014
0,1,1,1,0,0,0,0,0,0,0,0,0.25,0.29752252,0.274292
0,1,1,1,0,0,0,0,0,0,0,0,0.29,0.28616738,0.25990197
0,1,1,1,0,0,0,0,0,0,0,0,0.38,0.4289667,0.47384167
0,1,1,1,0,0,0,0,0,0,0,0,1.0,0.6765786,0.77705944
0,1,1,1,0,0,0,0,0,0,0,0,0.28,0.34788886,0.34206042
0,1,1,1,0,0,0,0,0,0,0,0,0.6,0.35278398,0.34919637
0,1,1,1,0,0,0,0,0,0,0,0,0.12,0.2647763,0.23408318
0,1,1,1,0,0,0,0,1,1,0,0,0.48,0.4469592,0.48458257
0,1,1,1,0,0,0,0,1,1,0,0,0.18,0.30364597,0.27950546
0,0,1,1,0,0,0,0,0,0,0,0,0.95,0.4559959,0.49530998
0,1,1,1,0,0,0,0,0,0,0,0,0.26,0.40734926,0.43508348
0,1,1,1,0,1,0,0,0,0,1,0,0.48,0.46966654,0.5620602
0,1,1,0,0,0,0,0,0,0,0,0,0.27,0.3315474,0.3217629
0,0,1,1,0,0,0,0,0,0,0,0,0.17,0.47330475,0.5222132
0,1,1,1,0,0,1,0,0,0,0,0,0.02,0.4649139,0.5327431
0,1,1,1,0,0,0,0,0,0,0,0,0.16,0.4114887,0.44240037
0,1,1,1,0,0,0,0,1,1,0,0,0.48,0.28185412,0.2555883
0,1,1,1,0,0,0,0,0,0,0,0,0.33,0.28314403,0.25611767
0,1,1,1,0,0,0,0,0,0,0,0,0.65,0.3608057,0.3610378
0,1,1,1,0,0,0,0,0,0,0,0,0.41,0.4495985,0.51227915
0,0,1,1,0,0,1,0,0,0,0,0,0.32,0.3037108,0.29746884
0,1,1,1,0,0,1,0,0,0,0,0,0.27,0.30626053,0.2812143
0,1,1,1,0,0,0,0,0,0,0,0,0.09,0.28748187,0.26155037
0,1,1,1,0,0,0,0,1,1,0,0,0.27,0.42848676,0.4533561
0,1,1,1,0,0,0,0,0,0,0,0,0.74,0.45334005,0.5193408
0,1,1,1,0,0,0,0,1,1,0,0,0.19,0.29612193,0.27089795
0,1,1,1,0,0,1,0,0,1,0,0,0.36,0.36362806,0.35920358
0,0,1,1,0,0,0,0,0,0,0,0,0.63,0.68059736,0.7474826
0,0,1,0,0,0,1,1,0,0,0,0,0.41,0.40147108,0.43493286
0,1,1,1,0,0,0,0,0,0,0,0,0.37,0.29823235,0.27519506
0,1,1,0,0,0,1,1,0,1,1,0,0.54,0.37757,0.43189406
0,1,1,0,0,0,1,0,0,1,0,0,0.37,0.35727945,0.384184
0,1,1,1,1,0,0,0,0,0,0,0,0.25,0.28504556,0.2614439
0,1,1,1,0,0,0,0,0,0,0,0,0.24,0.29870662,0.27579948
0,1,1,1,0,1,0,0,0,0,0,0,0.24,0.37375063,0.39629704
0,0,1,1,0,0,0,0,0,1,0,0,0.02,0.30544007,0.25700226
0,1,1,1,0,0,0,0,0,0,0,0,0.34,0.31980813,0.30330426
0,1,1,1,0,0,0,0,0,0,0,0,0.24,0.2795998,0.25170243
0,1,1,1,0,0,0,0,0,0,0,0,0.27,0.27657863,0.24797972
0,0,0,1,1,0,0,0,0,0,0,0,0.41,0.3550937,0.33372745
0,1,1,1,0,0,1,0,0,0,0,0,0.4,0.3980866,0.4148744
0,0,0,1,0,0,1,0,0,0,0,0,0.37,0.33021173,0.33193475
0,1,1,1,0,0,0,0,0,0,0,0,0.4,0.28086546,0.25327307
0,1,1,1,0,0,0,0,1,1,0,0,0.28,0.3841136,0.3857702
0,1,1,1,0,0,0,0,0,0,0,0,0.37,0.3700802,0.37510684
0,1,1,1,0,0,0,0,0,0,0,0,0.86,0.61526775,0.72420305
0,1,1,1,0,0,0,0,0,0,0,0,0.24,0.38193387,0.3934383
0,1,1,1,0,0,0,0,0,0,0,0,0.54,0.2929992,0.2685182
0,1,1,1,1,1,0,0,0,0,0,0,0.44,0.29558903,0.2469047
0,1,1,0,0,0,0,0,0,0,0,0,0.27,0.28866726,0.26032454
0,1,1,1,0,0,0,0,0,0,0,0,0.43,0.33151904,0.31892547
0,1,1,1,0,0,0,0,0,0,0,0,0.02,0.37646082,0.38493344
0,1,1,1,0,0,0,0,0,0,0,0,0.13,0.3026925,0.28091112
0,1,1,1,0,0,0,0,0,0,0,0,0.62,0.42709145,0.470401
0,0,0,0,0,0,1,0,0,1,0,0,0.31,0.34508866,0.28479636
0,1,1,1,0,0,1,0,0,0,1,0,0.38,0.55049384,0.63429636
1,1,1,1,0,0,0,0,0,0,0,0,0.29,0.38895664,0.41481686
0,1,1,1,0,0,0,0,0,0,0,0,0.1,0.32580465,0.31125107
0,1,1,1,0,0,0,0,0,0,0,0,0.59,0.3569607,0.3553396
0,1,1,1,0,1,0,0,0,0,0,0,0.34,0.3442324,0.35945863
0,1,1,0,0,0,0,1,1,1,1,0,0.37,0.34588256,0.2961548
0,1,1,1,0,0,0,0,0,0,0,0,0.29,0.32258707,0.30699116
0,1,1,1,0,0,0,0,0,0,0,0,0.41,0.37230283,0.37851858
0,1,1,1,0,0,0,0,0,0,0,0,0.34,0.34608728,0.33945197
0,1,1,1,0,0,0,0,0,0,0,0,0.26,0.29879886,0.27591714
0,1,1,1,0,0,0,0,0,0,0,0,0.33,0.45559558,0.5235572
1,1,1,1,0,1,0,0,0,0,0,0,0.2,0.298793,0.27410945
0,0,1,0,0,0,0,0,0,1,0,0,0.43,0.40470156,0.41009378
0,0,0,1,0,0,0,0,1,0,0,0,0.73,0.48765555,0.5846188
0,1,1,1,0,0,0,0,1,1,0,0,0.4,0.35428083,0.3430689
0,1,1,1,0,0,0,0,0,0,0,0,0.28,0.3621953,0.36310703
0,0,0,0,0,0,0,0,0,0,0,0,0.45,0.36748832,0.3392056
1,1,1,1,0,0,1,0,0,0,0,0,0.2,0.28025374,0.23565468
0,1,1,1,0,1,0,0,0,0,0,0,0.29,0.30774012,0.3155148
0,1,1,1,0,1,0,0,0,1,1,0,0.39,0.3500156,0.3568818
0,1,1,1,0,0,0,0,0,0,0,0,0.17,0.31148815,0.29233673
0,1,1,1,0,0,0,0,0,0,0,0,0.18,0.23988667,0.20877154
0,0,0,1,0,0,0,0,0,0,0,0,0.3,0.32355157,0.30346155
1,0,1,1,0,0,0,0,0,0,0,0,0.31,0.30323094,0.27394396
0,1,1,1,0,0,0,0,0,0,0,0,0.24,0.3323222,0.32002226
0,1,1,1,0,0,0,0,1,1,1,0,0.26,0.33027968,0.29639804
0,1,1,1,0,0,0,0,1,1,0,0,0.48,0.35509947,0.34419027
0,1,1,1,0,0,1,0,0,0,1,0,0.3,0.36902255,0.3429038
0,1,1,1,0,1,0,0,1,1,0,0,0.29,0.2831592,0.2616344
0,1,1,1,0,0,0,0,1,1,0,0,1.0,0.6251709,0.7267258
0,1,1,0,0,0,1,0,0,0,0,0,0.26,0.33962306,0.3279983
0,1,1,1,0,0,0,0,0,0,0,0,0.48,0.39311624,0.411218
0,1,1,1,0,0,0,0,1,1,0,0,0.29,0.36896104,0.36366507
0,1,1,0,0,0,0,0,0,1,0,0,0.27,0.3511069,0.32676238
0,0,1,1,0,0,0,0,0,0,0,0,0.37,0.2935751,0.25846067
0,1,1,1,0,1,0,0,0,0,0,0,0.2,0.32838014,0.3400185
0,0,0,1,0,0,1,0,0,0,0,0,0.35,0.36923248,0.4029507
1,1,1,1,0,0,0,0,0,0,0,0,0.73,0.32787305,0.32456118
0,0,1,1,0,0,0,0,0,1,0,0,0.28,0.3233071,0.27698195
0,1,1,0,0,0,0,0,0,0,0,0,0.73,0.5597431,0.7091373
0,1,1,1,0,0,0,0,0,0,0,0,0.19,0.30083457,0.2785215
0,1,1,1,0,0,0,0,0,0,0,0,0.37,0.33819962,0.32814792
0,1,1,1,0,0,0,0,0,0,0,0,0.14,0.41846204,0.45487633
0,0,1,1,0,0,0,0,0,0,0,1,0.51,0.41689807,0.4063069
0,0,1,1,0,0,0,0,0,0,0,0,0.57,0.3347185,0.313974
0,0,0,1,0,0,0,0,1,1,0,0,0.75,0.4448842,0.5038259
0,1,1,0,0,0,1,0,0,0,0,0,0.76,0.49699813,0.6320591
0,1,1,0,0,0,0,0,0,0,0,0,0.21,0.48203644,0.5830967
0,0,1,1,0,0,0,0,0,0,0,0,0.46,0.42621985,0.4491399
0,1,1,1,0,0,0,0,0,0,0,0,0.32,0.38755202,0.4022542
0,0,0,1,0,1,0,0,0,0,0,0,0.23,0.30277076,0.2794592
0,1,1,1,0,0,0,1,0,0,1,0,0.53,0.48424664,0.5454579
0,1,1,1,0,0,0,0,0,0,0,0,0.47,0.30225343,0.28034538
0,1,1,1,0,0,0,0,0,0,0,0,0.18,0.32068947,0.3044776
0,1,1,1,0,0,0,0,0,0,0,0,0.42,0.28016984,0.25240904
0,1,1,0,0,1,1,0,0,0,0,0,1.0,0.59627414,0.76602995
0,1,1,0,0,0,1,1,0,0,1,0,0.27,0.31355363,0.24916884
0,1,1,1,0,0,0,0,0,0,0,0,0.47,0.31220132,0.29326838
0,0,1,1,0,0,0,0,1,0,0,1,0.23,0.3347113,0.3010122
0,0,1,1,0,0,0,0,0,0,0,1,0.22,0.2672663,0.2101938
0,1,1,1,0,0,0,0,0,0,0,0,0.21,0.2945647,0.27051115
0,1,1,0,0,0,1,1,0,1,1,0,0.44,0.3542716,0.39189452
0,1,1,1,0,0,0,0,0,0,0,0,0.36,0.43724567,0.48904473
0,1,1,1,0,0,0,0,0,0,0,0,0.24,0.3779617,0.38725895
0,1,1,1,0,0,0,0,1,1,0,0,0.21,0.29630262,0.271099
0,1,1,1,0,0,0,0,1,1,0,0,0.41,0.39179063,0.39721283
0,0,1,1,0,0,0,0,0,0,0,0,0.29,0.2842179,0.2473702
0,1,1,0,0,1,0,0,0,0,0,0,0.24,0.34577852,0.34057862
0,1,1,1,0,0,0,0,0,0,0,0,0.22,0.28515247,0.25862902
0,1,1,1,0,0,0,0,0,0,0,0,0.28,0.26594335,0.2353934
0,1,1,1,0,0,0,0,0,0,0,0,0.36,0.3596353,0.35929903
0,0,0,0,0,0,1,0,0,0,0,0,0.83,0.51723725,0.69457734
0,1,1,1,0,0,0,0,0,0,0,0,0.47,0.37620503,0.38453764
0,1,1,1,0,0,0,0,0,0,0,0,0.26,0.32429796,0.30925304
0,1,1,1,0,0,0,0,0,0,0,0,0.24,0.29567635,0.27193123
0,1,1,1,0,0,0,0,0,0,0,0,0.35,0.3216713,0.30578417
0,1,1,1,0,0,0,0,1,1,0,0,0.34,0.37559247,0.37327582
0,1,1,0,0,0,1,0,0,0,1,0,0.42,0.38079414,0.3307514
0,0,0,1,0,0,0,0,0,0,0,0,0.24,0.46444044,0.55434597
0,0,1,1,0,0,0,0,0,0,0,0,0.29,0.29742807,0.26316857
0,1,1,1,0,0,0,0,1,1,0,0,0.54,0.4357822,0.46535677
1,1,1,1,0,0,0,0,0,0,0,0,0.47,0.3761869,0.39500883
1,1,1,1,0,0,0,0,0,0,0,0,0.32,0.2475805,0.22858587
0,1,1,1,0,0,0,0,0,0,0,0,0.25,0.27426028,0.24515149
0,1,1,1,0,0,0,0,0,0,0,0,0.48,0.329707,0.3164591
0,1,1,1,0,1,0,0,1,0,0,0,0.38,0.28435835,0.2717157
0,1,1,1,0,0,0,0,0,0,0,0,0.33,0.32262844,0.30704576
0,1,1,1,0,1,0,0,0,0,1,0,0.43,0.38888708,0.42866164
1,1,1,1,0,0,1,0,0,0,0,0,0.57,0.35494953,0.32905397
0,1,1,0,0,0,1,0,0,0,0,0,0.29,0.38371596,0.40242118
0,1,1,1,0,0,0,0,1,1,0,0,0.45,0.40016833,0.4098626
0,0,0,1,0,0,0,0,0,0,0,0,0.45,0.3089178,0.28388143
0,1,1,1,0,1,0,0,0,0,0,0,0.19,0.450078,0.5083767
0,1,1,1,0,0,0,0,0,0,0,0,0.23,0.30903405,0.28913867
1,1,1,1,0,0,0,0,0,0,0,0,0.53,0.3628533,0.3749713
0,1,1,0,0,0,0,0,0,0,0,0,1.0,0.41661087,0.46401072
0,1,1,1,0,0,0,0,0,0,0,0,0.17,0.28641078,0.2602079
0,1,1,1,0,0,0,0,1,0,0,0,0.19,0.2805602,0.26221222
0,1,1,1,0,0,0,0,0,0,0,0,0.34,0.37208766,0.37818775
0,0,0,0,0,0,0,0,0,0,0,1,0.26,0.47403827,0.5150374
0,1,1,1,0,0,0,0,1,1,0,0,0.45,0.35479814,0.34377584
0,1,1,1,0,0,0,0,0,0,0,0,0.51,0.47068557,0.55089825
0,1,1,0,0,0,0,0,0,0,0,0,0.51,0.37728184,0.39674166
0,1,1,1,0,0,1,0,0,0,0,0,0.25,0.29537386,0.26727355
0,1,1,1,0,0,0,0,0,0,0,0,0.28,0.35051283,0.34587687
0,0,0,1,0,0,0,0,1,1,0,0,0.87,0.48413318,0.58308506
0,0,1,1,0,0,0,0,0,0,0,1,0.39,0.35821134,0.31880593
0,0,1,1,0,0,0,0,0,0,0,0,0.6,0.43446755,0.4620045
0,1,1,1,0,0,0,0,0,0,0,0,0.31,0.32359067,0.30831704
0,1,1,1,0,0,0,0,0,0,0,0,0.92,0.5850378,0.6973814
0,1,1,1,1,0,0,0,1,0,0,0,0.29,0.32270083,0.30853587
0,1,1,1,0,0,0,0,1,1,0,0,0.05,0.3078516,0.28455204
0,0,1,1,0,0,0,0,0,0,0,0,0.03,0.37920016,0.3786467
0,1,1,1,0,0,0,0,0,0,0,0,0.41,0.3045445,0.28330523
0,1,1,1,0,0,0,0,0,0,0,0,0.24,0.27478418,0.24578658
0,1,1,0,0,0,1,1,0,1,0,0,0.46,0.36002436,0.40247613
0,0,1,1,0,0,0,0,0,0,1,0,0.54,0.4094256,0.42732233
0,1,1,0,0,0,0,0,0,0,0,0,0.27,0.27207726,0.24075866
0,1,1,1,0,0,1,0,0,0,0,0,0.28,0.3873891,0.39802474
0,0,0,1,0,0,0,0,0,0,0,0,0.44,0.33469802,0.31940028
0,1,1,1,0,0,0,1,0,0,1,0,0.6,0.37645742,0.39787278
0,1,1,1,0,0,0,0,0,0,0,0,0.4,0.419245,0.4562818
0,1,1,1,0,0,0,0,0,0,0,0,0.67,0.50473344,0.60449797
0,1,1,1,0,1,0,0,0,0,0,0,0.31,0.29021525,0.2955285
0,1,1,1,0,0,0,0,0,0,0,0,0.26,0.27090773,0.24113317
0,1,1,0,0,0,1,0,0,0,0,0,0.27,0.2911932,0.26124567
0,0,1,0,0,0,1,0,0,0,0,0,0.2,0.3439536,0.3365928
0,1,1,1,0,0,0,0,0,0,0,0,0.42,0.29091266,0.26586956
0,1,1,1,0,0,0,0,0,0,0,0,0.37,0.36408553,0.3659671
0,1,1,1,0,0,0,0,0,0,0,0,0.22,0.31897384,0.30219573
0,0,1,1,0,0,0,0,0,0,0,0,0.64,0.42711157,0.45052204
0,1,1,1,0,0,0,0,1,1,0,0,0.83,0.5502552,0.6364863
0,1,1,1,0,0,0,0,0,0,0,0,1.0,0.6245859,0.7328866
0,1,1,1,0,1,0,0,0,0,0,0,0.38,0.5191344,0.60798866
0,1,1,1,0,0,0,0,1,1,0,0,0.69,0.53143156,0.6143265
0,1,1,1,0,0,0,0,0,0,0,0,0.39,0.31163752,0.29253182
1,1,1,1,0,0,0,0,0,0,0,0,0.18,0.31102303,0.30220357
0,1,1,1,0,0,0,0,0,1,0,0,0.52,0.5278455,0.6100017
0,1,1,1,0,0,0,0,0,0,0,0,0.23,0.323916,0.3087475
0,1,1,1,0,0,0,0,0,0,0,0,0.43,0.28954384,0.2641408
0,1,1,1,0,0,0,0,1,1,0,0,0.31,0.3249759,0.30548888
0,1,1,1,0,0,0,0,1,1,0,0,0.26,0.27020007,0.24360022
0,1,1,0,0,0,1,0,0,0,0,0,0.23,0.32863015,0.31143263
0,1,1,1,0,0,1,0,0,0,0,0,0.2,0.3255194,0.3070219
0,1,1,1,0,0,0,0,1,1,0,0,0.38,0.4354267,0.46475047
0,1,1,1,0,0,0,0,0,0,0,0,0.37,0.35643974,0.3545706
0,1,1,1,0,0,0,0,1,0,0,0,0.37,0.32564822,0.318545
0,0,1,1,0,0,0,0,0,0,0,0,0.49,0.416629,0.43429652
0,0,1,1,0,0,0,0,0,0,0,0,0.42,0.41007918,0.4241837
0,1,1,1,0,1,0,0,0,0,0,0,0.64,0.4831764,0.56005
0,1,1,1,0,0,0,0,1,1,0,0,0.19,0.29066432,0.26496586
0,1,1,1,0,0,0,0,0,0,0,0,0.39,0.297813,0.27466136
0,1,1,1,0,0,0,0,1,0,0,0,0.4,0.32780987,0.32140094
0,1,1,1,0,1,0,0,0,0,1,0,0.28,0.28348893,0.28513864
0,1,1,1,0,0,0,0,0,0,0,0,0.42,0.37566477,0.38370213
0,1,1,1,0,0,0,0,0,0,0,0,1.0,0.63623214,0.7435409
0,1,1,1,0,0,1,1,0,0,0,0,0.26,0.2869517,0.27656356
0,1,1,1,0,0,0,0,0,0,0,0,0.62,0.37220937,0.3783749
0,1,1,1,0,0,0,0,0,0,0,0,0.32,0.33690876,0.32634693
0,0,1,1,0,0,0,0,0,0,0,1,0.24,0.26809463,0.21102116
0,1,1,0,0,0,1,1,0,0,0,0,0.62,0.49792272,0.6651052
0,1,1,1,0,0,0,0,0,1,1,0,0.1,0.37548286,0.3819099
0,1,1,1,0,0,0,0,1,0,0,0,0.32,0.31764472,0.3080673
0,1,1,1,0,0,0,0,0,0,0,0,0.03,0.33989,0.33055422
0,1,1,1,0,1,0,0,0,0,0,0,0.78,0.4002002,0.43241057
0,0,0,1,0,0,0,0,0,0,1,0,0.59,0.4074077,0.3852551
0,1,1,1,0,0,0,0,0,1,0,0,0.83,0.4823176,0.54537594
0,1,1,1,0,0,0,0,1,1,0,0,0.73,0.45610434,0.500405
0,1,1,1,0,0,0,0,0,0,0,0,0.57,0.39645568,0.41665882
0,1,1,1,0,1,0,0,0,0,0,0,0.57,0.37595096,0.39912277
0,1,1,1,0,0,0,0,1,1,0,0,0.59,0.7366883,0.8141262
0,0,1,1,0,0,0,0,0,0,0,1,0.02,0.31515408,0.26324713
0,1,1,0,0,0,1,0,0,0,0,0,0.27,0.33272666,0.31751335
0,0,1,1,0,0,1,0,0,0,0,0,0.59,0.43320268,0.47653088
0,1,1,1,0,0,0,0,0,0,0,0,1.0,0.7653898,0.8313921
1,1,1,1,0,1,0,0,0,0,0,0,0.23,0.2769888,0.24996574
1,1,1,1,0,0,0,0,0,0,0,0,0.28,0.324103,0.31943926
0,0,1,0,0,0,1,0,0,0,0,0,0.3,0.32328767,0.3054104
0,1,1,1,0,0,0,0,0,0,0,0,0.26,0.29775575,0.27458853
0,1,1,1,0,0,0,0,0,0,0,0,0.58,0.33278856,0.32065982
0,1,1,1,0,0,0,0,0,0,0,0,0.39,0.40977758,0.43936175
0,1,1,1,0,0,0,0,1,1,0,0,0.24,0.327434,0.3085514
0,1,1,1,0,0,0,0,0,0,0,0,0.29,0.30427626,0.2829577
0,1,1,1,0,0,0,0,0,0,0,0,0.59,0.46235046,0.5359504
0,0,1,1,0,0,0,0,0,0,0,0,0.25,0.25819415,0.21999606
0,1,1,1,0,0,0,0,0,0,0,0,0.13,0.2797596,0.25190037
0,0,0,1,0,0,0,0,0,0,0,0,0.48,0.2843328,0.25451088
0,1,1,1,0,1,0,0,0,0,0,0,0.38,0.39391774,0.42346352
0,0,1,1,0,0,0,0,1,1,1,0,0.56,0.487139,0.52621144
0,1,1,1,0,0,0,0,0,0,0,0,0.7,0.4856655,0.5763479
0,1,1,1,0,1,0,0,0,0,0,0,0.22,0.30292732,0.3098794
0,1,1,1,0,0,0,0,0,0,0,0,0.36,0.3218088,0.30596524
0,1,1,1,0,0,0,0,0,0,1,0,0.48,0.33092207,0.31184417
0,0,1,0,0,0,0,0,0,0,0,0,1.0,0.7257754,0.80307615
0,1,1,1,0,0,0,0,1,1,1,0,0.51,0.41064376,0.40222034
0,1,1,0,0,0,0,0,0,0,0,0,0.63,0.5208443,0.6527103
0,1,1,1,0,1,0,0,0,0,0,0,0.65,0.41040143,0.44725123
0,1,1,1,0,0,0,0,0,0,0,0,1.0,0.43831387,0.49100265
0,1,1,1,0,0,0,0,0,0,0,0,0.42,0.3324047,0.32013503
0,1,1,1,0,1,0,0,0,0,0,0,0.26,0.41312042,0.4512425
0,1,1,1,0,0,0,0,1,0,0,0,0.22,0.2939307,0.2781403
0,1,1,1,0,0,0,0,0,0,0,0,0.49,0.3786054,0.38825792
0,1,1,1,0,0,0,0,0,0,0,0,0.49,0.32359475,0.30832243
0,1,1,1,0,0,0,0,0,0,0,0,0.3,0.35125503,0.34696004
0,1,1,1,0,0,0,0,0,0,0,0,0.41,0.35590687,0.3537849
0,0,1,0,0,0,0,0,0,0,0,1,0.32,0.336368,0.25823396
0,1,1,1,0,0,0,0,1,0,0,0,0.43,0.34235495,0.3408404
0,0,0,1,0,0,0,0,0,0,0,1,0.35,0.2869941,0.20073633
0,1,1,1,0,0,0,0,0,0,0,0,0.69,0.41916984,0.45614687
0,1,1,1,0,0,0,0,0,0,0,0,0.28,0.31908622,0.30234504
0,1,1,1,0,0,1,0,0,0,0,0,0.03,0.31671587,0.29514533
0,1,1,1,0,0,0,0,1,1,0,0,0.29,0.32197562,0.30177277
0,1,1,1,0,0,0,0,1,0,0,0,0.23,0.38959378,0.406967
0,1,1,1,0,0,0,0,1,1,0,0,0.58,0.36693043,0.36075473
0,1,1,1,0,0,0,0,0,0,0,0,0.23,0.36392254,0.36571988
0,1,1,1,0,0,0,0,0,0,0,0,0.23,0.2953202,0.27147576
0,1,1,1,0,0,0,0,0,0,0,0,0.43,0.40050727,0.4233172
0,0,0,1,0,0,1,0,0,1,0,1,0.19,0.36408383,0.3208288
0,1,1,1,0,0,1,0,0,0,0,0,0.24,0.30923346,0.2851364
0,1,1,1,0,0,0,0,1,0,0,0,0.29,0.36244702,0.36826423
0,1,1,0,0,0,1,1,0,0,0,0,0.55,0.4144791,0.4916935
0,0,0,1,0,0,0,0,0,0,0,1,0.13,0.24729948,0.16424417
0,1,1,1,0,0,0,0,1,1,0,0,0.52,0.33223948,0.31458732
0,0,0,1,0,0,0,0,1,0,0,0,0.57,0.39005977,0.4033435
0,1,1,1,0,0,0,0,0,0,0,0,0.54,0.38805485,0.40304804
0,1,1,1,0,0,0,0,0,0,0,0,0.3,0.35885233,0.3581379
0,1,1,1,0,0,0,0,0,0,0,0,0.25,0.29732853,0.27404553
0,1,1,1,0,0,0,0,0,1,0,0,0.5,0.48051077,0.5427476
0,0,0,1,0,0,0,0,0,0,0,0,0.24,0.2930912,0.2645705
0,0,0,1,0,0,0,0,1,1,0,0,0.02,0.43795067,0.4892366
0,0,1,1,0,0,0,0,0,0,0,1,0.21,0.31851202,0.26731157
0,1,1,1,0,0,0,0,0,1,0,0,0.24,0.34799862,0.3446257
0,1,1,1,0,0,0,0,0,0,0,0,0.12,0.28342757,0.2564732
0,1,1,1,0,0,1,0,0,1,0,0,0.13,0.30855364,0.28839794
0,1,1,1,0,0,0,0,0,0,0,0,0.48,0.45686236,0.5259073
0,1,1,1,0,1,0,0,1,1,0,0,0.23,0.32610658,0.30860576
0,1,1,1,0,0,0,0,0,0,0,0,0.46,0.31273407,0.2939651
0,1,1,1,0,0,0,0,0,1,0,0,0.36,0.37233382,0.38025436
0,1,1,0,0,0,0,0,0,0,0,0,0.42,0.409124,0.45065346
0,1,1,1,0,0,0,0,0,0,0,0,0.25,0.3415141,0.3328746
0,1,1,1,0,0,0,0,0,0,0,0,0.3,0.35654822,0.35473067
0,0,1,1,0,1,0,0,0,0,0,1,0.26,0.2968338,0.28768665
0,1,1,1,0,1,0,0,0,0,0,0,1.0,0.49202108,0.57273704
0,1,1,1,0,0,0,0,0,0,0,0,0.4,0.30258077,0.2807671
0,1,1,1,0,0,0,0,0,0,0,0,0.31,0.48736125,0.57897764
0,1,1,1,0,0,0,0,0,0,0,0,0.38,0.28954738,0.26414528
0,1,1,0,0,0,0,0,0,0,0,0,0.56,0.47813687,0.57585293
0,0,1,1,0,0,1,0,0,0,0,1,0.37,0.2922763,0.26144713
0,1,1,1,0,0,0,0,1,1,0,0,0.32,0.44142485,0.4750184
0,1,1,0,0,0,0,1,0,0,1,0,0.23,0.29524815,0.24443078
0,1,1,1,0,0,1,0,0,0,0,0,0.33,0.4749748,0.5510257
0,1,1,1,0,0,0,0,0,0,1,0,0.2,0.35195458,0.34246248
0,1,1,1,0,0,0,0,0,0,0,0,0.27,0.34060127,0.33156937
0,1,1,1,0,0,0,0,0,0,0,0,0.1,0.27280647,0.2433953
0,0,0,0,0,0,0,0,0,1,0,1,0.42,0.31857848,0.2219408
0,1,1,1,0,0,0,0,0,0,0,0,0.52,0.49410003,0.5892275
0,1,1,1,0,0,0,0,0,0,0,0,0.43,0.29845363,0.275477
0,1,1,1,0,0,0,0,0,1,0,0,0.28,0.3192349,0.3058253
0,1,1,1,0,0,0,0,1,0,0,0,0.29,0.34253085,0.34107763
0,1,1,1,0,0,0,0,1,0,0,0,0.19,0.2775946,0.25875592
0,1,1,1,0,0,0,0,0,0,0,0,1.0,0.5381226,0.6481391
0,1,1,1,0,0,0,0,0,0,0,0,0.53,0.403616,0.42859346
0,1,1,1,0,0,0,0,1,0,0,0,0.13,0.27628866,0.2572599
0,0,1,1,0,0,0,0,0,0,0,1,0.03,0.28536737,0.22905044
0,1,1,1,0,0,0,0,0,0,0,0,0.43,0.37538463,0.3832692
0,0,1,1,0,0,0,0,1,1,0,0,0.3,0.43055615,0.44581348
0,0,1,1,0,0,0,0,0,0,0,0,0.21,0.2656401,0.22736458
0,1,1,1,0,0,0,0,0,0,0,0,0.32,0.29055277,0.26541436
0,1,1,1,0,0,0,0,0,0,0,0,0.54,0.37408125,0.38125724
0,1,1,1,0,0,0,0,0,0,0,0,0.32,0.34682482,0.34051865
0,1,1,1,0,0,0,0,0,0,0,0,0.3,0.2718742,0.24227364
0,0,1,1,0,0,1,0,0,0,0,1,0.03,0.32971165,0.3103303
0,1,1,1,0,0,0,0,0,0,0,0,0.32,0.38645715,0.40052754
0,1,1,0,0,0,0,0,0,0,0,0,0.29,0.33163565,0.3219028
0,1,1,1,0,0,0,0,0,0,0,0,0.4,0.294692,0.27067354
0,0,1,1,0,0,0,0,0,0,0,0,0.36,0.2765625,0.23887174
0,0,0,1,0,0,1,0,0,0,0,0,0.61,0.42160758,0.50551546
0,1,1,1,0,0,1,1,0,0,1,0,0.4,0.30446932,0.2884533
0,1,1,1,0,0,0,0,1,1,0,0,0.5,0.3853559,0.38760346
0,1,1,1,0,0,0,0,0,0,0,0,0.26,0.28364837,0.25675005
1,1,1,1,0,0,0,0,0,0,0,0,0.21,0.39128113,0.41845584
0,1,1,1,0,0,0,0,0,0,0,0,0.93,0.6717509,0.77330065
0,0,1,1,0,0,0,0,0,0,0,0,0.35,0.6550722,0.72941816
0,1,1,0,0,0,1,0,0,0,0,0,0.26,0.41033754,0.4529256
0,0,0,1,0,0,0,0,0,0,0,0,0.28,0.31315,0.28931713
0,0,1,1,0,0,0,0,0,0,0,0,0.35,0.40894175,0.42243427
0,1,1,1,0,0,0,0,0,0,0,0,0.26,0.32469976,0.3097852
0,1,1,1,0,0,0,0,0,0,0,0,0.13,0.3664483,0.3695586
0,0,0,1,1,0,0,0,0,0,0,0,0.21,0.32356927,0.2856548
0,1,1,1,0,0,1,0,0,0,0,0,1.0,0.73008955,0.8383896
0,1,1,1,0,0,0,0,1,1,0,0,0.46,0.33780143,0.32163483
0,1,1,1,0,0,0,0,0,0,0,0,0.17,0.27797765,0.24969897
0,1,1,1,0,0,1,0,0,0,0,0,0.35,0.32866883,0.3112913
0,0,1,1,1,0,0,0,0,0,0,1,0.48,0.5800077,0.733167
0,1,1,1,0,0,0,0,0,0,0,0,0.55,0.44091448,0.49584904
0,1,1,1,0,0,1,0,0,0,0,0,1.0,0.5012272,0.59887266
0,0,1,1,0,0,0,0,0,0,0,0,0.3,0.28105432,0.24376468
0,1,1,0,0,0,1,0,0,1,0,0,0.4,0.366321,0.3988747
0,1,1,1,0,0,0,0,0,0,0,0,0.12,0.3318118,0.319325
0,0,1,1,0,0,0,0,0,0,0,0,1.0,0.5963663,0.6827059
0,1,1,1,0,0,0,0,0,0,0,0,0.46,0.3459206,0.33921108
0,1,1,1,0,0,0,0,0,0,0,0,0.26,0.2616247,0.23062977
0,1,1,1,0,0,0,0,0,0,0,0,0.26,0.3362624,0.32544875
0,1,1,1,0,0,0,0,0,0,0,0,0.65,0.6395804,0.7464968
0,1,1,1,0,1,0,0,0,0,0,0,0.18,0.3054011,0.31277546
0,1,1,1,0,0,0,0,0,1,1,0,0.39,0.39636618,0.41232386
0,1,1,1,0,0,1,0,0,0,0,0,0.17,0.40779918,0.4309578
0,0,1,1,0,0,0,0,0,0,0,0,0.33,0.35670304,0.34603602
0,0,0,0,0,0,1,0,0,0,0,0,0.83,0.44448072,0.5414964
0,0,1,0,0,0,0,0,0,0,0,1,0.37,0.4073558,0.35243842
0,1,1,1,0,0,0,0,0,0,0,0,0.45,0.38369212,0.39618462
0,1,1,0,0,0,0,1,0,0,0,0,0.94,0.49636817,0.65283823
0,1,1,1,0,0,0,0,0,0,0,0,0.52,0.35629746,0.35436076
0,1,1,1,0,0,0,0,0,0,0,0,0.51,0.4951798,0.5908256
0,1,1,1,0,0,0,0,0,0,0,0,0.05,0.36921224,0.3737778
0,1,1,1,0,0,0,0,1,1,0,0,0.28,0.28830117,0.26241082
0,0,1,1,0,0,0,0,1,1,0,1,0.3,0.28866106,0.26154616
0,1,1,1,0,0,0,0,0,0,0,0,0.57,0.49675402,0.59315175
0,1,1,1,0,0,0,0,0,0,0,0,0.24,0.30482775,0.28367245
0,1,1,0,0,0,1,1,0,0,1,0,0.58,0.44970337,0.47113553
0,1,1,1,0,0,0,0,0,0,0,0,0.22,0.2790219,0.25098747
0,1,1,1,0,0,0,0,1,1,0,0,0.25,0.3211884,0.30080152
0,1,1,1,0,0,0,0,1,1,0,0,0.28,0.34224838,0.32733646
0,0,1,0,0,0,0,1,0,0,1,0,0.16,0.31625217,0.29943156
0,1,1,1,0,0,0,0,0,0,0,0,0.31,0.32630152,0.31191152
0,1,1,1,0,0,0,0,1,1,0,0,0.13,0.25094065,0.22453924
0,1,1,1,0,1,0,0,0,0,0,0,0.5,0.4153222,0.45448953
0,1,1,1,0,0,0,0,0,1,0,0,0.16,0.31341386,0.29839697
0,0,1,1,0,0,0,0,1,0,0,0,0.04,0.36613673,0.37476853
0,1,1,1,0,0,0,0,0,0,0,0,0.48,0.37571725,0.38378328
0,1,1,1,0,1,0,0,0,0,0,0,0.36,0.376448,0.39976203
0,0,0,1,0,0,0,0,0,1,0,0,0.27,0.2825232,0.23976913
0,1,0,1,0,1,0,0,0,0,0,0,0.57,0.37858495,0.4073531
1,1,1,1,0,0,0,0,0,0,0,0,0.26,0.3840529,0.40714854
0,0,0,1,0,0,0,0,0,0,0,0,0.41,0.368228,0.37266666
0,1,1,1,0,0,0,0,0,0,0,0,0.38,0.44374138,0.5011419
0,1,1,1,0,0,0,0,0,0,0,0,0.63,0.35611588,0.354093
0,1,1,1,0,0,0,0,0,0,0,0,0.23,0.26653978,0.23606496
0,1,1,1,0,0,1,0,0,0,0,0,0.24,0.35380545,0.3468656
0,1,1,1,0,0,0,0,1,1,0,0,0.34,0.35155353,0.33945033
0,1,1,1,0,0,0,0,0,0,0,0,0.41,0.3035035,0.281958
0,0,1,1,0,1,0,0,0,0,0,0,0.8,0.45877424,0.5326737
0,1,1,1,0,0,0,0,0,0,0,0,0.3,0.31631008,0.29866666
0,1,1,1,0,0,0,0,0,0,0,0,0.4,0.34795386,0.3421547
0,0,1,0,0,0,0,1,0,0,1,0,0.33,0.3317845,0.32684454
0,1,1,0,0,0,0,0,0,0,0,0,0.37,0.38232702,0.40512744
0,1,1,1,0,0,0,0,0,0,0,0,0.31,0.2783639,0.25017506
0,1,1,1,0,0,0,0,0,0,0,0,0.28,0.30965886,0.28995347
0,1,1,1,0,0,1,0,0,0,0,0,0.88,0.39565623,0.4110272
0,1,1,0,0,0,0,1,0,0,1,0,0.15,0.32190996,0.28024083
0,1,1,1,0,0,0,0,0,0,0,0,0.29,0.35072595,0.34618774
0,1,1,1,0,0,1,0,0,0,0,0,0.28,0.31724173,0.29585636
0,1,1,1,0,0,0,0,1,1,0,0,0.22,0.2744132,0.24789207
0,1,1,1,0,0,0,0,1,1,0,0,0.24,0.3464022,0.3327086
0,1,1,1,0,0,0,0,0,0,0,0,0.57,0.34114546,0.33234715
0,1,1,0,0,0,1,0,0,0,0,0,0.54,0.4047355,0.44198972
0,1,1,1,0,0,0,0,0,0,0,0,0.19,0.36707076,0.37050706
0,0,1,1,0,0,0,0,0,0,1,0,0.43,0.29138654,0.27306002
0,1,1,1,0,0,0,0,0,0,0,0,0.32,0.30190986,0.27990317
0,0,0,0,1,0,0,0,0,0,0,0,1.0,0.7485005,0.88737
0,1,1,1,0,1,0,1,0,1,1,0,0.41,0.36139053,0.37346774
0,1,1,0,0,0,1,1,0,0,0,0,0.29,0.33641624,0.34088016
0,1,1,0,0,0,1,0,0,0,0,0,0.24,0.34120497,0.33043766
0,1,1,1,0,0,0,0,0,0,0,0,0.41,0.34635037,0.33983228
0,1,1,1,0,0,1,0,0,1,0,0,0.27,0.41830903,0.43858457
0,1,1,1,0,0,0,0,0,0,0,0,0.28,0.33394557,0.3222445
0,1,1,1,0,1,0,0,0,0,0,0,0.36,0.344047,0.35923132
0,1,1,0,0,0,0,0,0,0,0,0,0.47,0.3866993,0.41242534
0,1,1,1,0,0,0,0,0,0,0,0,0.3,0.37491065,0.38253707
0,1,1,1,0,0,0,0,0,0,0,0,0.47,0.59065115,0.7022498
0,0,0,1,0,0,0,0,1,0,0,0,0.35,0.29630747,0.26721296
1,1,1,1,0,0,0,0,0,0,0,0,0.6,0.3933222,0.42164594
0,1,1,1,0,0,0,0,1,0,0,0,0.71,0.4579276,0.5100635
0,0,1,0,0,0,0,0,0,0,0,0,0.3,0.33491307,0.3142434
0,0,1,1,0,0,1,0,0,0,0,0,0.4,0.3739989,0.39176834
0,1,1,0,0,0,0,1,1,1,1,0,0.32,0.32549226,0.26981893
0,1,1,1,0,0,0,0,0,0,0,0,0.74,0.67271966,0.77405894
0,1,1,1,0,0,0,0,0,0,0,0,0.21,0.2817566,0.25438285
0,1,1,1,0,0,0,0,1,1,0,0,0.37,0.38741386,0.39065292
0,0,0,1,0,0,0,0,0,0,0,0,0.46,0.2980753,0.27045408
0,1,1,1,0,0,0,0,0,1,0,0,0.09,0.27188385,0.24862833
0,1,1,1,0,0,0,0,1,1,0,0,0.37,0.32720762,0.30826864
0,1,1,1,0,0,0,1,0,0,1,0,0.52,0.45678282,0.50741506
0,1,1,1,0,0,1,0,0,0,0,0,0.34,0.30414733,0.2784465
0,1,1,1,0,1,0,0,0,1,0,0,0.04,0.33422703,0.30567655
0,0,1,1,0,0,0,0,0,0,0,1,0.36,0.3580572,0.3185946
0,1,1,1,0,0,0,0,1,1,0,0,0.37,0.33168674,0.31389254
0,1,1,1,0,0,0,0,0,1,0,0,0.25,0.2782622,0.25579244
0,1,1,1,0,0,0,0,0,0,0,0,0.2,0.27252293,0.24305376
0,1,1,1,0,0,0,0,0,0,0,0,0.38,0.32625082,0.3118441
0,1,1,1,0,0,0,0,0,0,0,0,0.22,0.24600084,0.21476488
0,0,1,1,0,0,0,0,0,0,0,0,0.32,0.4973589,0.5602937
0,1,1,0,0,0,0,0,0,0,0,0,0.37,0.3496948,0.35104084
0,1,1,1,0,0,0,0,1,1,0,0,0.34,0.4741346,0.5315224
0,1,1,1,0,0,1,0,0,0,0,0,0.35,0.32481876,0.3060716
0,1,1,1,0,0,0,0,0,0,0,0,0.24,0.30291516,0.28119832
0,1,1,1,0,0,0,0,0,0,0,0,1.0,0.7246559,0.8096553
1,1,1,1,0,0,0,0,0,0,0,0,0.49,0.4685606,0.5355676
0,0,0,1,0,0,0,0,0,0,0,1,0.26,0.29159522,0.205475
1,1,1,1,0,0,0,0,0,0,0,0,1.0,0.5562016,0.63372344
0,0,0,1,0,0,0,0,0,0,0,0,0.2,0.30484444,0.27879867
0,1,1,1,0,0,0,0,0,0,0,0,0.32,0.3314705,0.31885922
0,1,1,1,0,0,0,0,0,0,0,0,0.25,0.32381958,0.3086199
0,0,0,1,0,0,0,0,0,0,0,0,0.35,0.2927818,0.26421
0,0,0,1,0,0,0,0,0,0,0,0,0.19,0.3566826,0.35377195
0,1,1,1,0,0,0,0,0,0,0,0,0.4,0.48537397,0.5758902
0,1,1,1,0,0,0,0,0,0,0,0,0.03,0.30094242,0.2786599
0,1,1,1,0,0,0,0,0,0,0,0,0.28,0.32894018,0.31543198
0,0,0,1,0,0,0,0,0,0,0,0,0.32,0.3000183,0.27283788
0,1,1,0,1,1,0,1,0,0,0,0,0.64,0.4557871,0.5362174
0,1,1,1,0,0,0,0,0,0,0,0,0.2,0.3636672,0.36533275
0,1,1,1,0,0,1,0,0,0,0,0,0.3,0.28908563,0.25949565
0,1,1,1,0,0,0,0,1,1,0,0,0.37,0.37275556,0.36914763
0,1,1,1,0,0,0,0,0,0,0,0,0.63,0.4107952,0.4411645
0,1,1,1,0,0,0,0,1,0,0,0,0.47,0.34957057,0.35062283
0,1,1,1,0,0,0,0,0,0,0,0,0.62,0.438654,0.49162945
0,1,1,1,0,0,0,0,0,0,0,0,0.32,0.29970244,0.27707124
0,1,1,1,0,0,0,0,0,0,0,0,0.26,0.35819006,0.35715705
0,0,1,1,0,0,0,0,0,0,0,0,0.29,0.29172504,0.25623548
0,1,1,0,0,0,0,0,0,0,0,0,0.38,0.3053144,0.2827057
0,1,1,0,0,0,0,0,0,0,0,0,0.04,0.31556746,0.29742998
0,1,1,1,0,0,0,0,0,0,0,0,0.37,0.32286152,0.30735344
0,1,1,1,0,0,0,0,0,0,0,0,0.39,0.30615634,0.2853962
0,1,1,1,0,1,0,0,1,1,0,0,0.28,0.40329796,0.4066008
0,1,1,1,0,0,0,0,1,1,0,0,0.32,0.39496994,0.40199885
0,1,1,1,0,0,0,0,1,1,0,0,0.22,0.33601424,0.31935844
0,0,0,1,0,0,0,0,0,0,0,0,0.44,0.3495539,0.3423373
0,1,1,1,0,0,0,0,1,1,0,0,0.75,0.5408245,0.6254938
0,1,1,1,0,0,0,0,0,0,0,0,0.11,0.33800218,0.32786933
0,0,0,0,0,0,0,0,0,0,0,0,0.11,0.3022504,0.24216518
0,1,1,1,0,0,0,0,0,0,0,0,0.29,0.27816522,0.2499301
0,1,1,1,0,0,0,0,0,0,0,0,0.33,0.3946968,0.41379052
0,0,1,1,0,0,0,0,0,0,0,1,0.91,0.55955493,0.67409706
0,1,1,1,0,0,0,0,0,0,0,0,0.54,0.4841935,0.57402563
0,0,1,1,0,0,0,0,0,0,0,0,0.45,0.35251713,0.33993837
0,1,1,1,0,0,0,1,1,1,1,0,0.54,0.3966998,0.37982816
0,0,1,1,0,0,0,0,0,1,0,1,0.28,0.32751837,0.31459934
0,1,1,1,0,0,0,0,0,0,0,0,0.97,0.47886688,0.5651844
0,0,1,1,0,0,0,0,0,0,0,0,0.63,0.57797974,0.66521823
0,1,1,1,0,0,0,0,0,0,0,0,0.33,0.29768163,0.27449426
0,0,0,1,0,0,1,0,0,1,0,0,0.37,0.48922902,0.5732738
0,1,1,1,0,0,0,0,1,1,0,0,0.39,0.3842976,0.38604152
0,1,1,1,0,0,0,0,1,0,0,0,0.46,0.40171733,0.42472196
0,0,0,1,0,0,0,0,1,1,0,0,0.61,0.47666544,0.5688244
0,1,1,1,0,0,0,0,0,0,0,0,0.22,0.32707775,0.3129449
0,1,1,1,0,0,0,0,0,0,0,0,0.02,0.31407657,0.29572505
0,1,1,1,0,0,0,0,0,0,0,0,0.14,0.24773078,0.21648464
0,1,1,0,0,0,0,1,0,0,1,0,0.35,0.3051103,0.25725263
0,1,1,1,0,0,0,0,0,0,0,0,0.39,0.3353483,0.3241807
0,1,1,1,0,0,0,0,1,1,0,0,0.3,0.37364432,0.3704389
0,1,1,0,0,0,0,0,0,0,0,0,0.22,0.28674278,0.2579849
0,0,0,1,0,0,0,0,0,0,0,1,0.03,0.3221559,0.24094431
0,1,1,1,0,0,0,0,0,0,0,0,0.66,0.44176126,0.49742967
0,1,1,1,0,0,0,0,0,1,0,0,0.05,0.29122072,0.27087525
1,1,1,1,0,0,0,0,0,0,0,0,0.75,0.784065,0.7997065
0,1,1,1,0,0,0,0,0,0,0,0,0.34,0.35342255,0.35013235
0,1,1,1,0,0,0,0,0,0,0,0,0.86,0.46482307,0.540422
0,1,1,1,0,0,0,0,0,0,0,0,0.26,0.32390952,0.30873895
0,1,1,1,0,0,0,0,0,0,0,0,0.52,0.43049136,0.47663957
0,1,1,1,0,1,0,0,0,0,0,0,0.58,0.30433995,0.31153184
0,1,1,0,0,0,0,0,0,0,0,0,0.87,0.67276853,0.80487597
0,0,0,1,0,0,0,0,0,0,0,0,0.73,0.58186877,0.69384223
0,1,1,1,0,0,0,0,0,0,0,0,0.41,0.32028002,0.3039322
0,0,0,1,0,0,0,0,0,0,1,0,0.26,0.34035748,0.29128432
0,1,1,1,0,0,0,0,0,0,0,0,0.21,0.26823777,0.23802678
0,1,1,1,0,0,0,0,0,0,0,0,0.13,0.29348096,0.26913124
0,1,1,1,0,1,0,0,0,0,0,0,0.36,0.3405079,0.35485518
0,1,1,1,0,0,0,0,1,1,0,0,0.18,0.3181367,0.29705104
0,1,1,1,0,0,0,0,1,0,0,0,0.26,0.35697216,0.3607133
0,1,1,1,0,0,0,0,0,0,0,0,0.43,0.4201842,0.45796862
0,1,1,1,0,0,0,0,0,0,0,0,0.42,0.48083997,0.5685337
0,1,1,0,0,0,0,0,0,0,0,0,0.39,0.34998518,0.351515
0,1,1,0,0,0,1,0,0,1,0,0,0.45,0.3929134,0.44271255
0,1,1,1,0,0,0,0,1,0,0,0,0.37,0.37841192,0.39078945
0,0,0,0,0,0,0,0,0,0,1,1,0.73,0.44171485,0.5245123
0,1,1,1,0,0,0,0,0,0,0,0,0.28,0.3614456,0.36199003
0,1,1,0,0,0,0,0,0,0,0,0,0.38,0.3914276,0.4203414
0,0,1,1,0,0,0,0,0,0,0,1,0.26,0.32861108,0.27980015
0,1,1,1,0,0,0,0,0,0,1,0,0.9,0.4511823,0.51530284
0,1,1,1,0,0,0,0,0,0,0,0,1.0,0.50150806,0.59998876
1,1,1,1,0,0,0,0,0,0,0,0,0.3,0.3030855,0.2919888
0,1,1,1,1,0,0,0,0,0,0,0,0.32,0.36323172,0.3683926
0,0,0,1,0,0,0,0,0,0,0,0,0.37,0.32230446,0.30174103
0,0,0,1,0,0,0,0,0,0,0,0,0.35,0.3591038,0.3577079
0,1,1,0,0,0,0,0,0,0,0,0,0.37,0.38469025,0.40906715
0,0,0,1,0,0,0,0,0,0,0,0,0.36,0.38825953,0.40767002
0,1,1,1,0,0,0,0,0,0,0,0,0.31,0.26133308,0.23031656
0,1,1,1,0,0,0,0,0,0,0,0,0.28,0.3287304,0.3151513
1,1,1,1,0,0,0,0,0,0,0,0,0.5,0.42384338,0.4703757
0,1,1,1,0,0,1,0,0,0,0,0,0.48,0.34787625,0.33824733
0,0,0,1,0,0,0,0,1,1,0,0,0.7,0.44364375,0.50121105
0,0,1,1,0,0,0,0,0,0,0,1,0.62,0.63635087,0.7711367
0,0,1,0,0,0,0,0,0,0,0,0,0.37,0.58084756,0.66437
0,1,1,1,0,0,0,0,0,0,0,0,0.2,0.26488632,0.23420648
0,1,1,1,0,0,1,0,1,0,0,0,0.04,0.27775696,0.22433579
0,0,1,1,0,0,0,0,0,0,0,0,0.12,0.4067853,0.41918677
0,0,0,1,0,0,0,0,1,1,0,0,0.38,0.45375976,0.5224488
0,1,1,1,0,0,0,0,1,1,0,0,0.18,0.3098252,0.2869317
0,1,1,1,0,0,0,0,0,0,0,0,0.09,0.22558427,0.1952795
0,1,1,1,0,1,0,0,0,0,0,0,0.29,0.33520287,0.3483315
0,1,1,0,0,0,0,0,0,0,0,0,0.34,0.31973693,0.3036423
0,1,1,1,0,0,1,0,1,1,0,0,0.29,0.34861538,0.32840303
0,0,1,1,0,0,0,0,0,0,0,0,0.35,0.47482094,0.5246167
0,0,1,1,0,0,0,0,0,0,0,1,0.69,0.5300364,0.6235852
0,1,1,1,0,0,0,0,0,0,0,0,0.46,0.43622407,0.48716846
0,0,0,1,0,0,0,0,0,0,0,0,0.28,0.31120816,0.28677678
0,1,1,1,0,0,1,0,0,0,0,0,0.36,0.29555696,0.26750165
0,1,1,0,0,0,1,0,0,1,0,0,0.57,0.3980472,0.4515605
0,1,1,1,0,0,0,0,0,0,0,0,0.37,0.3701991,0.37528905
0,1,1,1,0,0,0,0,1,1,0,0,0.29,0.45663399,0.5013235
0,1,1,1,0,0,0,0,0,0,0,0,0.47,0.3442091,0.33674294
0,1,1,1,0,0,0,0,0,0,0,0,0.49,0.44942158,0.5119423
0,1,1,1,0,0,0,0,0,0,1,0,0.27,0.37436906,0.37833643
0,1,1,0,1,1,0,1,0,0,0,0,0.31,0.30583185,0.26029098
0,0,1,1,0,0,0,0,0,0,0,1,0.18,0.39669436,0.37393734
0,1,1,1,0,0,0,0,0,0,0,0,0.29,0.28746706,0.2615318
0,1,1,0,0,0,1,1,0,0,0,0,0.43,0.43461075,0.53582346
0,1,1,0,0,0,0,0,0,0,0,0,0.3,0.34671634,0.3461666
0,1,1,1,0,1,0,0,1,1,0,0,0.25,0.3102376,0.29058388
0,1,1,0,0,0,0,0,0,0,0,0,0.37,0.33909467,0.33381698
0,0,0,1,0,0,0,0,0,0,0,0,0.21,0.32074848,0.29960224
0,1,1,1,0,0,0,0,0,0,0,0,0.03,0.45717177,0.5264786
0,1,1,1,0,0,1,0,0,0,0,0,0.49,0.38678756,0.39708385
0,1,1,1,0,0,0,0,0,0,0,0,0.5,0.43867105,0.4916613
0,1,1,1,0,0,0,0,1,1,0,0,0.3,0.30401298,0.27994338
0,1,1,0,0,0,1,0,0,0,0,0,0.68,0.41822028,0.4684884
0,1,1,1,0,1,0,0,1,1,0,0,0.48,0.3478445,0.33477643
0,0,0,1,0,0,0,0,0,0,0,0,0.4,0.3425831,0.3313567
0,1,1,1,0,0,0,0,1,0,0,0,0.79,0.43162078,0.470606
0,1,1,1,0,0,0,0,0,0,0,0,0.16,0.27179718,0.24218114
0,0,0,0,1,0,0,0,1,0,0,0,0.41,0.4623856,0.4950742
0,0,1,1,0,0,0,0,1,1,0,1,0.23,0.3332329,0.31474203
0,1,1,1,0,0,0,0,0,0,0,0,0.09,0.41276813,0.44468412
0,1,1,1,0,0,0,0,0,0,0,0,0.55,0.41004935,0.43984324
0,1,1,1,0,0,0,0,0,0,0,0,0.23,0.34169552,0.33313426
0,1,1,1,0,0,0,0,0,0,0,0,0.24,0.25021073,0.21896711
0,1,1,1,0,0,0,0,0,0,0,0,0.49,0.39572507,0.4154667
0,1,1,0,0,0,0,0,0,0,0,0,0.3,0.35656485,0.3623073
0,1,1,1,0,1,0,0,0,0,0,0,0.49,0.30684215,0.31446785
0,1,1,1,0,0,0,0,0,0,0,0,0.31,0.3071745,0.2867205
0,1,1,1,0,0,0,0,0,0,0,0,0.57,0.35940963,0.3589642
0,0,1,1,0,0,0,0,0,0,0,0,0.26,0.3257094,0.30101937
0,1,1,0,0,0,0,0,0,0,0,0,0.22,0.3178463,0.30081138
0,1,1,1,0,0,0,0,0,0,0,0,0.69,0.3945555,0.41356033
0,1,1,1,0,0,0,0,0,0,0,0,0.03,0.36090323,0.3611829
0,1,1,1,0,0,0,0,0,0,0,0,0.27,0.22281675,0.19274102
0,1,1,1,0,0,0,0,1,1,0,0,0.28,0.31604266,0.2944923
0,0,1,1,0,0,0,0,0,0,0,1,0.29,0.30924913,0.25619826
0,1,1,1,0,0,1,0,1,1,0,0,0.3,0.33443475,0.31001762
0,1,1,1,0,0,0,0,0,0,0,0,0.94,0.5263516,0.6334753
0,1,1,1,0,0,0,0,0,0,0,0,0.52,0.38194564,0.39345673
0,1,1,1,0,0,0,0,1,1,0,0,0.46,0.36430186,0.35701948
1,1,1,1,0,0,0,0,0,0,0,0,0.49,0.3301704,0.32770413
0,1,1,1,0,0,0,0,0,0,0,0,0.74,0.47188345,0.55301297
0,1,1,1,0,0,0,0,0,0,0,0,0.23,0.27431512,0.24521792
0,0,1,1,0,0,0,0,0,0,0,0,0.26,0.33921123,0.32048225
0,1,1,1,0,0,0,0,0,0,0,0,0.31,0.3047868,0.28361934
0,1,1,1,0,0,0,0,0,0,0,0,0.66,0.59626466,0.70705175
0,1,1,1,0,0,0,0,0,0,0,0,0.33,0.3175017,0.30024293
0,1,1,0,0,0,1,0,0,1,0,0,0.58,0.34302586,0.36146536
0,1,1,1,0,0,0,0,0,0,0,0,0.37,0.38599402,0.39979792
0,1,1,1,0,0,0,0,0,0,0,0,0.06,0.25805613,0.22689271
1,1,1,1,0,0,0,0,0,0,0,0,0.31,0.35511145,0.36337686
0,1,1,1,0,1,0,0,0,1,1,0,0.44,0.35558984,0.36448917
0,1,1,1,0,0,0,0,0,0,0,0,0.3,0.345117,0.33805114
0,0,1,1,0,0,0,0,0,0,0,1,0.43,0.3451055,0.3010161
0,1,1,1,0,0,0,0,0,0,0,0,0.47,0.45884672,0.5295671
0,1,1,1,0,0,0,0,0,0,0,0,0.02,0.6079922,0.71747196
0,0,1,1,0,0,0,0,1,1,0,1,0.18,0.34697923,0.3321611
0,1,1,1,0,0,0,0,0,0,0,0,0.2,0.32802233,0.31420493
0,1,1,1,0,0,0,0,0,0,0,0,0.5,0.4340361,0.48314914
0,1,1,1,0,0,0,0,0,0,0,0,0.75,0.5521646,0.6649555
0,1,1,1,0,0,0,0,0,0,0,0,0.25,0.66816413,0.7704676
0,1,1,1,0,0,1,0,0,0,0,0,0.16,0.34841248,0.3390208
0,0,1,1,0,0,0,0,0,0,0,0,0.28,0.31464568,0.28553876
0,1,1,1,0,0,0,0,0,0,0,0,1.0,0.47113603,0.55169505
0,1,1,1,0,0,0,0,0,0,0,0,0.67,0.5529224,0.66580766
0,1,1,1,0,0,0,0,0,0,0,0,0.86,0.46221867,0.5357112
0,1,1,1,0,0,0,0,0,0,0,0,0.64,0.3805949,0.3913514
1,1,1,1,0,0,0,0,0,0,0,0,1.0,0.43154454,0.48253775
0,1,1,1,0,0,0,0,0,0,0,0,0.39,0.3210432,0.30494922
0,1,1,0,0,0,1,0,1,1,0,0,0.46,0.40431848,0.47341853
0,0,0,1,0,0,0,0,1,0,0,0,0.64,0.3351518,0.3164851
0,1,1,0,0,0,0,0,1,0,0,0,0.3,0.3227088,0.304632
0,0,0,1,0,0,0,0,0,0,0,0,0.43,0.37904865,0.39107174
0,0,0,0,1,0,1,0,0,0,0,0,0.32,0.3424369,0.36044455
0,1,1,1,0,0,0,1,0,0,0,0,0.46,0.5224431,0.59832656
0,1,1,1,0,0,0,0,1,0,0,0,0.28,0.41760325,0.44882575
0,0,1,1,0,0,0,0,0,0,0,0,0.36,0.5493306,0.6332203
0,1,1,1,0,0,0,0,0,0,0,0,0.08,0.30181903,0.2797863
0,1,1,1,1,0,0,0,1,1,0,0,0.37,0.44257623,0.42293048
0,1,1,1,0,0,0,1,0,0,1,0,0.59,0.4528213,0.5017849
0,0,1,0,0,0,0,0,0,0,0,0,0.5,0.33367085,0.31251496
0,0,1,1,0,0,1,0,0,0,0,0,0.04,0.4547184,0.5098573
0,0,1,1,0,0,0,0,0,0,0,0,0.38,0.32880625,0.30545208
0,1,1,1,0,0,0,0,1,1,1,0,0.35,0.27424055,0.23456745
0,0,0,1,0,0,0,0,0,0,0,0,0.22,0.39490527,0.42006454
0,1,1,1,0,0,0,0,0,0,0,0,0.4,0.34077725,0.33182082
0,0,1,1,0,0,0,0,0,0,0,0,0.21,0.2483911,0.2108696
0,1,1,1,0,0,0,0,0,0,0,0,0.81,0.35356683,0.350344
0,1,1,1,0,0,0,0,0,0,0,0,0.27,0.308335,0.2882287
0,1,1,1,0,0,0,0,1,0,0,0,0.31,0.3100629,0.29830325
0,1,1,1,0,0,0,0,0,0,0,0,0.4,0.33935517,0.3297919
0,1,1,0,0,0,1,0,1,1,0,0,1.0,0.5089141,0.6740609
1,1,1,1,0,0,0,0,0,0,0,0,0.24,0.29582447,0.2828525
0,1,1,0,0,0,0,0,0,0,0,0,0.17,0.29649293,0.2705137
0,1,1,1,0,0,0,0,1,1,0,0,0.48,0.41134334,0.42683172
0,1,1,1,0,0,0,0,0,0,0,0,0.16,0.25465018,0.22343893
0,0,1,1,0,0,0,0,0,0,0,1,0.27,0.30011705,0.2455473
0,1,1,1,0,0,0,0,1,1,0,0,0.14,0.30787593,0.2845814
0,0,1,1,0,0,0,0,0,0,0,0,0.3,0.36659545,0.36044806
0,1,1,1,0,1,0,0,0,0,0,0,0.27,0.28893614,0.29411945
0,1,1,1,0,1,0,0,0,0,0,0,0.29,0.4192254,0.46031174
1,1,1,1,0,0,0,0,0,0,0,0,0.55,0.309495,0.30021697
0,1,1,1,0,0,0,0,0,0,0,0,0.28,0.30700344,0.28649792
0,0,1,1,0,0,0,0,0,0,0,0,0.28,0.33041385,0.3077672
1,1,1,1,0,0,0,0,0,0,0,0,0.31,0.33058602,0.32827443
0,1,1,0,0,0,0,1,0,0,1,0,0.37,0.3731514,0.35749882
0,1,1,1,0,1,0,0,0,0,0,0,0.23,0.27394897,0.27766946
0,1,1,1,0,0,0,0,0,0,0,0,0.14,0.34560794,0.3387595
0,1,1,1,0,0,0,0,0,0,0,0,0.26,0.41701898,0.4522881
0,1,1,1,0,0,0,0,0,0,0,0,0.55,0.3616975,0.36236516
0,1,1,1,0,0,0,0,1,1,0,0,0.13,0.39732224,0.40555128
0,0,1,1,0,0,0,0,0,0,0,1,0.62,0.42896986,0.4272584
0,1,1,1,0,0,1,0,0,0,0,0,0.14,0.36306605,0.3605873
1,1,1,1,0,0,0,0,0,0,0,0,0.16,0.29532918,0.28223926
0,1,1,1,0,1,0,0,0,0,0,0,0.18,0.46946234,0.5389796
0,1,1,0,0,0,1,0,1,0,0,0,0.4,0.44310197,0.4917156
0,0,0,1,0,0,1,0,0,0,0,0,0.06,0.4138562,0.49059948
0,1,1,1,0,0,0,0,0,0,0,0,1.0,0.70955086,0.8003246
0,1,1,1,0,0,0,0,0,0,0,0,0.35,0.26616237,0.23563986
0,1,1,1,0,0,0,0,0,0,0,0,1.0,0.4875362,0.5792483
0,1,1,1,0,0,0,0,0,0,0,0,0.32,0.41005135,0.43984675
0,1,1,1,0,0,0,0,0,0,0,0,0.27,0.43851775,0.49137646
0,1,1,1,0,0,0,0,0,0,0,0,0.23,0.36334196,0.36483988
0,1,1,1,0,0,0,0,0,0,0,0,0.31,0.30770105,0.28740495
0,0,0,1,0,1,0,0,0,0,0,0,0.73,0.31538612,0.2918733
0,0,1,1,0,0,0,0,1,0,0,1,0.27,0.2984801,0.25811014
0,0,0,0,0,0,1,0,0,0,0,0,0.18,0.31670088,0.274157
0,1,1,1,0,0,0,0,0,0,0,0,0.31,0.39638865,0.41654938
0,1,1,1,0,0,0,0,1,1,0,0,0.32,0.39725134,0.40544406
0,1,1,1,0,0,0,0,0,0,0,0,0.27,0.29762417,0.27442122
0,1,1,1,0,0,0,1,0,0,1,0,0.19,0.3202955,0.32533658
0,1,1,1,0,0,0,0,0,0,0,0,0.19,0.28192562,0.25459367
0,1,1,1,0,0,0,0,0,0,0,0,0.36,0.41003028,0.43980947
0,0,1,0,0,0,0,0,0,0,0,0,0.12,0.2794413,0.24331287
0,1,1,1,0,0,0,0,0,0,0,0,0.34,0.28625125,0.26000735
0,1,1,1,0,0,0,0,1,1,0,0,0.17,0.30899423,0.28592998
0,1,1,1,0,0,0,0,0,0,0,0,0.32,0.30607146,0.2852859
0,1,1,1,0,0,0,0,0,0,0,0,0.12,0.3112178,0.29198384
0,1,1,1,0,0,0,0,0,0,0,0,0.28,0.2887452,0.2631355
0,1,1,1,0,0,0,0,0,0,0,0,0.43,0.4016018,0.42514688
0,1,1,1,0,0,0,0,0,0,0,0,0.32,0.279284,0.2513116
0,1,1,1,0,0,0,1,0,0,0,0,0.84,0.5758934,0.67367435
0,1,1,1,0,0,0,0,0,0,0,0,0.31,0.32614797,0.31170738
0,1,1,1,0,0,0,0,0,0,0,0,0.71,0.67399186,0.7750507
0,1,1,1,0,0,0,0,0,0,0,0,0.24,0.31467915,0.29651695
0,1,1,1,0,0,0,0,0,0,0,0,0.3,0.29575586,0.272033
0,1,1,1,0,0,1,0,0,0,0,0,0.54,0.29842347,0.27108842
0,1,1,1,0,0,0,0,0,0,0,0,0.11,0.32614064,0.31169763
0,1,1,1,0,0,0,0,0,0,0,0,0.43,0.3326611,0.3204855
0,1,1,1,0,0,0,0,0,0,0,0,0.71,0.57758194,0.69070756
0,1,1,1,0,0,0,0,0,0,0,0,0.11,0.3223548,0.3066848
0,1,1,1,0,0,0,0,0,0,0,0,0.21,0.27441964,0.24534452
0,1,1,1,0,0,0,0,1,1,0,0,0.32,0.37678796,0.37502104
0,1,1,1,0,0,0,0,0,0,0,0,0.42,0.3199205,0.30345377
0,1,1,1,0,0,0,0,0,0,0,0,0.31,0.3440281,0.33648238
0,0,1,1,0,0,0,0,1,1,0,0,0.24,0.33762795,0.3128786
1,1,1,1,0,0,0,0,0,0,0,0,0.39,0.5223361,0.59907854
0,0,0,0,0,0,1,0,0,0,0,1,0.74,0.5080107,0.6120105
0,1,1,1,0,0,0,0,0,0,0,0,0.31,0.40222803,0.42620176
0,1,1,1,0,0,0,0,0,0,0,0,0.02,0.35018936,0.34540528
0,1,1,1,0,0,0,0,0,0,0,0,0.51,0.40757304,0.43547454
0,1,1,1,0,0,0,0,0,0,0,0,0.48,0.46875602,0.5474653
1,1,1,0,0,0,0,0,0,0,0,0,0.35,0.3333792,0.26587796
0,1,1,1,0,0,0,0,0,0,0,0,0.44,0.31762117,0.30040124
0,1,1,1,0,0,0,0,0,0,0,0,0.3,0.26953635,0.2395353
0,0,0,1,0,0,0,0,0,0,0,0,0.42,0.55718493,0.671508
0,1,1,1,0,0,0,0,1,1,0,0,0.4,0.37669992,0.3748924
0,1,1,1,0,0,0,0,0,0,0,0,1.0,0.7372441,0.81700456
0,0,1,1,0,0,0,0,0,0,0,1,0.13,0.26528937,0.20820121
0,1,1,1,0,0,0,0,0,1,0,0,0.23,0.32376406,0.31166047
0,1,1,1,0,0,0,0,0,0,0,0,0.23,0.3488294,0.34342605
0,1,1,1,0,0,0,0,0,0,0,0,0.26,0.3064656,0.28579825
0,1,1,1,0,0,0,0,0,1,1,0,0.43,0.5120292,0.5842632
0,1,1,1,0,0,1,0,0,0,0,0,0.53,0.45627794,0.5168533
0,1,1,1,0,0,0,0,0,0,0,0,0.34,0.33089408,0.31807345
0,1,1,1,0,0,0,0,0,1,0,0,0.31,0.39145246,0.4093755
0,0,1,0,0,0,0,0,0,0,0,0,0.02,0.34148508,0.32345295
0,1,1,1,0,0,0,0,1,1,0,0,0.29,0.3339304,0.31671613
0,1,1,1,0,0,0,0,1,1,0,0,0.47,0.44559938,0.4822312
0,1,1,1,0,0,0,0,0,0,0,0,1.0,0.64998686,0.755513
1,1,1,1,0,0,0,0,0,0,0,0,0.42,0.47234517,0.54043007
0,0,1,1,0,1,0,0,0,0,0,0,0.36,0.41791004,0.47650617
0,1,1,0,0,0,0,1,0,0,0,0,0.32,0.30315918,0.2907789
0,1,1,1,0,0,1,0,1,0,0,0,0.32,0.29915136,0.24847178
0,1,1,1,0,0,1,0,0,0,0,0,0.26,0.29658654,0.26878637
0,1,1,1,0,0,1,0,0,0,0,0,0.45,0.3552232,0.34894705
0,1,1,1,0,0,0,0,0,0,0,0,0.19,0.28307182,0.25602716
0,1,1,1,0,0,0,0,0,0,0,0,0.28,0.3722382,0.3784192
0,1,1,1,0,0,0,0,0,0,0,0,0.6,0.3343794,0.3228398
0,1,1,1,0,1,0,0,0,0,0,0,1.0,0.73204595,0.79966074
0,1,1,1,0,0,0,0,0,0,0,0,0.12,0.30737534,0.286982
0,1,1,1,0,0,0,0,0,0,0,0,0.03,0.30580434,0.28493893
0,0,1,1,0,1,0,0,0,0,0,1,0.37,0.30468038,0.29711574
0,0,1,0,0,0,0,0,0,0,0,1,0.61,0.4615159,0.43384132
0,1,1,1,0,0,0,0,0,0,0,0,0.28,0.26927456,0.23923066
0,1,1,1,0,0,0,0,0,0,0,0,0.28,0.43471503,0.4843966
0,1,1,0,0,0,0,0,0,0,0,0,0.32,0.30994052,0.28923264
1,1,1,1,0,0,0,0,0,0,0,0,0.24,0.28560963,0.27036947
0,1,1,1,0,0,0,0,0,0,0,0,0.42,0.30273467,0.2809655
0,1,1,0,0,0,0,1,0,0,0,0,0.64,0.3918209,0.44442487
0,1,1,1,0,0,0,0,0,0,0,0,1.0,0.46476936,0.54032564
0,1,1,1,0,0,0,0,1,1,0,0,0.46,0.41446933,0.43157244
0,1,1,1,0,0,0,0,1,1,0,0,0.33,0.30767855,0.28434327
0,1,1,1,0,0,0,0,0,0,0,0,0.24,0.29748064,0.2742388
0,1,1,1,0,0,0,0,0,0,0,0,0.3,0.3427949,0.3347102
0,1,1,1,0,0,0,0,1,1,0,0,0.31,0.3312623,0.31335723
0,0,1,1,0,0,0,0,1,1,0,1,0.56,0.37035578,0.36395818
0,1,1,1,0,0,0,0,0,0,0,0,0.3,0.449931,0.5129123
0,1,1,1,0,0,0,0,0,0,0,0,0.69,0.4084855,0.437074
0,1,1,1,0,0,0,0,0,0,0,0,0.26,0.27958784,0.25168768
0,1,1,1,0,0,0,0,0,0,0,0,0.22,0.28936294,0.26391292
0,0,0,0,0,0,0,0,0,0,0,0,0.23,0.32853022,0.27773347
0,1,1,1,0,1,0,0,0,1,0,0,0.24,0.2916956,0.2593699
0,1,1,0,0,0,0,0,1,0,0,0,0.23,0.39056563,0.40779796
0,0,1,1,0,0,0,0,0,0,0,1,0.16,0.3328297,0.28511757
0,0,1,1,0,0,0,0,0,0,0,0,0.6,0.5217398,0.5973341
1,1,1,1,0,0,0,0,0,0,0,0,0.55,0.4103292,0.44857925
1,1,1,1,0,0,0,0,0,0,0,0,0.23,0.3298757,0.32730013
0,1,1,1,1,0,0,0,0,0,0,0,0.98,0.52607167,0.6609012
0,1,1,1,0,0,0,0,0,0,0,0,0.33,0.30779415,0.28752583
0,1,1,1,0,0,1,0,0,0,0,0,0.24,0.2686919,0.23564467
0,1,1,1,0,0,0,0,0,0,0,0,0.28,0.3778209,0.38704062
0,1,1,1,0,0,0,0,0,0,0,0,0.95,0.7658566,0.8316139
0,0,0,1,0,0,0,0,0,0,0,0,0.25,0.32214823,0.3015259
0,0,1,0,0,0,0,0,0,1,0,0,0.95,0.5517374,0.68152386
0,0,1,1,0,0,0,0,0,0,0,1,0.25,0.27438563,0.21738529
0,0,1,1,0,0,0,0,0,0,0,1,0.38,0.3302773,0.28189296
0,1,1,1,0,0,0,0,0,0,0,0,0.28,0.32428512,0.30923602
0,1,1,1,0,0,0,0,1,1,0,0,0.53,0.3697951,0.3648653
0,0,1,1,0,0,1,0,0,0,0,1,0.3,0.40278894,0.42159152
0,0,0,0,0,0,1,0,0,0,0,1,0.37,0.43991154,0.4562315
0,1,1,1,0,0,0,0,0,0,0,0,0.3,0.30528498,0.2842651
0,1,1,1,0,0,0,0,0,0,0,0,0.2,0.32906482,0.3155988
0,0,1,1,0,0,0,0,0,0,0,1,0.31,0.323234,0.27310458
0,1,1,0,0,0,1,0,0,1,0,0,0.5,0.3964881,0.448877
0,0,1,1,0,0,0,0,0,0,0,0,0.19,0.6967987,0.7588148
0,1,1,1,0,0,0,0,0,1,1,0,0.29,0.3918278,0.4055314
0,0,0,0,0,0,1,0,0,0,0,0,0.4,0.45157212,0.55842674
0,1,1,1,0,0,0,0,0,1,0,0,0.21,0.33220527,0.32267025
0,0,1,1,0,0,0,0,0,0,0,1,0.29,0.31736845,0.26592287
0,1,1,0,0,0,1,0,0,0,0,0,0.65,0.43948212,0.51275903
0,1,1,1,0,0,0,0,0,0,0,0,0.5,0.35230723,0.3484983
0,0,0,1,0,0,1,0,0,0,0,0,0.62,0.39295253,0.44964772
0,1,1,1,0,0,0,0,0,0,0,0,0.22,0.3204431,0.30414933
1,1,1,1,0,0,0,0,0,0,0,0,0.79,0.48937076,0.56126386
0,1,1,0,0,0,0,0,0,0,0,0,0.24,0.30048203,0.275985
0,1,1,1,0,0,0,0,0,0,0,0,0.45,0.39652866,0.41677794
0,1,1,1,0,0,0,1,0,0,0,0,0.27,0.3928632,0.3802124
0,1,1,1,0,1,0,0,0,0,0,0,0.16,0.39618552,0.4266518
0,1,1,1,0,0,0,0,0,1,1,0,0.29,0.27562207,0.25928167
0,0,0,1,0,0,0,0,0,0,0,0,0.24,0.31799713,0.2958439
0,1,1,1,0,0,0,0,1,1,0,0,0.7,0.6055795,0.70523757
0,1,1,1,0,0,0,0,0,0,0,0,0.5,0.36559248,0.36825597
0,1,1,1,0,0,0,0,0,0,0,0,0.32,0.4030498,0.42761737
0,0,1,1,0,0,0,0,0,0,1,0,0.19,0.35721534,0.35693777
0,1,1,1,0,0,0,0,0,0,0,0,0.35,0.38426098,0.39707464
0,0,1,1,0,0,0,0,0,0,0,1,0.36,0.38144654,0.3514178
0,0,1,1,0,0,0,0,0,0,0,0,0.27,0.2560499,0.21795619
0,0,1,1,0,0,0,0,0,0,0,0,0.53,0.5102583,0.5803321
0,1,1,1,0,0,1,0,0,0,0,0,0.25,0.26866183,0.2356106
0,0,0,1,0,0,0,0,1,0,0,0,0.1,0.2549762,0.22285847
0,1,1,1,0,0,0,0,0,0,0,0,0.38,0.3658006,0.3685726
0,0,1,1,0,0,0,0,1,0,0,0,0.59,0.35825634,0.36407736
0,0,0,1,0,0,0,0,0,0,0,0,0.62,0.5111839,0.6236247
0,1,1,0,0,0,0,1,0,0,0,0,0.5,0.43192068,0.5286593
0,1,1,0,0,0,1,1,0,0,1,0,0.26,0.3047958,0.23860991
0,1,1,1,0,0,0,0,0,0,0,0,0.44,0.61646414,0.72532946
0,1,1,1,0,0,0,0,0,0,0,0,0.41,0.36668092,0.36991292
0,1,1,1,0,0,0,0,1,1,0,0,1.0,0.4670369,0.5193585
0,1,1,0,0,0,1,0,1,0,0,0,0.67,0.45092884,0.5068875
0,0,1,1,0,0,0,0,0,0,0,1,0.07,0.3114347,0.2587925
0,1,1,1,0,0,1,0,0,0,0,0,0.26,0.38350153,0.39193583
0,0,1,1,0,0,0,0,1,1,0,1,0.71,0.6421767,0.7942896
0,1,1,1,0,0,0,0,1,0,0,0,0.71,0.363985,0.37038904
0,1,1,1,0,0,0,0,0,1,0,0,0.53,0.39435378,0.41381207
0,1,1,1,0,0,0,0,0,0,0,0,0.31,0.38170522,0.39308167
0,1,1,0,0,0,1,1,0,0,0,0,0.4,0.30913004,0.2992225
0,1,1,1,0,0,0,0,0,0,0,0,0.25,0.3408299,0.33189607
0,0,1,1,0,0,0,0,0,0,0,0,0.23,0.30695668,0.2753169
0,0,0,0,0,0,1,0,0,0,0,0,0.32,0.3207031,0.28020573
0,1,1,0,0,0,0,0,0,0,0,0,0.38,0.4167087,0.4641858
0,1,1,1,0,0,0,1,0,1,1,0,0.27,0.32513803,0.3315453
0,0,0,1,0,0,0,0,0,0,0,0,0.21,0.339642,0.32685548
0,1,1,1,0,0,0,0,1,0,0,0,0.22,0.32194057,0.3136675
0,1,1,1,0,0,0,0,0,0,0,0,0.34,0.33459622,0.32313934
0,0,1,1,0,0,0,0,1,1,0,1,0.48,0.49269962,0.57737815
0,0,0,0,0,0,1,0,0,0,0,0,0.26,0.2996176,0.2494864
0,1,1,1,0,0,0,0,0,0,0,0,0.28,0.3983422,0.41974154
0,1,1,1,0,0,0,0,1,0,0,0,0.16,0.339598,0.33712405
0,1,1,1,0,0,0,0,1,1,0,0,0.29,0.28055146,0.2542295
0,1,1,1,0,0,0,0,0,0,0,0,0.35,0.3311518,0.31842464
0,1,1,1,0,0,1,0,0,0,0,0,1.0,0.6451396,0.780813
0,1,1,1,0,0,0,0,0,0,0,0,0.59,0.3338892,0.32216722
0,0,0,1,0,0,0,0,0,0,0,0,0.21,0.27314988,0.24227104
0,1,1,1,0,0,0,0,0,0,1,0,0.41,0.38046902,0.3885676
0,1,1,1,0,0,0,0,0,0,0,0,0.18,0.30883145,0.28887478
0,0,0,1,0,0,0,0,0,0,0,0,0.46,0.5445179,0.6596139
0,1,1,1,0,0,0,0,0,0,0,0,0.27,0.2946979,0.27068108
0,1,1,1,0,0,0,0,0,0,0,0,0.82,0.5528355,0.6657103
0,1,1,1,0,0,0,0,0,0,0,0,0.39,0.34750178,0.34149915
0,1,1,1,0,0,0,1,0,0,0,0,0.37,0.42399138,0.42897445
0,1,1,0,0,0,0,0,1,0,0,0,0.26,0.3768842,0.38473716
0,1,1,1,0,0,0,0,0,0,0,0,0.58,0.43168822,0.47883677
0,1,1,1,0,1,0,0,0,0,1,0,0.42,0.35271975,0.37380838
0,1,1,1,0,1,0,0,0,0,1,0,0.65,0.3759387,0.40841898
0,1,1,0,0,1,0,0,0,0,0,0,0.2,0.2652731,0.23613784
0,1,1,1,0,0,0,0,0,0,0,0,0.31,0.27818435,0.2499537
0,0,1,1,0,0,0,0,0,0,0,1,0.27,0.31600007,0.2642673
0,1,1,1,0,0,0,0,0,0,0,0,0.3,0.33844548,0.32849735
0,1,1,1,0,0,1,0,0,1,0,0,0.5,0.40407076,0.41758972
0,1,1,0,0,1,1,0,1,0,0,0,0.03,0.41690627,0.38665172
0,0,0,1,0,0,0,0,0,0,0,0,0.22,0.29818493,0.2705854
0,1,1,1,0,0,0,0,0,0,0,0,0.49,0.35824925,0.35724467
0,1,1,1,0,0,0,0,0,0,0,0,0.29,0.33057103,0.31763348
0,1,1,0,0,0,0,1,0,1,1,0,0.22,0.31049365,0.27613583
0,0,1,1,0,0,0,0,1,0,0,0,0.53,0.39093208,0.40828878
0,1,1,1,0,0,0,0,0,0,0,0,0.58,0.6076743,0.71718776
0,0,1,1,0,0,0,0,0,0,0,1,0.25,0.29614404,0.24100927
0,1,1,1,0,0,0,0,0,0,0,0,0.68,0.3589006,0.35820943
0,1,1,1,0,0,0,0,0,0,0,0,0.18,0.35430163,0.35142276
0,1,1,1,0,0,0,1,0,0,0,0,0.27,0.28139645,0.23712306
0,1,1,1,0,0,1,0,0,0,0,0,0.34,0.2720178,0.23943381
0,1,1,1,0,0,0,0,0,0,0,0,0.67,0.6791578,0.77904516
0,1,1,1,0,0,0,0,0,0,0,0,0.27,0.40435973,0.4298764
0,1,1,1,0,0,0,0,1,0,0,0,0.4,0.3855762,0.40113816
0,1,1,1,0,0,0,0,0,0,0,0,0.09,0.27172744,0.24209742
0,1,1,0,0,0,1,1,0,0,0,0,0.36,0.3108993,0.30177566
0,1,1,1,0,0,0,0,0,0,0,0,0.2,0.3005696,0.27818164
0,1,1,1,0,0,0,0,0,0,0,0,0.59,0.38254395,0.39439052
0,1,1,1,0,0,0,0,0,0,0,0,0.75,0.5848871,0.69724727
0,0,1,1,0,0,1,0,0,0,0,1,0.56,0.3467915,0.33454746
0,1,1,1,0,0,0,0,0,0,0,0,0.02,0.33276516,0.32062784
0,1,1,1,0,0,0,0,1,1,0,0,0.54,0.39887017,0.4078943
0,1,1,1,0,0,0,0,0,0,0,0,0.22,0.31347257,0.29493245
0,1,1,1,0,0,1,0,0,0,1,0,0.35,0.42707595,0.43225306
0,1,1,1,0,0,0,0,1,1,0,0,0.33,0.2768847,0.25043076
0,0,1,0,0,0,1,0,0,1,0,1,0.26,0.34613413,0.2987416
0,1,1,1,0,0,1,1,0,1,1,0,0.24,0.29473224,0.33777848
0,1,1,1,0,0,0,0,0,0,0,0,0.22,0.2923538,0.26769716
0,1,1,1,0,0,0,0,0,0,0,0,0.34,0.3094266,0.28965044
0,0,1,1,0,0,0,0,0,1,0,1,0.42,0.31346023,0.2952715
0,1,1,1,0,0,0,0,1,1,0,0,0.48,0.3292836,0.31086794
0,1,1,1,0,0,0,0,0,0,0,0,0.22,0.30481023,0.28364974
0,1,1,1,0,0,0,0,0,0,0,0,0.38,0.3261508,0.31171113
0,1,1,1,0,0,0,0,1,1,0,0,0.2,0.27545112,0.24895608
0,1,1,1,0,0,0,0,0,0,0,0,0.24,0.28870457,0.26308447
0,1,1,1,0,1,0,0,0,0,0,0,0.48,0.38492003,0.41089907
0,1,1,0,0,0,0,0,0,0,0,0,0.23,0.3371608,0.33071053
0,1,1,1,0,0,0,0,0,0,0,0,0.52,0.3886742,0.4040265
0,0,1,1,0,0,0,0,0,0,0,0,0.28,0.32775238,0.3039395
0,1,1,1,0,0,0,0,0,0,0,0,0.55,0.4154285,0.44944024
0,1,1,0,0,0,0,1,0,0,1,0,0.31,0.2709481,0.21614523
0,1,1,1,0,0,1,0,0,0,0,0,0.41,0.47009206,0.5422078
0,1,1,1,0,0,0,0,1,0,0,0,0.05,0.35299882,0.35528782
0,1,1,1,0,0,0,0,0,0,0,0,0.23,0.3154143,0.29748482
0,1,1,0,0,0,1,0,0,0,0,0,0.14,0.36115608,0.36251846
0,1,1,1,0,0,0,0,0,0,0,0,0.36,0.3323701,0.3200877
0,0,1,0,0,0,0,0,0,1,1,0,0.18,0.297651,0.24622464
0,1,1,1,0,1,0,0,0,0,0,0,0.22,0.6081013,0.6985881
0,1,1,1,0,0,0,0,0,0,0,0,0.42,0.3593496,0.35887516
0,1,1,1,0,0,0,0,0,0,0,0,0.33,0.31543174,0.29750782
0,0,0,0,0,0,0,0,0,0,0,0,0.27,0.4061586,0.41137862
0,1,1,1,0,0,0,0,0,0,0,0,0.34,0.41716552,0.45255065
1,1,1,1,0,0,0,0,0,0,0,0,0.54,0.3834188,0.4061602
0,0,1,1,0,0,0,0,0,0,0,0,0.27,0.3498253,0.33601514
0,1,1,1,0,0,0,0,1,1,0,0,0.4,0.4397977,0.47221223
0,1,1,1,0,0,0,0,0,0,0,0,0.59,0.38085702,0.39175966
0,1,1,1,0,1,0,0,0,0,1,0,0.2,0.30403692,0.3095365
0,1,1,1,0,0,0,0,0,0,0,0,0.36,0.3671348,0.3706047
0,1,1,1,0,0,0,0,0,0,0,0,1.0,0.719566,0.80658466
0,1,1,1,0,0,0,0,1,1,0,0,0.39,0.3050812,0.28122127
0,1,1,1,0,0,0,0,1,1,0,0,0.41,0.35968307,0.35052592
0,1,1,0,0,0,1,0,0,0,0,0,0.21,0.3228344,0.30306333
0,0,1,0,0,0,1,0,0,0,0,0,0.13,0.28413022,0.25131667
0,1,1,1,0,0,1,1,0,0,0,0,0.89,0.37024456,0.39284614
0,1,1,1,0,0,0,0,0,0,0,0,0.32,0.27590162,0.24715061
0,1,1,1,0,1,0,0,0,0,0,0,0.59,0.42002815,0.4615242
0,1,1,1,0,0,0,0,0,0,0,0,0.22,0.41817293,0.45435753
0,1,1,1,0,1,0,0,0,0,0,0,0.5,0.40256873,0.43581685
0,1,1,1,0,0,0,0,1,1,0,0,0.37,0.33228344,0.31464258
0,1,1,0,0,0,1,0,0,0,1,0,0.52,0.40709645,0.37342834
0,0,1,0,0,0,1,1,0,1,1,0,0.6,0.45087165,0.6131174
0,1,1,1,0,0,0,0,0,0,0,0,0.53,0.40827513,0.43670186
0,1,1,1,0,0,1,0,0,0,0,0,0.41,0.3698922,0.3707307
0,0,0,0,0,0,1,0,0,0,0,0,0.29,0.37919098,0.38516238
0,0,1,1,0,0,0,0,0,0,0,1,0.56,0.3299716,0.28150827
0,1,1,1,0,0,0,0,0,0,0,0,0.37,0.33413336,0.3225021
0,1,1,1,0,1,0,0,0,0,0,0,0.21,0.25607717,0.25860447
0,1,1,1,0,0,0,0,0,0,0,0,0.22,0.34217745,0.33382466
0,0,1,1,0,0,0,0,0,0,0,0,0.2,0.2809078,0.24360049
0,1,1,1,0,1,0,0,1,1,0,0,0.21,0.35506183,0.343731
0,1,1,1,0,0,0,0,0,0,0,0,0.29,0.48818284,0.5802468
0,1,1,1,0,0,0,0,0,0,0,0,0.61,0.5132929,0.61650705
0,1,1,0,0,0,1,0,0,0,0,0,0.64,0.41788682,0.46780092
1,1,1,1,0,1,0,0,0,0,0,0,0.35,0.3984273,0.4089809
0,1,1,0,0,0,0,0,0,0,0,0,0.33,0.34356007,0.34101406
0,1,1,1,0,0,0,1,1,1,1,0,0.64,0.34278947,0.31346253
0,0,1,1,0,0,0,0,0,0,0,1,0.13,0.24995437,0.19330966
0,0,1,1,0,0,0,0,0,0,0,1,1.0,0.54133165,0.64416313
0,1,1,1,0,0,0,0,0,0,0,0,0.55,0.39897716,0.4207805
0,0,0,1,0,0,0,0,1,1,0,0,0.3,0.3559448,0.3411441
0,1,1,1,0,0,0,0,0,0,0,0,0.77,0.5638489,0.6775547
0,1,0,0,0,0,0,0,0,0,0,0,0.24,0.29216394,0.25374138
0,1,1,1,0,0,1,0,0,0,0,0,0.27,0.2999048,0.27295747
0,1,1,1,0,0,0,0,0,1,0,0,0.19,0.345056,0.3404351
0,0,0,1,0,0,1,0,0,1,0,0,0.32,0.36715475,0.35618344
0,1,1,1,0,0,0,0,0,0,1,0,0.27,0.32330322,0.30100536
0,0,0,0,0,0,1,0,0,0,0,0,0.24,0.31150198,0.2664259
0,1,1,1,0,0,0,0,0,0,0,0,0.65,0.60180765,0.71189773
0,0,0,0,0,0,0,0,0,0,0,1,0.22,0.29944953,0.20754144
0,1,1,0,1,1,0,0,0,0,0,0,0.04,0.37559402,0.26605704
0,1,1,0,0,0,0,0,0,0,0,0,0.43,0.49494943,0.60733134
0,1,1,1,0,0,1,0,0,1,0,0,0.27,0.27581054,0.25176716
0,1,1,1,0,0,0,0,0,0,0,0,0.51,0.36855137,0.3727672
0,1,1,1,0,1,0,0,0,0,1,0,0.5,0.31270403,0.3203258
0,1,1,1,0,0,0,0,1,1,0,0,0.28,0.37025034,0.36552107
0,1,1,1,0,0,0,0,0,0,0,0,0.82,0.5360027,0.64550275
0,0,1,1,0,0,0,0,0,0,0,1,0.93,0.53902215,0.64005214
0,1,1,0,0,0,1,0,0,1,0,0,0.27,0.42711657,0.50452024
0,1,1,1,0,0,0,0,0,0,0,0,0.57,0.34496033,0.3378252
0,0,1,1,0,0,0,0,0,0,0,1,0.33,0.32371837,0.27370363
0,0,1,1,0,0,0,0,0,0,0,0,0.48,0.36592793,0.35947707
0,1,1,0,0,0,0,0,0,0,0,0,0.49,0.35932,0.366873
0,1,1,1,0,0,1,0,1,1,0,0,0.28,0.330329,0.3048059
1,0,0,1,0,0,0,0,0,0,0,0,0.39,0.4359561,0.46413836
0,1,1,1,0,0,0,0,1,1,0,0,0.19,0.29310307,0.26761955
0,0,0,0,0,0,1,0,0,0,0,0,0.53,0.4027258,0.4390211
0,1,1,0,0,0,1,0,0,1,0,0,0.47,0.37423262,0.41187787
0,1,1,1,0,0,0,0,0,0,0,0,0.29,0.3565372,0.35471442
0,1,1,0,0,0,1,1,0,0,0,0,0.23,0.38366953,0.42752108
0,1,1,1,0,0,0,0,0,0,0,0,0.27,0.31064674,0.2912392
0,1,1,1,0,0,0,0,1,0,0,0,0.27,0.34627885,0.3461515
0,1,1,1,0,0,0,0,0,0,0,0,0.33,0.42665148,0.4696079
0,1,1,1,0,0,0,0,0,0,0,0,0.36,0.33572757,0.3247065
0,1,1,1,0,0,0,0,0,0,0,0,0.27,0.28696233,0.2609003
0,1,1,1,0,0,0,0,1,1,0,0,0.25,0.30631343,0.2826998
0,1,1,1,0,0,0,0,0,0,0,0,0.53,0.29930335,0.2765611
0,1,1,1,0,0,0,0,0,0,0,0,0.28,0.2773078,0.24887481
0,1,1,1,0,0,0,0,0,0,0,0,0.17,0.24655643,0.21531644
0,1,1,1,0,0,0,0,0,0,0,0,0.82,0.36294246,0.3642349
0,1,1,1,0,0,0,0,0,0,0,0,0.36,0.3018641,0.27984428
0,0,0,1,0,1,0,0,0,0,0,0,0.32,0.35238045,0.32999176
0,1,1,1,0,0,0,0,0,0,0,0,0.41,0.34531927,0.33834293
0,1,1,1,0,0,1,0,0,0,0,0,0.36,0.3107913,0.28720367
0,1,1,1,0,0,0,0,0,0,0,0,0.28,0.30230924,0.28041726
0,0,1,0,0,0,0,0,0,0,0,0,0.62,0.45087427,0.47956306
0,1,1,1,0,0,0,0,0,0,0,0,0.23,0.27348882,0.24421851
0,0,1,1,0,0,0,0,0,0,0,0,0.31,0.4045446,0.41582114
0,1,1,1,0,0,0,0,1,1,0,0,0.34,0.342909,0.32818788
0,1,1,1,0,0,0,1,0,0,1,0,0.05,0.6784133,0.7491752
0,1,1,0,0,0,0,0,0,0,0,0,0.34,0.33710244,0.330617
0,1,1,1,0,0,0,0,0,0,0,0,0.21,0.30025163,0.27777418
0,1,1,1,0,0,0,0,1,1,0,0,0.23,0.3165297,0.2950867
0,1,1,1,0,0,0,0,0,0,0,0,0.56,0.43258423,0.4804821
0,1,1,1,0,0,1,0,0,0,0,0,1.0,0.35484713,0.34839433
0,0,0,1,0,0,0,0,0,0,0,0,0.73,0.45576397,0.5381645
0,0,1,0,0,0,0,1,0,0,1,0,1.0,0.54951245,0.7388718
1,1,1,1,0,0,0,0,0,0,0,0,0.17,0.6095675,0.6789899
0,1,1,1,0,0,1,0,0,0,0,0,0.27,0.34228233,0.33023104
0,1,1,1,0,0,0,0,0,0,0,0,0.32,0.2993993,0.27668375
0,1,1,1,0,0,0,0,0,0,0,0,0.45,0.4830045,0.5721158
0,1,1,1,0,0,0,0,0,0,0,0,0.54,0.34882727,0.34342298
0,1,1,1,0,0,0,0,0,0,1,0,0.3,0.37195295,0.3742929
0,1,1,1,0,0,0,0,0,0,0,0,0.29,0.3296644,0.31640202
0,1,1,1,0,0,0,0,0,0,0,0,0.37,0.31964713,0.30309018
0,1,1,1,0,0,0,0,0,0,0,0,0.19,0.284533,0.25785404
0,1,1,1,0,0,0,0,1,1,0,0,0.25,0.32798585,0.3092413
0,1,1,0,0,0,0,0,0,0,0,0,0.54,0.41349745,0.45844308
0,1,1,1,0,0,0,0,0,0,0,0,0.28,0.29380864,0.269548
0,1,1,1,0,0,0,0,1,1,0,0,0.74,0.40160093,0.4120366
0,1,1,1,0,0,0,0,0,0,0,0,0.24,0.34181815,0.3333099
0,1,1,1,0,0,0,0,1,1,0,0,0.6,0.3939779,0.4005038
0,0,1,1,0,0,0,0,0,0,0,0,0.19,0.2646169,0.22632296
0,1,1,1,0,0,0,0,1,1,0,0,0.33,0.29837427,0.2734134
0,0,1,1,0,0,0,0,0,1,0,0,0.17,0.27337486,0.22416463
0,1,1,1,0,0,0,0,0,0,0,0,0.17,0.24316947,0.21197066
0,1,1,1,0,0,0,0,0,0,0,0,0.36,0.28952003,0.2641108
0,1,1,1,0,0,0,0,1,0,0,0,0.24,0.6093628,0.6674725
0,1,1,0,0,0,1,1,0,0,1,0,0.45,0.4164776,0.40444437
0,1,1,0,0,0,1,0,0,0,0,0,0.5,0.39367902,0.42090493
0,1,1,1,0,0,0,0,0,0,0,0,0.25,0.45007914,0.5131941
0,1,1,1,0,0,0,0,0,1,0,0,0.68,0.50936824,0.5846225
0,1,1,1,0,0,0,0,0,0,0,0,0.57,0.59838116,0.7088664
0,1,1,1,0,0,0,0,1,1,0,0,0.21,0.27246696,0.24590477
0,1,1,1,0,0,0,0,0,0,0,0,0.26,0.25423807,0.22302854
0,1,1,1,0,0,0,0,1,1,1,0,0.24,0.36322388,0.33809966
0,1,1,1,0,0,0,0,0,0,0,0,0.3,0.31401354,0.29564226
0,1,1,1,0,0,0,0,0,0,0,0,0.08,0.32123563,0.305206
0,1,1,1,0,0,0,0,1,1,0,0,0.24,0.3719935,0.36804196
0,1,1,1,0,1,0,0,0,0,0,0,0.28,0.3018094,0.30857512
0,1,1,1,0,0,0,0,0,0,0,0,0.14,0.36666378,0.3698868
0,0,1,1,0,0,0,0,0,0,0,1,0.33,0.4296836,0.4285198
0,1,1,0,0,0,1,0,0,1,0,0,0.39,0.41397238,0.47990274
0,1,1,1,0,0,0,0,0,0,0,0,0.3,0.36093786,0.3612344
0,0,1,1,0,0,0,0,0,0,0,0,0.14,0.2859381,0.24937518
0,1,1,1,0,0,0,0,0,0,0,0,0.43,0.4258677,0.4681953
0,0,0,0,0,0,1,0,0,0,0,1,0.36,0.42047006,0.41218513
0,1,1,1,0,0,0,0,0,0,0,0,0.68,0.37493795,0.38257918
0,1,1,1,0,1,0,0,0,0,0,0,0.3,0.40575415,0.4404171
0,1,1,1,0,0,0,0,0,0,0,0,0.47,0.51660776,0.620967
0,1,1,1,0,0,0,0,0,0,0,0,0.45,0.33351132,0.32164928
1,1,1,1,0,0,0,0,0,0,0,0,0.14,0.30101612,0.2893676
0,1,1,1,0,0,0,0,0,0,0,0,0.26,0.29792055,0.2747982
0,1,1,1,0,0,0,0,1,1,0,0,0.47,0.3392209,0.32344908
0,1,1,1,0,0,0,0,0,0,0,0,0.27,0.35517055,0.35270047
0,1,1,1,0,0,0,0,0,0,0,0,0.88,0.34174982,0.333212
0,1,1,1,0,0,0,0,0,0,0,0,0.43,0.28382656,0.25697216
0,1,1,1,0,0,0,0,0,0,0,0,0.38,0.27589664,0.2471445
0,1,1,1,0,0,0,0,0,0,0,0,0.21,0.26850608,0.23833795
0,1,1,0,0,0,0,0,0,0,0,0,0.26,0.3111496,0.2909549
0,0,1,1,0,0,1,0,0,0,0,1,0.28,0.35883754,0.35246292
0,1,1,1,0,0,0,0,0,0,0,0,0.37,0.33175454,0.31924683
0,1,1,1,0,0,0,0,0,0,0,0,0.28,0.29748657,0.27424636
0,1,1,1,0,0,0,0,0,0,0,0,0.43,0.2835526,0.25663
0,1,1,1,0,0,0,0,1,1,0,0,0.3,0.30483025,0.2809208
0,0,1,0,0,0,0,0,0,0,0,1,0.36,0.3483454,0.27321377
0,1,1,1,0,0,0,0,0,0,0,0,0.4,0.4549225,0.52230716
0,1,1,1,0,0,0,0,1,1,0,0,0.15,0.2980551,0.27304864
0,1,1,1,0,0,0,0,0,0,0,0,0.18,0.29944307,0.27673966
0,1,1,1,0,0,1,0,0,0,0,0,0.27,0.3188223,0.29799384
0,1,1,1,0,0,1,0,0,0,0,0,0.27,0.2966887,0.2689141
0,1,1,1,0,0,0,0,0,0,0,0,0.32,0.35736468,0.35593635
0,1,1,1,0,0,0,0,0,0,0,0,0.44,0.3513889,0.34715554
0,1,1,1,0,0,1,0,0,0,0,0,0.38,0.26751667,0.23431602
0,1,1,0,0,0,1,0,0,1,0,0,0.22,0.2828668,0.27273038
0,1,1,1,0,0,0,0,0,0,0,0,0.35,0.3414574,0.3327934
0,1,1,1,0,1,0,0,0,0,0,0,1.0,0.7029879,0.7796969
0,1,1,1,0,0,0,0,0,0,0,0,0.36,0.392213,0.40974998
0,1,1,1,0,0,0,0,0,0,0,0,0.26,0.40699753,0.43446904
0,0,0,0,0,0,1,0,0,0,0,1,0.14,0.35515267,0.2772518
0,0,0,1,0,1,0,0,1,0,0,0,0.62,0.4173689,0.45464554
0,1,1,1,0,0,0,0,0,0,0,0,0.28,0.2980596,0.27497512
0,1,1,1,0,0,1,0,0,0,0,0,0.56,0.4854633,0.56975067
0,0,1,1,0,0,0,0,0,0,0,0,0.38,0.3892862,0.39318573
1,1,1,1,0,0,0,0,0,0,0,0,0.44,0.4342119,0.4866467
0,0,1,1,0,0,0,0,1,1,0,0,0.58,0.60479796,0.7200189
0,1,1,1,0,0,1,0,0,0,0,0,0.51,0.419909,0.4518698
0,0,0,1,0,0,1,0,0,0,0,0,0.28,0.32737803,0.32739574
0,1,1,1,0,0,0,0,0,0,0,0,0.16,0.39054197,0.4070413
0,1,1,0,0,0,1,1,1,1,1,0,0.77,0.36642537,0.3790553
0,1,1,1,0,0,1,0,0,1,0,0,0.2,0.27057624,0.24617001
0,1,1,1,0,0,0,0,1,1,0,0,0.34,0.36333793,0.3556539
0,1,1,1,0,0,0,0,1,1,0,0,0.4,0.47032827,0.5250133
0,1,1,1,0,0,0,0,0,0,0,0,0.22,0.29845077,0.2754733
0,1,1,1,0,0,0,0,0,0,0,0,0.27,0.33017555,0.31709537
0,1,1,1,0,0,0,0,0,0,0,0,0.34,0.32220155,0.30648273
1,1,1,1,0,0,0,0,0,0,0,0,0.51,0.436323,0.48987657
0,1,1,1,0,0,0,0,0,0,0,0,0.4,0.3383817,0.32840666
0,0,1,1,1,0,1,0,0,0,0,0,0.24,0.26303968,0.2589601
0,0,0,0,0,0,0,0,0,0,0,0,0.41,0.45214367,0.5077341
0,1,1,1,0,0,0,0,0,0,0,0,0.59,0.74792874,0.82272893
0,1,1,1,0,0,0,0,0,0,0,0,0.4,0.3443398,0.33693108
0,1,1,1,0,0,0,0,0,0,0,0,0.17,0.29544055,0.27162963
0,1,1,1,0,0,0,0,0,0,0,0,0.8,0.6244891,0.7327973
0,1,1,0,0,0,0,0,0,0,0,0,0.35,0.38400632,0.40792575
0,1,1,1,0,0,0,0,0,0,0,0,0.22,0.2644779,0.23374903
0,1,1,1,0,0,0,0,0,0,0,0,0.44,0.26322323,0.23235378
0,0,1,1,0,0,0,0,0,0,0,1,0.37,0.30406862,0.25011858
0,1,1,1,0,1,0,0,0,0,0,0,0.29,0.31395772,0.32274902
0,0,1,1,0,0,0,0,0,0,0,1,0.19,0.31985635,0.2689505
0,1,1,1,0,1,0,0,0,0,0,0,0.83,0.5570023,0.65075433
0,1,1,1,0,0,0,1,0,0,1,0,0.27,0.2708245,0.2652338
0,0,1,1,0,0,0,0,0,0,0,1,0.33,0.32073277,0.27002448
0,1,1,1,0,1,0,0,0,0,0,0,0.27,0.28422737,0.2889136
0,0,1,1,0,0,0,0,1,1,0,0,0.81,0.5191015,0.60250914
0,1,1,1,0,1,0,0,0,0,0,0,0.36,0.31861842,0.3282043
0,1,1,0,0,0,0,1,0,0,0,0,0.19,0.324706,0.32183242
0,1,1,1,0,0,0,0,0,0,0,0,0.03,0.2886996,0.2630782
0,1,1,1,0,0,0,0,0,0,0,0,0.44,0.37670723,0.38531485
0,1,1,1,0,1,0,0,0,0,0,0,1.0,0.5684032,0.6621398
0,1,1,1,0,0,0,0,0,0,0,0,0.49,0.35338667,0.35007972
0,1,1,1,0,1,0,0,0,0,0,0,0.07,0.48259884,0.55919874
0,1,1,1,0,0,0,0,0,0,0,0,0.49,0.3986067,0.4201742
0,1,1,1,0,0,0,0,1,1,0,0,0.34,0.39822716,0.40692058
0,1,1,1,0,0,0,0,0,0,0,0,0.25,0.33972704,0.33032185
0,1,1,1,0,0,1,0,0,0,0,0,0.34,0.29501075,0.26682162
0,1,1,1,0,0,1,0,0,0,0,0,0.38,0.38456097,0.39359808
0,1,1,1,0,0,0,0,0,0,0,0,0.34,0.27922747,0.25124162
0,1,1,1,0,0,0,0,0,0,0,0,0.3,0.32538912,0.31069928
0,1,1,1,0,0,1,0,0,0,0,0,0.51,0.3983918,0.4153583
0,0,1,1,0,0,0,0,0,0,0,1,0.58,0.42624432,0.4224802
0,1,1,1,0,0,0,0,1,1,0,0,0.63,0.6215485,0.72291845
0,1,1,1,0,0,1,0,0,0,0,0,0.47,0.32871503,0.31135416
0,0,0,1,0,0,0,0,0,0,0,0,0.28,0.27613643,0.24544576
0,1,1,1,0,1,0,0,0,1,1,0,1.0,0.5603069,0.7207536
0,0,1,1,0,0,0,0,0,0,0,1,0.44,0.34560448,0.30168447
0,1,1,1,0,0,0,0,0,0,0,0,0.34,0.3108001,0.2914391
0,1,1,1,0,0,0,0,0,0,0,0,0.34,0.34133542,0.33261886
0,1,1,1,0,0,0,0,0,0,0,0,0.3,0.2842316,0.25747758
0,0,1,0,0,0,0,0,0,0,0,0,0.24,0.25467834,0.21638575
0,1,1,1,0,0,0,0,0,0,0,0,0.48,0.31973216,0.30320325
0,1,1,1,0,0,0,0,1,0,0,0,0.45,0.39625922,0.41669613
0,1,1,1,0,0,1,0,0,0,0,0,0.78,0.39175254,0.40487075
0,0,0,0,0,0,0,0,1,0,0,1,0.22,0.31212303,0.2129873
0,1,1,0,0,0,1,1,0,1,1,0,0.32,0.36399657,0.40846387
0,1,1,1,0,0,0,0,0,0,0,0,0.27,0.33784372,0.32764846
0,1,1,1,0,0,0,0,0,0,0,0,0.44,0.54865557,0.6608557
0,1,1,1,0,0,0,0,0,0,0,0,0.26,0.42172366,0.46073562
0,0,1,1,0,0,0,0,0,0,0,0,0.45,0.40975824,0.42368993
0,0,0,1,0,0,0,0,0,1,1,0,0.04,0.3324241,0.30141205
0,1,1,0,0,0,0,0,0,0,0,0,0.53,0.36966386,0.38405076
0,1,1,1,0,0,0,0,0,0,0,0,0.16,0.29759243,0.27438086
0,1,1,1,0,0,0,0,0,0,0,0,0.41,0.34045193,0.3313561
0,1,1,1,0,0,0,0,0,0,0,0,0.71,0.64251685,0.7490675
0,1,1,1,0,0,0,0,0,0,0,0,1.0,0.6897702,0.7869321
0,1,1,1,0,0,0,0,0,0,0,0,0.43,0.31234783,0.2934599
0,1,1,0,0,0,0,0,0,0,0,0,0.38,0.29849768,0.27325466
0,1,1,1,0,0,1,0,0,0,1,0,0.34,0.34604415,0.3110939
0,1,1,1,0,0,1,0,0,1,0,0,0.28,0.38331246,0.38722253
0,1,1,1,0,0,0,0,0,0,0,0,0.28,0.25355238,0.2223469
0,1,1,1,0,0,0,0,0,0,0,0,0.22,0.30183098,0.27980167
0,0,1,1,0,0,0,0,0,0,0,1,0.31,0.3544396,0.31364077
0,0,0,0,0,0,1,0,0,0,0,0,0.59,0.37663966,0.37982538
0,1,1,1,0,1,0,1,0,0,1,0,0.24,0.38258445,0.42686805
0,1,1,1,0,0,0,0,0,0,0,0,0.16,0.3082084,0.2880641
0,1,1,1,0,0,0,0,0,0,0,0,0.34,0.3253438,0.31063914
0,1,1,1,0,0,0,0,0,0,0,0,0.36,0.3730006,0.37959218
0,1,1,1,0,0,0,0,0,0,0,0,0.32,0.3643685,0.36639643
0,1,1,1,0,0,0,0,0,0,0,0,0.27,0.3602416,0.36019927
0,1,1,1,0,0,0,0,0,0,0,0,0.41,0.4356742,0.48615855
0,0,1,1,0,0,0,0,0,0,0,0,0.25,0.30600196,0.27407128
0,0,1,1,0,0,0,0,0,0,0,1,0.35,0.43885702,0.4453505
0,1,1,1,0,0,0,0,1,1,0,0,0.18,0.27532354,0.24882512
0,1,1,1,0,0,0,0,1,1,1,0,0.22,0.31990546,0.2841373
0,1,1,1,0,0,0,0,0,0,0,0,0.22,0.28285807,0.25575945
0,0,0,1,0,0,0,0,1,0,0,0,0.31,0.30957285,0.28280693
0,1,1,1,0,0,0,0,0,0,0,0,0.17,0.29805014,0.27496308
0,0,1,1,0,0,0,0,0,0,0,1,0.31,0.339177,0.29323396
1,1,1,1,0,0,0,0,0,0,0,0,0.34,0.3870985,0.41190606
0,1,1,1,0,0,0,0,1,0,0,0,0.33,0.46477637,0.5195178
0,1,1,1,0,0,0,0,1,1,0,0,0.36,0.29087883,0.26519865
0,1,1,1,0,1,0,0,0,0,0,0,0.12,0.30007362,0.30656296
0,1,1,1,0,0,1,0,0,0,0,0,0.26,0.29575568,0.2677493
0,0,0,1,0,0,0,0,0,0,1,0,0.45,0.5524643,0.6309779
0,1,1,1,0,1,0,0,0,0,0,0,0.3,0.3069262,0.31456667
0,1,1,1,0,0,0,0,1,0,0,0,0.57,0.47361666,0.53087234
0,1,1,0,0,0,1,0,0,0,0,0,0.4,0.41204387,0.45627013
0,0,1,1,0,0,0,0,0,0,0,1,0.63,0.6193521,0.7534596
0,1,1,1,0,0,0,0,0,0,0,0,0.31,0.31097677,0.29166943
0,0,1,1,0,0,0,0,1,1,0,1,0.54,0.50244915,0.59711707
0,0,0,0,0,0,0,0,0,0,0,1,0.45,0.48522156,0.538568
0,1,1,1,0,0,0,0,0,0,0,0,0.27,0.289764,0.26441836
0,1,1,1,0,0,0,0,0,0,0,0,0.58,0.39653516,0.41678852
0,1,1,1,0,0,0,0,0,0,0,0,0.28,0.28778538,0.26193064
0,1,1,1,0,0,0,0,0,0,0,0,0.81,0.45773476,0.52751696
0,0,0,1,0,0,0,0,0,0,1,0,0.25,0.31585443,0.2635408
0,1,1,1,0,0,0,0,0,1,0,0,0.6,0.49085698,0.5577717
0,1,1,1,0,0,0,0,0,0,0,0,0.39,0.31024784,0.29071978
0,0,0,1,0,0,0,0,1,1,0,0,0.41,0.34658167,0.32641444
0,1,1,1,0,0,0,0,0,0,0,0,0.47,0.2940061,0.26979935
0,0,0,1,0,0,0,0,1,1,0,0,0.41,0.35985637,0.34738964
0,1,1,1,0,0,0,0,0,0,0,0,0.35,0.29500946,0.27107874
0,1,1,1,0,0,0,0,0,0,0,0,1.0,0.6564767,0.76095885
0,1,1,1,0,0,0,0,0,0,0,0,0.25,0.4141202,0.44710007
0,1,1,1,0,0,1,0,0,0,0,0,0.25,0.2965041,0.26868337
0,1,1,1,0,0,0,0,1,1,0,0,0.19,0.31905732,0.2981798
0,1,1,1,0,0,0,0,0,0,0,0,0.24,0.38087302,0.39178458
0,1,1,1,0,0,0,0,0,0,0,0,0.19,0.27937725,0.25142696
0,1,1,1,0,0,0,0,0,0,0,0,0.23,0.26488128,0.23420084
0,0,0,1,0,0,0,0,0,0,0,1,0.06,0.28973687,0.20355113
0,1,1,1,0,0,1,0,0,0,0,0,0.32,0.33494633,0.31990248
0,1,1,1,0,0,1,0,0,0,0,0,0.09,0.4057641,0.42746153
0,1,1,1,0,0,1,0,0,0,0,0,0.25,0.32210612,0.30240828
0,1,1,1,0,0,0,0,0,0,0,0,0.25,0.26474422,0.23404726
0,0,0,1,0,0,0,0,0,0,0,0,0.29,0.32936674,0.31162328
0,1,1,1,0,0,0,0,0,0,0,0,0.49,0.38838565,0.40357056
0,0,1,1,0,0,0,0,0,0,0,1,0.24,0.3133504,0.26108068
0,0,0,1,0,0,0,0,1,0,0,0,0.45,0.41197452,0.44283137
0,0,1,1,0,0,0,0,0,0,0,1,0.54,0.29144394,0.23573264
0,1,1,1,0,0,0,1,0,0,1,0,0.35,0.3388998,0.34895745
0,0,1,1,0,0,0,0,0,0,0,1,0.55,0.37895942,0.34784594
0,1,1,0,0,0,0,0,0,1,0,0,0.46,0.44249398,0.48804092
0,0,1,1,0,0,0,0,1,1,0,0,0.36,0.4459052,0.47135988
0,1,1,0,0,0,0,0,0,0,0,0,0.39,0.36552978,0.3771996
0,1,1,1,0,0,0,0,0,0,0,0,0.35,0.29971647,0.27708918
0,1,1,0,0,0,0,1,1,1,1,0,0.28,0.3913526,0.36508626
0,1,1,1,0,0,0,0,1,1,0,0,0.35,0.40689594,0.42008156
0,0,0,0,0,0,1,0,0,0,0,0,0.49,0.54621446,0.7398016
0,0,1,1,0,0,0,0,0,1,0,1,0.41,0.4598348,0.55095255
0,0,1,1,0,1,0,0,0,0,0,0,0.55,0.4164521,0.47448057
0,0,0,0,0,0,1,0,0,0,0,0,0.53,0.5237853,0.7057088
0,0,1,1,0,0,1,0,0,1,1,0,0.54,0.5712041,0.7165535
0,1,1,1,0,0,0,0,0,0,0,0,0.5,0.31512776,0.29710737
0,0,0,1,0,0,0,0,0,0,0,0,0.17,0.27020365,0.23919208
0,0,1,1,0,0,0,0,1,0,0,0,0.29,0.31622806,0.30960566
0,1,1,0,0,0,1,1,1,0,1,0,0.33,0.3173867,0.23489313
0,1,1,1,0,0,0,0,0,0,0,0,0.36,0.36448193,0.3665686
0,0,0,1,0,0,0,0,0,0,0,0,0.32,0.30602634,0.28026766
0,1,1,0,0,0,0,0,0,0,0,0,0.24,0.3290483,0.3178323
0,1,1,1,0,0,0,0,0,0,0,0,0.61,0.39426374,0.41308516
0,1,1,1,0,0,0,0,0,0,0,0,0.28,0.3432654,0.33538583
0,1,1,0,0,0,1,0,0,0,0,0,0.63,0.42381248,0.47991237
0,1,1,1,0,0,0,0,0,0,0,0,0.38,0.29770637,0.27452573
0,1,1,1,0,0,0,0,0,0,0,0,0.19,0.32169366,0.3058136
0,1,1,1,0,0,0,0,0,0,0,0,0.25,0.27427748,0.24517234
0,0,1,0,0,0,0,0,1,0,0,0,0.29,0.4018466,0.43291426
0,1,1,1,0,0,0,0,1,0,0,0,1.0,0.46258026,0.5165352
0,0,1,1,0,0,0,0,1,1,0,0,1.0,0.75728166,0.83967173
0,0,1,1,0,0,0,0,0,0,0,1,0.77,0.58013624,0.70477337
1,1,1,1,0,0,0,0,0,0,0,0,0.52,0.31260553,0.30426878
0,0,0,1,0,0,0,0,0,0,0,0,0.27,0.5749601,0.68765336
0,0,1,1,0,0,0,0,0,0,0,0,0.23,0.29401678,0.25899407
0,1,1,1,0,0,0,0,0,0,0,0,0.35,0.36673725,0.36999875
0,0,1,1,0,0,1,1,0,0,0,0,1.0,0.53025645,0.71921587
0,0,0,0,0,0,0,0,1,0,0,0,0.35,0.35312694,0.34816542
0,0,0,1,0,0,0,0,0,0,0,0,0.4,0.40726644,0.4436976
1,1,1,1,0,0,0,0,0,0,0,0,0.13,0.27120072,0.25372306
0,1,1,1,0,0,0,0,0,0,0,0,0.16,0.33950076,0.3299993
0,0,0,0,0,0,1,0,0,1,0,0,0.44,0.45748582,0.49222517
0,1,1,1,0,0,0,0,0,0,0,0,0.29,0.32307154,0.30763084
1,1,1,1,0,0,0,0,0,0,0,0,0.32,0.31433627,0.30653244
0,0,0,1,0,0,0,0,0,0,0,0,0.55,0.3044852,0.27835304
0,0,0,0,0,0,1,0,0,0,0,0,0.26,0.35076421,0.3307096
0,1,1,1,0,0,0,0,0,0,0,0,0.15,0.3202613,0.30390728
0,0,0,1,0,0,0,0,0,1,0,0,0.3,0.3524595,0.3279553
0,1,1,1,0,0,0,0,0,0,0,0,0.25,0.33497447,0.32366285
0,1,1,1,0,0,0,0,0,0,0,0,0.65,0.50388896,0.60331905
0,1,1,1,0,0,0,0,0,0,0,0,0.34,0.40025845,0.42290157
0,1,1,0,0,1,0,1,0,0,0,0,0.09,0.41332808,0.41651845
0,0,0,1,0,0,0,0,1,1,0,1,0.08,0.38414705,0.25474137
0,1,1,1,0,0,0,0,0,0,0,0,1.0,0.48194665,0.57037765
0,0,0,0,0,0,0,0,0,0,0,0,0.24,0.38371456,0.36801228
0,1,1,1,0,1,0,0,0,0,1,0,0.24,0.43753982,0.50736153
0,1,1,1,0,0,0,0,1,1,1,0,0.23,0.29814696,0.25916725
1,1,1,1,0,0,0,0,0,0,0,0,0.31,0.33577356,0.33543426
0,1,1,1,0,0,0,0,0,0,0,0,0.18,0.3608875,0.3611595
0,1,1,0,0,0,0,0,0,0,0,0,0.31,0.30180106,0.27780944
0,1,1,1,0,1,0,0,0,0,0,0,0.94,0.7624847,0.81810176
0,1,1,1,0,0,0,0,0,0,0,0,0.42,0.27864626,0.25052348
0,1,1,0,0,0,0,0,0,0,0,0,0.35,0.3382448,0.33244997
0,0,1,1,0,0,0,0,0,0,0,0,0.64,0.44184604,0.47344732
0,1,1,1,0,1,0,0,0,0,0,0,0.26,0.34995228,0.36650288
0,0,1,1,0,0,0,0,0,0,0,1,0.28,0.33889565,0.292871
0,1,1,0,0,0,1,0,0,1,0,0,0.59,0.34958124,0.3719156
0,0,0,1,0,0,0,0,0,0,0,0,0.53,0.4157307,0.46031052
0,1,1,1,0,0,0,0,0,0,0,0,0.16,0.3092223,0.28938404
1,0,0,1,0,0,0,0,0,0,0,0,0.65,0.30535546,0.306008
0,1,1,1,0,0,0,0,0,0,0,0,0.45,0.32452545,0.30955425
0,0,0,0,0,0,1,0,0,0,0,0,1.0,0.54248834,0.73453456
0,0,1,1,0,0,0,0,0,0,0,1,0.18,0.33672145,0.29007727
0,1,1,0,0,1,1,0,0,0,0,0,0.26,0.36286488,0.356085
0,1,1,1,0,0,0,0,0,0,0,0,0.37,0.39541045,0.41495362
0,0,0,0,0,0,0,0,1,1,1,0,0.35,0.32635283,0.26613495
0,1,1,1,0,0,0,0,0,0,0,0,0.53,0.37150016,0.37728506
0,1,1,1,0,0,0,0,0,0,0,0,1.0,0.38716182,0.40163857
0,1,1,1,0,0,0,0,0,0,0,0,0.28,0.31517535,0.29717004
0,1,1,1,0,0,0,0,1,0,0,0,0.36,0.4917968,0.5524273
0,0,0,0,0,0,0,0,0,0,0,0,0.22,0.35446268,0.31719807
0,1,1,1,0,0,0,0,0,0,0,0,0.3,0.2678748,0.23760633
0,1,1,1,0,0,0,0,0,0,0,0,0.94,0.5867343,0.6988797
0,1,1,1,0,0,0,0,0,0,0,0,0.42,0.36380446,0.36554086
0,1,1,1,0,0,0,0,0,0,0,0,0.4,0.36430147,0.3662947
0,1,1,1,0,0,0,0,0,0,0,0,0.27,0.3413888,0.33269528
0,1,1,0,0,0,0,0,0,0,0,0,0.19,0.29579172,0.2695592
0,1,1,1,0,0,0,1,0,0,0,0,0.11,0.3441797,0.310914
0,1,1,0,0,0,1,0,0,0,0,0,0.24,0.32204133,0.30193844
0,1,1,1,0,0,1,0,0,1,0,0,0.28,0.32278448,0.30564305
0,0,1,1,0,0,0,0,0,0,0,0,0.62,0.4000922,0.4091474
0,1,1,1,0,0,0,0,0,0,0,0,0.25,0.28640357,0.26019877
0,0,0,0,0,0,1,0,0,0,0,0,0.08,0.36464816,0.35608155
0,1,1,1,0,0,0,0,0,0,0,0,0.32,0.3163206,0.29868054
0,1,1,0,0,0,1,0,0,1,0,0,0.32,0.3679661,0.4015757
0,1,1,0,0,0,0,0,0,0,0,0,0.23,0.26257557,0.23021314
0,0,1,1,0,0,0,0,0,0,0,0,0.26,0.2841635,0.2473071
0,1,1,1,0,0,0,0,0,0,0,0,0.31,0.27672976,0.24816506
0,1,1,1,0,1,0,0,0,0,0,0,0.21,0.40093285,0.43346357
0,1,1,1,0,0,0,0,0,0,0,0,0.4,0.6961943,0.79144466
0,1,1,1,0,0,0,0,0,0,0,0,0.29,0.25413555,0.22292653
0,0,0,1,0,0,0,0,0,0,0,0,0.5,0.4076264,0.44439992
1,1,1,1,0,0,0,0,0,0,0,0,0.32,0.3154674,0.30801314
0,0,1,1,0,0,1,0,0,0,0,0,0.3,0.28434008,0.27264285
0,1,1,1,0,0,0,0,0,0,0,0,0.24,0.33543172,0.3242963
0,1,1,1,0,0,0,0,0,0,0,0,0.27,0.29946202,0.2767639
0,1,1,0,0,0,0,0,0,0,0,0,0.26,0.40470105,0.44292188
0,1,1,1,0,0,0,0,0,0,0,0,0.5,0.43930393,0.49284428
0,1,1,1,0,0,0,0,0,0,0,0,0.3,0.29879308,0.27590978
0,1,1,1,0,0,0,0,0,0,0,0,0.79,0.45368066,0.519981
0,1,1,0,0,0,0,0,1,1,0,0,0.31,0.38095817,0.40498716
0,1,1,0,0,0,1,1,0,0,0,0,0.76,0.35690078,0.37611383
0,0,1,1,0,0,0,0,0,0,0,0,0.4,0.7193295,0.7744595
0,0,0,0,0,0,0,0,0,0,0,0,0.47,0.38936535,0.37868834
0,1,1,1,0,0,0,0,1,1,0,0,0.38,0.44013864,0.4727981
0,1,1,1,0,0,0,0,0,0,0,0,0.26,0.40420753,0.42961374
0,1,1,1,0,1,0,0,0,0,0,0,0.2,0.3910664,0.4194668
0,0,1,1,0,0,0,0,0,0,0,1,0.55,0.31143802,0.25879645
0,0,0,1,0,1,0,0,0,0,0,0,0.56,0.58839387,0.60693896
0,1,1,1,0,0,0,0,1,1,0,0,0.21,0.28221437,0.2559649
0,0,0,0,0,0,1,0,0,0,0,0,0.31,0.37836656,0.38343462
0,0,1,1,0,0,0,0,0,0,0,0,0.6,0.41845503,0.43712622
0,1,1,1,0,0,0,0,0,0,0,0,0.28,0.3695178,0.37424546
0,1,1,1,0,0,0,0,1,1,0,0,0.44,0.42742205,0.4516591
0,0,1,1,0,1,0,0,0,0,0,1,0.94,0.54800487,0.6599666
0,1,1,1,0,0,0,0,0,0,0,0,0.39,0.4452382,0.5039891
0,0,0,0,0,0,1,0,1,0,0,0,0.35,0.40970367,0.38526928
0,1,1,1,0,1,0,0,0,0,0,0,0.62,0.3727942,0.39507264
0,1,1,1,0,0,0,0,0,0,0,0,0.23,0.31104,0.29175186
0,1,1,1,0,0,0,0,0,0,0,0,0.17,0.30736572,0.28696948
1,1,1,1,0,0,0,0,0,0,0,0,0.39,0.37041035,0.3862657
0,0,0,1,0,0,0,0,0,0,0,0,0.49,0.3471404,0.33850628
0,1,1,1,0,0,0,0,0,0,0,0,0.05,0.29256922,0.26797104
0,0,0,0,0,0,1,0,0,0,0,0,0.59,0.43391293,0.5156719
0,1,1,1,0,0,0,0,0,0,0,0,0.27,0.26319143,0.23231928
0,1,1,1,0,0,0,1,0,0,1,0,0.29,0.33895022,0.34902188
0,1,1,1,0,0,0,0,0,0,0,0,0.47,0.27280724,0.24339624
0,1,1,1,0,1,0,0,0,0,0,0,0.75,0.6084484,0.698908
0,1,1,1,0,0,0,0,0,0,0,0,0.28,0.3182368,0.30121756
0,1,1,1,0,0,0,0,0,0,0,0,0.25,0.349023,0.34370753
0,0,1,1,0,0,1,0,0,0,0,0,0.03,0.24994859,0.23164096
0,1,1,1,0,0,0,0,0,0,0,0,0.24,0.29985705,0.27726904
0,1,1,1,0,0,0,0,1,0,0,0,0.31,0.37306887,0.38319212
0,1,1,1,0,0,0,0,0,0,0,0,0.36,0.34240833,0.33415568
0,1,1,1,0,0,0,0,0,0,0,0,0.41,0.4187246,0.4553476
0,1,1,1,0,0,0,0,0,0,0,0,0.03,0.33251768,0.32028943
0,1,1,1,0,0,0,0,1,0,1,0,0.32,0.27476764,0.21392782
0,1,1,0,0,0,1,0,0,0,0,0,0.3,0.3725508,0.38230786
0,1,1,0,0,0,0,0,0,0,0,0,0.38,0.43975076,0.5055438
0,1,1,1,0,0,0,0,0,0,0,0,0.38,0.29430646,0.27018195
0,0,1,1,0,0,0,0,0,0,0,0,0.27,0.30191714,0.26882714
0,0,1,0,0,0,0,0,0,0,0,0,0.24,0.34611192,0.330063
0,1,1,1,0,0,0,0,1,1,0,0,0.48,0.31899506,0.29810342
0,1,1,1,0,0,0,0,0,0,0,0,0.58,0.3920532,0.40949044
0,1,1,1,0,0,0,0,1,1,0,0,0.63,0.4220224,0.44311967
0,0,1,1,0,0,0,0,0,0,0,0,0.02,0.2879308,0.2517135
0,1,1,1,0,0,0,0,1,1,0,0,0.47,0.50551564,0.5807198
0,1,1,1,0,0,0,0,1,1,0,0,0.3,0.3459471,0.3321179
0,1,1,1,0,0,0,0,0,0,0,0,0.42,0.39846045,0.419935
0,1,1,1,0,0,0,0,1,1,0,0,0.06,0.3026893,0.27838755
0,1,1,1,0,0,0,0,1,1,0,0,0.31,0.330307,0.31215408
0,1,1,1,0,0,1,0,0,0,0,0,0.37,0.3522419,0.344577
0,1,1,1,0,0,0,0,0,0,0,0,0.41,0.39310965,0.41120726
0,1,1,1,0,1,0,0,0,0,0,0,0.35,0.28421265,0.28889734
0,0,0,1,0,0,0,0,0,0,0,0,0.28,0.5644385,0.6781286
0,0,1,1,0,0,0,0,0,0,0,0,0.33,0.35382885,0.34184566
0,1,1,1,0,0,0,0,0,0,0,0,0.31,0.2835148,0.25658262
0,1,1,0,0,0,0,0,0,0,0,0,0.55,0.3503695,0.35214108
0,1,1,1,0,0,0,0,0,0,0,0,0.18,0.30493125,0.28380668
0,1,1,1,0,0,0,0,0,0,0,0,0.73,0.5720378,0.6855806
0,1,1,1,0,0,0,0,0,1,0,0,0.24,0.3196993,0.30642092
0,0,1,1,0,0,0,0,0,1,0,1,0.2,0.29604787,0.2729117
0,1,1,1,0,0,0,0,0,0,0,0,0.6,0.3761367,0.3844319
0,1,1,1,0,0,0,0,1,1,0,0,0.63,0.39671174,0.40462834
1,1,1,1,0,0,0,0,0,0,0,0,0.5,0.34736645,0.352009
0,1,1,1,0,1,0,0,0,0,0,0,0.41,0.2847988,0.2895461
0,1,1,1,0,0,0,0,0,0,0,0,0.25,0.34238425,0.33412114
0,1,1,1,0,1,0,0,1,1,0,0,0.27,0.30762258,0.28768104
0,1,1,0,0,0,0,0,0,1,0,0,0.29,0.36585104,0.34899756
0,0,0,1,0,0,0,0,1,0,0,0,0.77,0.46547705,0.5454165
0,1,1,1,0,0,0,0,0,0,0,0,0.24,0.36110333,0.36148056
0,1,1,1,0,0,0,0,1,1,0,0,0.57,0.42695484,0.4509162
0,0,1,1,0,0,0,0,0,0,0,0,0.34,0.46373582,0.5070595
0,1,1,1,0,0,1,0,0,0,0,0,0.28,0.30928686,0.28520712
0,1,1,1,0,0,0,0,0,0,0,0,0.13,0.289495,0.26407927
0,1,1,0,0,0,0,0,1,1,0,0,0.42,0.30242926,0.28572387
0,1,1,1,0,0,0,0,0,0,0,0,0.42,0.26208586,0.23112571
0,1,1,1,0,0,0,0,0,0,0,0,0.25,0.30796853,0.28775233
0,1,1,1,0,0,0,0,0,0,0,0,0.74,0.47362548,0.556079
0,1,1,1,0,0,0,0,1,1,0,0,0.26,0.33779487,0.32162648
0,1,1,1,0,0,0,0,0,0,0,0,0.29,0.330804,0.31795073
0,1,1,1,0,0,0,0,1,1,0,0,0.6,0.48705262,0.55279624
0,0,0,1,0,0,0,0,0,0,0,1,0.34,0.3400407,0.2653661
1,1,1,1,0,0,0,0,0,0,0,0,0.27,0.28352338,0.2678694
0,1,1,1,0,0,0,0,1,1,0,0,0.39,0.3768246,0.37507457
0,1,1,1,0,0,1,0,0,0,0,0,0.18,0.28276438,0.25193304
0,0,1,1,0,0,0,0,0,0,0,0,0.71,0.43210316,0.4582939
0,1,1,0,0,0,1,1,0,1,1,0,0.54,0.36496523,0.41012374
0,1,1,1,0,0,0,0,0,0,0,0,0.31,0.31359392,0.29509157
0,0,1,1,0,0,0,0,0,0,0,0,0.28,0.29296595,0.2577266
0,0,1,1,0,0,0,0,0,0,0,1,0.48,0.47960034,0.5232436
0,1,1,1,0,0,0,0,0,0,0,0,0.46,0.53757,0.6474527
0,1,1,1,0,0,0,0,0,0,0,0,0.29,0.33112425,0.3183871
0,1,1,1,0,0,0,0,0,0,0,0,0.22,0.25224394,0.22102208
0,1,1,1,0,1,0,0,0,0,0,0,0.41,0.36630604,0.38688597
0,1,1,0,0,0,0,0,0,0,0,0,0.29,0.37556487,0.39386874
0,1,1,0,0,0,0,0,0,0,0,0,0.96,0.7094649,0.82527316
0,1,1,1,0,0,0,0,1,1,0,0,0.31,0.33441234,0.3173253
0,0,1,1,0,0,0,0,0,0,0,1,0.19,0.26815516,0.21108171
0,1,1,1,0,0,0,0,0,0,0,0,0.37,0.42962423,0.4750483
0,1,1,1,0,0,1,0,0,0,0,0,0.92,0.5081506,0.61153704
0,1,1,1,0,0,0,0,0,0,0,0,0.32,0.30159408,0.2794971
0,0,1,1,0,0,0,0,0,0,0,0,0.29,0.31957802,0.29236057
0,0,0,0,0,0,1,0,0,0,0,0,0.32,0.33390942,0.30160987
0,1,1,1,0,0,0,0,0,0,0,0,0.44,0.38094622,0.39189857
0,1,1,1,0,0,0,0,1,1,0,0,0.31,0.3039108,0.2798213
0,1,1,1,0,0,0,0,1,1,0,0,0.25,0.33917165,0.32338604
0,1,1,0,0,0,1,1,1,1,1,0,0.52,0.44703594,0.51954746
0,0,1,1,0,0,0,0,0,0,0,0,0.11,0.313082,0.2834317
0,1,1,1,0,0,0,0,0,0,0,0,0.14,0.26189655,0.23092206
0,1,1,1,0,0,0,0,0,0,0,0,0.38,0.33464426,0.32320583
0,0,1,1,0,0,0,0,0,0,0,0,0.02,0.3653528,0.35864142
0,1,1,1,0,0,0,0,0,0,0,0,0.35,0.34757963,0.34161204
0,1,1,1,0,0,0,0,0,0,0,0,0.23,0.3027368,0.28096825
0,0,0,1,0,0,0,0,1,0,0,0,0.78,0.49606475,0.5983128
0,1,1,1,0,0,0,0,0,0,0,0,0.55,0.37553477,0.38350117
0,1,1,1,0,0,0,0,0,0,0,0,0.3,0.29611066,0.2724873
0,1,1,1,0,0,0,0,0,0,0,0,0.42,0.40069455,0.42363015
0,1,1,1,0,1,0,0,0,0,0,0,0.34,0.3232748,0.3337822
0,1,1,1,0,0,0,0,0,0,0,0,0.26,0.2727204,0.24329159
0,1,1,1,0,0,0,0,0,0,0,0,0.2,0.25576514,0.22456262
0,0,0,0,1,0,0,0,0,0,0,1,0.34,0.4035762,0.36757353
0,1,1,1,0,0,1,0,0,0,0,0,0.19,0.32802153,0.3104118
0,1,1,1,0,0,0,0,0,0,0,0,0.93,0.56160843,0.67522126
0,1,1,1,0,0,0,0,0,1,0,0,0.23,0.27929723,0.2569657
0,0,0,0,0,0,1,0,0,1,0,1,0.23,0.29626375,0.20489386
0,0,1,0,0,0,0,0,0,0,0,1,0.24,0.5643111,0.60267746
0,1,1,0,0,0,1,0,0,0,0,0,0.17,0.30715227,0.28175995
0,0,1,1,0,0,0,0,1,1,0,1,0.46,0.33921105,0.3222115
0,1,1,1,0,0,0,0,0,0,0,0,0.32,0.31487277,0.2967717
0,1,1,1,0,0,0,0,0,0,0,0,0.18,0.33618045,0.32533497
0,0,1,1,0,0,0,0,0,0,0,0,0.52,0.40202957,0.4120497
0,0,0,1,0,0,0,0,0,0,0,1,0.39,0.4576598,0.49421334
0,1,1,1,0,0,0,0,0,0,0,0,0.45,0.36315885,0.36456257
0,0,0,1,0,0,0,0,0,0,1,0,0.35,0.36163524,0.3189026
0,0,1,1,0,0,0,0,1,0,0,1,0.42,0.36148638,0.3347196
0,1,1,0,0,0,1,0,0,0,0,0,0.41,0.3631055,0.3658695
0,1,1,1,0,0,0,0,1,1,0,0,0.14,0.42589912,0.44923958
0,1,1,0,0,0,0,1,1,1,0,0,0.78,0.39170724,0.4312024
0,1,1,1,0,0,0,0,0,0,0,0,0.34,0.27828118,0.25007305
0,1,1,1,0,0,0,0,0,0,0,0,0.41,0.37004656,0.37505525
0,1,1,1,0,0,0,0,0,0,0,0,0.29,0.2634934,0.23264858
0,1,1,1,0,0,0,0,0,0,0,0,0.1,0.33780152,0.32758966
0,1,1,1,0,0,0,0,0,0,0,0,0.56,0.35707554,0.3555092
0,1,1,1,0,0,0,0,0,0,1,0,0.57,0.48807573,0.57302284
0,1,1,0,0,0,0,0,0,0,0,0,1.0,0.6328591,0.77742565
0,1,1,1,0,0,0,0,0,0,0,0,0.62,0.35744393,0.3560535
0,0,1,1,0,0,0,0,0,0,0,0,0.07,0.31727263,0.28914943
0,1,1,1,0,0,0,0,1,1,0,0,0.35,0.29879507,0.27389476
0,1,1,1,0,0,0,0,0,0,0,0,0.18,0.3641708,0.36609644
0,1,1,1,0,0,0,1,0,0,1,0,0.49,0.3024978,0.30281502
0,1,1,1,0,0,0,0,0,0,0,0,0.26,0.30850223,0.28844625
0,0,0,1,0,0,0,0,0,0,0,0,0.71,0.5157131,0.62885284
0,1,1,1,0,0,0,0,0,0,0,0,0.13,0.274038,0.24488242
0,1,1,1,0,0,0,0,0,0,0,0,0.24,0.28263807,0.25548407
0,1,1,1,0,0,0,0,0,0,0,0,0.46,0.41018763,0.4400881
0,1,1,1,0,0,0,0,0,1,0,0,0.77,0.3608385,0.3631698
0,0,0,1,0,0,0,0,1,0,0,0,0.35,0.3432269,0.32830185
0,1,1,1,0,0,0,0,0,0,0,0,0.48,0.5818948,0.69457906
0,1,1,1,0,0,0,0,0,0,0,0,0.42,0.34924284,0.34402722
0,1,1,1,0,0,0,0,1,1,0,0,0.39,0.32857737,0.30998206
0,1,1,1,0,0,0,0,0,0,0,0,0.35,0.2893351,0.26387784
0,1,1,1,1,0,0,0,0,0,0,0,0.51,0.36387986,0.36939374
0,0,1,1,0,0,0,0,1,1,0,1,0.29,0.36615798,0.35807747
0,1,1,1,0,0,0,0,0,0,0,0,0.57,0.49602595,0.59207666
0,1,1,1,0,0,0,0,0,0,0,0,0.18,0.28537303,0.25890532
0,1,1,0,0,0,1,0,0,1,0,0,0.43,0.33644196,0.35102686
0,1,1,1,0,1,0,0,0,0,0,0,0.36,0.31683663,0.3261136
0,1,1,1,0,0,0,0,0,0,0,0,0.59,0.5423252,0.6532946
0,1,1,1,0,0,0,0,0,0,0,0,0.19,0.36907682,0.37357062
0,0,0,1,0,0,0,0,0,0,0,0,0.35,0.30698347,0.2814607
0,1,1,1,0,1,0,0,0,0,0,0,0.13,0.32899877,0.3407728
0,1,1,1,0,0,0,0,0,0,0,0,0.28,0.2779999,0.24972638
0,1,1,1,0,0,0,0,0,0,0,0,0.29,0.2685979,0.23844449
0,1,1,1,0,0,0,0,0,0,0,0,0.28,0.29140624,0.2664947
0,1,1,1,0,0,0,0,0,0,0,0,0.25,0.29607397,0.2724403
0,1,1,1,0,0,0,0,0,0,0,0,0.36,0.40928277,0.43848532
1,1,1,1,0,0,0,0,0,0,0,0,0.26,0.3053998,0.29493648
0,0,0,1,0,0,0,0,1,1,0,0,0.43,0.34126258,0.31824654
0,1,1,0,0,0,0,0,0,0,0,0,0.55,0.35758087,0.36399072
0,1,1,1,0,0,0,0,0,0,0,0,0.24,0.26760173,0.23729031
0,1,1,1,0,0,0,0,0,0,0,0,0.26,0.38822794,0.40332136
0,0,1,1,0,1,1,0,0,0,0,0,0.55,0.36804658,0.4264463
0,1,1,1,0,0,0,0,0,0,0,0,0.78,0.42305654,0.46313316
0,0,0,1,0,0,0,1,0,0,1,0,0.36,0.3498286,0.35273653
0,1,1,1,0,0,0,0,0,0,0,0,0.33,0.4589881,0.5298277
0,1,1,1,0,0,0,0,0,0,0,0,0.35,0.29329652,0.26889685
0,1,1,1,0,0,0,0,0,0,0,0,0.44,0.3743712,0.38170445
0,1,1,1,0,0,0,0,0,0,0,0,0.28,0.338365,0.3283829
0,0,1,1,0,0,0,0,0,0,0,1,0.27,0.33640778,0.28967556
1,1,1,1,0,1,0,0,0,0,0,0,0.3,0.29302496,0.26743773
0,1,1,1,0,0,0,0,0,0,0,0,0.4,0.43988743,0.49393225
0,1,1,1,0,0,0,0,0,0,0,0,0.5,0.36104113,0.36138803
0,1,1,1,0,0,0,0,0,0,0,0,0.32,0.3373819,0.3270053
0,1,1,1,0,0,0,0,0,0,0,0,0.39,0.31085077,0.29150513
0,1,1,1,0,0,0,0,0,0,0,0,0.43,0.39700145,0.41754994
0,1,1,1,0,0,0,0,0,0,0,0,0.2,0.37116197,0.3767658
0,0,0,0,0,0,1,0,0,1,0,0,0.33,0.35875493,0.30683017
0,1,1,1,0,0,0,0,0,0,0,0,0.29,0.2971831,0.27386087
1,1,1,1,0,0,0,0,0,0,0,0,0.28,0.3226928,0.3175581
0,1,1,1,0,0,0,0,0,0,0,0,0.11,0.27244872,0.24296446
0,1,1,1,0,0,0,0,0,1,0,0,0.4,0.35840392,0.359626
0,0,0,1,0,0,0,0,0,0,0,0,0.24,0.4599225,0.5459865
0,1,1,1,0,0,1,0,0,0,0,0,0.44,0.40945846,0.43381625
0,1,1,1,0,0,0,0,0,0,0,0,0.3,0.40724415,0.4348998
0,0,0,1,0,0,0,0,0,0,0,0,0.06,0.3448709,0.33492377
0,1,1,1,0,0,0,0,0,0,0,0,0.6,0.364724,0.36693615
0,1,1,1,0,0,0,0,0,0,0,0,0.26,0.32136145,0.30537397
0,1,1,1,0,0,0,0,0,0,0,0,0.49,0.31361455,0.29511863
0,1,1,1,0,0,1,1,0,0,1,0,0.49,0.43764216,0.47126603
0,1,1,1,0,0,0,0,0,0,0,0,0.29,0.28042015,0.25271973
0,0,0,1,0,0,0,0,0,0,0,0,0.28,0.4014547,0.4324526
0,1,1,1,1,0,0,0,0,0,0,0,0.64,0.4268361,0.4798798
0,0,1,0,0,0,1,0,0,1,0,0,0.24,0.3255169,0.3136757
0,1,1,1,0,0,0,0,0,0,0,0,0.15,0.255001,0.22378957
0,0,1,1,0,0,1,0,0,0,0,1,0.59,0.3482618,0.33669952
0,1,1,0,0,0,1,0,0,0,0,0,0.31,0.40451175,0.44155508
0,1,1,0,0,0,1,0,0,0,0,0,0.26,0.32295865,0.30324093
0,1,1,1,0,0,0,0,1,0,0,0,0.95,0.5242599,0.58735156
1,1,1,1,0,0,0,0,0,0,0,0,0.39,0.40224868,0.43575984
0,1,1,1,0,0,0,0,0,0,0,0,0.12,0.5552572,0.66840255
0,1,1,1,0,0,0,0,0,0,0,0,0.3,0.29046768,0.2653068
0,1,1,1,0,0,0,0,0,0,0,0,0.42,0.38435093,0.3972154
0,1,1,1,0,0,0,0,0,0,0,0,0.31,0.3376811,0.3274219
0,1,1,0,0,0,0,0,0,0,0,0,0.27,0.33299738,0.32406515
0,1,1,1,0,0,0,0,0,0,0,0,0.63,0.40867466,0.43740875
0,1,1,1,0,0,0,0,0,0,0,0,0.2,0.40200648,0.42582387
0,1,1,1,0,0,0,0,1,1,0,0,0.41,0.33419588,0.3170511
0,1,1,0,0,0,0,0,1,0,0,0,0.25,0.4014365,0.4268311
0,1,1,1,0,0,0,0,1,1,0,0,0.26,0.2915945,0.26597607
0,1,1,0,0,0,0,0,0,0,0,0,0.4,0.3201822,0.30431154
0,1,1,1,0,0,0,0,0,0,0,0,0.29,0.30443686,0.28316572
0,0,1,1,0,0,0,0,0,0,0,1,0.26,0.28352827,0.22705433
0,1,1,1,0,0,0,0,0,0,0,0,0.2,0.26691696,0.23649922
0,1,1,1,0,0,0,0,0,0,0,0,0.28,0.32457224,0.30961624
0,0,0,1,0,0,0,0,0,0,0,0,0.29,0.34669274,0.33779806
0,0,0,0,0,0,1,0,0,0,0,0,0.52,0.3223773,0.28279692
1,1,1,1,0,0,0,0,0,0,0,0,0.46,0.42023283,0.46456623
0,1,1,0,0,0,0,0,0,0,0,0,0.45,0.41899753,0.46827656
0,1,1,1,0,0,0,0,0,0,0,0,0.32,0.31047404,0.29101425
0,0,0,1,0,0,0,0,0,0,0,0,0.02,0.4117628,0.4524919
0,0,0,1,0,0,0,0,0,0,0,0,0.41,0.5035624,0.6146322
0,1,1,1,0,0,0,0,1,1,0,0,0.37,0.38874373,0.39264208
0,1,1,1,0,0,0,0,0,0,0,0,0.27,0.37167367,0.3775516
1,1,1,1,0,0,0,0,0,0,0,0,0.23,0.30466357,0.29399687
0,0,1,1,0,0,0,0,0,0,0,1,0.18,0.24474621,0.1885747
0,1,1,1,0,1,0,0,0,0,0,0,0.31,0.3611011,0.3803555
0,1,1,1,0,0,0,0,0,0,0,0,0.29,0.27665073,0.24806812
0,1,1,1,0,0,0,0,0,0,0,0,0.28,0.3018227,0.27979103
0,1,1,1,0,1,0,1,0,0,1,0,0.18,0.30811912,0.33088836
0,1,1,1,0,0,0,0,0,0,0,0,0.16,0.31317022,0.29453617
1,1,1,1,0,0,0,0,0,0,0,0,0.54,0.42963544,0.47954154
0,1,1,0,0,0,0,0,0,0,0,0,0.48,0.37204695,0.388005
0,1,1,1,0,0,0,0,0,0,0,0,0.66,0.58088505,0.69367564
0,1,1,0,0,0,0,0,0,0,0,0,0.26,0.32704768,0.3147556
0,0,1,1,0,0,0,0,0,0,0,0,0.31,0.29587117,0.26125845
0,1,1,1,0,0,0,0,0,0,0,0,0.44,0.2780544,0.24979353
0,1,1,1,0,0,0,0,0,0,0,0,0.36,0.34532994,0.3383583
0,1,1,1,0,0,0,0,0,0,0,0,0.1,0.39886922,0.42060384
0,0,0,0,0,0,0,0,1,0,0,1,0.13,0.33589113,0.24427648
0,1,1,1,0,0,0,0,0,0,0,0,0.22,0.29097837,0.26595277
0,1,1,1,0,0,0,0,1,1,0,0,0.55,0.38597652,0.38852164
0,0,1,1,0,0,0,0,0,0,0,0,0.25,0.29258838,0.2572723
0,1,1,1,0,0,0,0,0,0,0,0,0.42,0.30484635,0.2836966
0,1,1,1,0,0,0,0,0,0,0,0,0.07,0.3165092,0.29892966
0,1,1,1,0,1,0,0,0,0,0,0,0.64,0.42877555,0.47488624
0,0,1,1,0,0,0,0,1,1,0,1,0.68,0.43097967,0.45997277
0,0,0,0,0,0,0,0,1,1,0,1,0.33,0.3458944,0.24046043
0,1,1,1,0,0,1,0,0,0,0,0,0.28,0.32610816,0.30781928
0,1,1,0,0,0,0,1,0,0,1,0,0.32,0.2685729,0.21357076
0,1,1,0,0,0,0,1,0,0,1,0,0.25,0.29684812,0.24648075
0,1,1,1,0,0,0,0,0,0,0,0,0.4,0.50603133,0.6063577
0,1,1,1,0,0,1,1,0,0,0,0,0.53,0.39361176,0.42883006
1,1,1,1,0,0,0,0,0,0,0,0,0.13,0.37326473,0.39054465
0,0,1,1,0,0,0,0,0,1,0,1,0.42,0.34976447,0.34760588
0,1,1,0,0,0,0,0,0,1,0,0,0.27,0.3598939,0.33967358
0,1,1,1,0,0,0,0,1,1,0,0,0.14,0.2274032,0.2024025
0,1,1,1,0,0,0,0,0,0,0,0,0.33,0.414073,0.44701567
0,1,1,1,0,1,0,0,0,0,0,0,0.68,0.46079558,0.5252779
0,0,0,1,0,1,0,0,0,0,0,0,0.11,0.2702574,0.2488451
0,1,1,1,0,1,0,1,0,0,0,0,0.42,0.37798437,0.39135894
0,1,1,1,0,0,0,0,0,0,0,0,0.27,0.30658016,0.28594732
0,1,1,1,0,0,0,0,1,1,0,0,0.41,0.30571127,0.28197673
0,1,1,1,0,0,0,0,0,0,0,0,0.47,0.32530063,0.3105819
0,1,1,1,0,0,0,0,1,1,0,0,0.44,0.45416388,0.49703002
0,1,1,1,0,1,0,0,0,0,0,0,0.71,0.40275422,0.43608388
0,1,1,1,0,0,0,0,0,0,0,0,0.27,0.345441,0.3385186
0,1,1,1,0,0,0,0,1,1,0,0,0.68,0.33861548,0.32267457
0,1,1,1,0,1,0,0,0,0,0,0,0.37,0.37515345,0.3980978
0,0,1,1,0,0,0,1,0,0,0,0,0.27,0.29746827,0.2627496
0,1,1,0,0,0,0,0,1,0,0,0,0.35,0.3007549,0.27714947
0,1,1,0,0,0,1,0,0,0,1,0,0.24,0.35289317,0.28972262
0,1,1,1,0,0,0,0,1,1,0,0,0.31,0.25245512,0.2260216
0,1,1,1,0,0,0,0,0,0,1,0,0.31,0.3096439,0.281922
0,1,1,1,0,0,0,0,0,0,0,0,0.16,0.30173668,0.27968043
0,1,1,1,0,0,0,1,0,1,1,0,0.12,0.6564317,0.7324183
0,1,1,1,0,1,0,0,0,0,0,0,0.73,0.47702092,0.5507716
0,0,0,0,0,0,1,0,0,1,0,0,0.38,0.37799123,0.33978015
0,0,0,1,0,0,0,0,1,0,0,0,0.22,0.49669915,0.5993231
1,1,1,1,0,0,0,0,0,0,0,0,0.37,0.33100706,0.32885262
0,0,0,1,0,0,0,0,1,0,0,0,0.25,0.32692564,0.30513126
0,0,1,1,0,0,1,0,0,0,0,0,0.48,0.32861558,0.33067992
0,1,1,1,0,0,0,0,0,0,0,0,0.34,0.40184277,0.42554998
0,1,1,1,0,0,0,0,0,0,0,0,0.47,0.33447853,0.32297653
0,1,1,1,0,0,0,0,1,0,0,0,0.21,0.31988195,0.3109769
0,1,1,1,0,0,0,0,0,0,0,0,0.19,0.2869312,0.26086134
0,1,1,0,0,0,0,0,0,0,0,0,0.49,0.3060784,0.28377748
0,1,1,1,0,0,0,0,1,1,0,0,0.44,0.43782812,0.46884814
0,1,1,1,0,0,0,0,0,0,0,0,0.32,0.37058952,0.37588757
0,1,1,1,0,1,0,0,0,0,0,0,0.16,0.36164477,0.38103566
0,1,1,1,0,0,0,0,0,0,0,0,0.2,0.29800734,0.2749086
0,0,0,1,0,0,0,0,0,0,0,0,0.44,0.3728141,0.38041955
0,1,1,0,0,0,0,0,0,0,0,0,0.53,0.40705854,0.44701004
0,1,1,1,0,0,0,0,0,0,0,0,0.29,0.3034761,0.28192258
0,1,1,1,0,0,0,0,0,0,0,0,0.34,0.43298087,0.48121065
0,1,1,0,0,0,1,1,0,0,0,0,0.28,0.3339344,0.3367146
0,1,1,1,0,0,0,0,0,0,0,0,0.14,0.3193589,0.30270717
0,1,1,1,0,0,0,0,0,0,0,0,0.28,0.39313135,0.41124257
0,1,1,1,0,0,0,0,0,0,0,0,0.55,0.41411072,0.44708315
0,0,1,1,0,0,0,0,0,0,0,1,0.32,0.3577827,0.31821725
0,1,1,1,0,0,0,0,0,0,0,0,0.03,0.33293873,0.32086524
0,1,1,1,0,0,0,0,0,0,0,0,0.85,0.4417912,0.49748555
0,0,1,0,0,0,0,0,1,1,0,0,0.51,0.35720482,0.38027534
0,1,1,1,0,0,0,0,0,0,0,0,0.7,0.7303011,0.8130271
0,0,0,1,0,0,0,0,0,0,0,1,0.24,0.35025674,0.28063965
0,1,1,0,0,0,0,0,0,0,0,0,0.59,0.3437552,0.3413305
0,1,1,1,0,0,0,0,0,0,0,0,0.43,0.33670846,0.32606846
0,1,1,1,0,0,0,0,1,1,0,0,0.48,0.42471808,0.44736528
0,0,1,1,0,0,0,0,1,0,0,0,0.55,0.32370266,0.31886983
0,1,1,1,0,0,0,0,0,0,0,0,0.28,0.35619307,0.35420683
0,1,1,1,0,0,0,0,0,0,0,0,0.26,0.26385847,0.23305634
0,1,1,1,0,0,0,0,0,0,0,0,0.65,0.32826453,0.3145285
0,1,1,1,0,0,0,0,0,0,0,0,0.98,0.4803241,0.56766284
0,1,1,1,0,0,0,1,0,0,0,0,0.09,0.29871196,0.25557846
0,1,1,1,0,0,0,0,0,0,0,0,0.91,0.45060056,0.5141834
0,1,1,1,0,0,0,0,1,1,0,0,0.95,0.51482886,0.59355956
0,1,1,0,0,0,0,0,0,0,0,0,0.53,0.45792952,0.5382434
0,0,1,1,0,0,0,0,0,0,0,0,0.47,0.3179478,0.29008797
0,0,1,1,0,0,0,0,0,0,0,1,0.17,0.35293403,0.31159163
0,1,1,1,0,0,0,0,0,0,0,0,0.26,0.30189458,0.27988353
0,1,1,0,0,0,1,0,0,1,0,0,0.72,0.41061085,0.4737215
0,1,1,1,0,0,0,0,0,0,0,0,0.57,0.47047704,0.5505289
1,1,1,1,0,0,0,0,0,0,0,0,0.29,0.26025105,0.2418383
0,1,1,1,0,0,0,0,0,0,0,0,0.84,0.587836,0.69983274
0,0,0,1,0,0,0,0,0,0,0,0,0.26,0.2907895,0.2619007
0,0,0,1,0,0,0,0,1,0,0,0,0.34,0.41448277,0.44772297
0,1,1,1,0,0,0,0,0,0,0,0,0.29,0.3261891,0.31176203
0,1,1,1,0,0,0,0,0,1,0,0,0.43,0.2901855,0.26963902
0,1,1,1,0,0,0,0,0,0,0,0,0.51,0.3686083,0.3728542
0,1,1,1,0,1,0,0,0,0,0,0,0.37,0.35787648,0.37633115
0,0,0,1,0,0,0,0,0,0,0,0,0.42,0.36871392,0.37347332
0,0,0,1,0,0,1,0,0,0,0,0,0.31,0.33005857,0.33168572
0,1,1,1,0,0,0,0,0,0,0,0,0.32,0.34154654,0.332921
1,1,1,1,0,0,0,0,0,0,0,0,1.0,0.48504505,0.5561317
0,1,1,1,0,0,0,0,0,0,0,0,0.37,0.3975283,0.41841072
0,0,1,0,0,0,0,0,1,1,0,0,0.18,0.3183213,0.3164287
0,1,1,0,0,0,0,0,0,0,0,0,0.43,0.37739044,0.3969236
0,1,1,1,0,0,0,0,0,0,0,0,0.47,0.34413186,0.33663175
0,1,1,1,1,0,0,0,0,0,0,0,0.28,0.30944508,0.29196638
0,1,1,1,0,0,0,0,0,0,0,0,0.3,0.40526414,0.43144387
0,1,1,1,0,1,0,0,0,0,0,0,1.0,0.7823289,0.82872695
0,1,1,1,0,0,0,0,0,0,0,0,0.37,0.3762284,0.38457376
0,0,1,1,0,0,0,0,0,0,0,0,0.37,0.5242834,0.60095036
0,1,1,1,0,0,0,0,0,0,0,0,0.48,0.5138609,0.61727965
0,1,1,1,0,0,0,0,0,0,0,0,0.83,0.45766115,0.52738124
0,0,1,1,0,0,0,0,0,0,0,1,0.27,0.27308792,0.21606019
0,0,0,1,0,0,0,0,0,0,0,0,0.03,0.3732094,0.38109154
0,1,1,0,0,0,0,1,0,0,0,0,0.42,0.39916041,0.4598766
0,1,1,1,0,0,0,0,1,1,0,0,0.7,0.54629385,0.6319042
0,1,1,0,0,0,1,0,0,0,0,0,0.27,0.3288334,0.31172913
0,1,1,1,0,0,0,0,0,0,0,0,0.17,0.28210396,0.25481638
0,1,1,1,0,0,1,0,0,0,0,0,0.6,0.46182346,0.52707064
0,1,1,1,0,0,0,0,0,0,0,0,0.44,0.37468323,0.382186
1,1,1,1,0,0,0,0,0,0,0,0,0.43,0.31288028,0.3046282
0,1,1,1,0,0,0,0,0,0,0,0,0.17,0.31286615,0.29413795
0,0,1,1,0,0,0,0,0,0,0,1,0.7,0.62383187,0.75828373
0,1,1,1,0,0,0,0,1,1,0,0,0.83,0.6269527,0.728553
0,1,1,1,0,0,0,0,0,0,0,0,0.46,0.3065792,0.28594607
0,1,1,1,0,0,0,0,0,1,0,0,0.24,0.32205832,0.30945578
0,1,1,1,0,0,0,0,0,0,0,0,0.13,0.28336635,0.2563964
0,0,1,1,0,0,0,0,0,0,0,1,0.72,0.5434288,0.6478373
0,1,1,1,1,0,0,0,0,0,0,0,0.59,0.501705,0.62197596
0,0,1,1,0,0,0,0,0,0,0,1,0.22,0.34335503,0.2986756
0,1,1,1,0,0,0,0,0,0,0,0,0.69,0.5674604,0.6811811
0,1,1,1,0,0,0,0,0,0,0,0,0.33,0.36105755,0.36141247
0,1,1,1,0,0,0,0,1,1,0,0,0.11,0.2977832,0.2727426
0,0,1,1,0,0,0,0,0,0,0,0,0.05,0.7503522,0.7942841
0,1,1,1,0,0,0,0,0,0,0,0,0.39,0.3184608,0.30151466
1,1,1,1,0,0,0,0,0,0,0,0,0.25,0.385734,0.4097725
0,1,1,1,0,0,0,0,0,0,0,0,0.23,0.30638146,0.28568885
0,1,1,1,0,0,0,0,0,0,1,0,1.0,0.44662386,0.5073738
0,0,0,0,0,0,0,0,0,0,0,0,0.3,0.30723834,0.24859233
0,1,1,1,0,0,0,0,0,0,0,0,0.2,0.28787306,0.26204056
0,1,1,1,0,0,0,0,0,0,0,0,0.26,0.2951688,0.27128226
0,1,1,1,0,0,0,0,0,0,0,0,0.57,0.528922,0.6367055
0,1,1,1,0,0,0,0,1,1,0,0,0.4,0.41543847,0.43304482
0,1,1,0,0,0,0,0,0,0,0,0,0.18,0.31055403,0.29010454
0,1,1,1,0,1,0,0,0,0,0,0,0.23,0.32281893,0.33322805
0,1,1,1,0,0,1,0,0,0,0,0,0.42,0.3279087,0.31025863
0,0,1,1,0,0,0,0,0,0,0,0,0.2,0.27745572,0.23983482
0,1,1,1,0,0,0,0,0,0,0,0,0.4,0.28309423,0.2560553
0,1,1,0,0,0,0,0,0,0,0,0,0.28,0.31434217,0.2956189
0,1,1,1,0,0,0,0,0,1,0,0,0.3,0.30146405,0.2834122
0,1,1,1,0,0,0,0,1,1,0,0,0.39,0.3294571,0.31108576
0,1,1,1,0,0,0,0,0,0,0,0,0.36,0.4455952,0.5046672
0,1,1,1,0,0,1,0,0,0,0,0,0.6,0.37451985,0.37785345
0,1,1,1,0,0,0,0,0,0,0,0,1.0,0.6262475,0.7344222
0,0,1,1,0,0,0,0,0,0,0,1,0.21,0.39773697,0.37550196
0,1,1,1,0,0,0,0,0,0,0,0,0.18,0.27776206,0.24943349
0,1,1,1,0,0,0,0,0,0,0,0,0.59,0.34725484,0.34114134
0,1,1,1,0,0,0,0,0,0,0,0,0.26,0.2816231,0.25421637
0,1,1,1,0,0,0,0,1,1,0,0,0.22,0.2634433,0.23681518
0,1,1,1,0,0,0,0,0,0,0,0,0.26,0.28963512,0.26425585
0,0,0,1,0,0,0,1,1,1,0,0,0.26,0.38564587,0.33804944
0,1,1,1,0,0,0,0,0,0,0,0,0.24,0.32060188,0.3043609
0,1,1,1,0,0,0,0,0,1,1,0,0.6,0.3540837,0.35319608
0,1,1,1,0,0,0,0,0,0,0,0,0.84,0.4478375,0.50892574
0,1,1,1,0,0,0,0,0,0,0,0,0.28,0.42719966,0.47059903
0,1,1,1,0,0,0,0,0,0,0,0,0.27,0.29186657,0.26707843
0,1,1,1,0,0,0,0,0,0,0,0,0.28,0.30869514,0.2886973
0,1,1,0,0,0,0,0,1,0,0,0,0.21,0.3677689,0.37010273
1,1,1,1,0,0,0,0,0,0,0,0,0.2,0.26167288,0.24336168
0,1,1,1,0,0,0,0,0,0,0,0,0.3,0.37758657,0.3866772
0,1,1,1,0,0,0,0,0,0,0,0,0.22,0.29722458,0.27391353
0,1,1,1,0,0,0,0,1,0,0,0,0.94,0.3309573,0.32557136
0,1,1,1,0,0,0,0,0,0,0,0,0.16,0.3654714,0.36807185
0,1,1,1,0,0,0,0,1,1,1,0,0.33,0.3690373,0.34574324
0,1,1,1,0,0,1,0,0,1,0,0,0.23,0.32059366,0.30291384
0,1,1,1,0,0,0,0,0,0,1,0,0.27,0.36274967,0.35916585
0,1,1,1,0,0,1,0,0,1,1,0,1.0,0.48043567,0.61184824
0,0,1,1,0,0,0,0,0,0,0,0,0.36,0.46898356,0.5153613
0,1,1,1,0,0,0,0,1,1,0,0,0.3,0.3341188,0.31695384
0,1,1,1,0,0,0,0,0,0,0,0,0.33,0.3239208,0.30875385
0,1,1,1,0,0,0,0,0,0,0,0,1.0,0.64262426,0.7491612
0,1,1,1,0,0,0,0,1,1,1,0,0.64,0.46132833,0.47624525
0,1,1,1,0,0,1,0,0,0,0,0,0.65,0.45325398,0.5112744
0,1,1,1,0,0,0,0,1,1,0,0,0.41,0.35323724,0.34166956
0,1,1,1,0,0,0,0,0,0,0,0,0.33,0.33199316,0.31957266
0,1,1,1,0,0,0,0,1,1,0,0,0.17,0.41211957,0.4280077
0,0,1,1,0,0,0,0,0,0,0,0,0.26,0.3221229,0.29593185
0,0,0,1,0,0,0,0,0,0,0,0,0.93,0.4455678,0.5187439
0,1,1,1,0,0,0,0,0,0,0,0,0.28,0.3278265,0.31394345
0,1,1,1,0,0,0,0,1,1,0,0,0.3,0.33732063,0.32102162
0,1,1,1,0,0,0,0,1,1,0,0,0.27,0.30375925,0.27964032
0,1,1,0,0,0,0,1,0,1,0,0,0.33,0.36090535,0.34629875
0,1,1,1,0,0,0,0,0,0,0,0,0.36,0.44244066,0.49869734
0,1,1,1,0,0,0,0,0,0,0,0,0.29,0.29765505,0.27446046
0,1,1,1,0,0,0,0,0,0,0,0,0.41,0.3690772,0.37357122
1,1,1,1,0,0,0,0,0,0,0,0,0.37,0.32524395,0.32098413
0,1,1,1,0,0,0,0,0,0,0,0,0.27,0.43064505,0.4769217
0,1,1,1,0,1,0,1,0,0,1,0,0.43,0.37939516,0.42251348
0,1,1,1,0,0,0,0,0,0,0,0,0.38,0.34390044,0.33629876
0,1,1,1,0,0,0,0,0,0,0,0,0.33,0.36931294,0.3739319
0,0,0,0,0,0,0,0,0,0,0,0,0.25,0.3060202,0.2470124
0,1,1,1,0,0,1,0,0,1,0,0,0.33,0.34779662,0.33762604
0,1,1,1,0,0,0,0,0,0,0,0,0.45,0.41263357,0.4444438
0,1,1,1,0,0,0,0,0,0,0,0,0.34,0.4831102,0.5722888
0,1,1,1,0,0,0,0,0,0,0,0,0.26,0.2826751,0.25553042
0,1,1,1,0,0,0,0,0,0,0,0,0.32,0.35354638,0.350314
0,1,1,1,0,0,0,0,1,1,0,0,0.26,0.324492,0.30488804
0,1,1,1,0,0,0,0,0,0,0,0,0.59,0.43492427,0.4847811
0,1,1,1,0,0,0,0,0,0,0,0,0.4,0.37957716,0.38976783
0,1,1,1,0,0,0,0,0,0,0,0,0.98,0.66822255,0.7705143
0,1,1,1,0,0,0,0,1,1,0,0,0.18,0.34566766,0.33175546
0,1,1,1,0,0,0,0,0,0,0,0,0.15,0.35671002,0.35496947
0,0,1,1,0,0,1,0,1,0,0,1,0.37,0.31424004,0.2634229
0,1,1,1,1,0,0,0,0,1,0,0,0.24,0.34130841,0.28098541
0,1,1,1,0,0,0,0,1,0,0,0,1.0,0.6705647,0.72700346
0,1,1,1,0,0,0,0,1,1,0,0,0.35,0.292461,0.26691926
0,1,1,0,0,0,1,0,0,0,0,0,0.75,0.39896384,0.43085083
0,1,1,0,0,0,1,0,1,0,0,0,0.28,0.2974768,0.25713673
0,1,1,1,0,0,0,0,0,0,0,0,0.34,0.2968604,0.27344894
0,0,1,1,0,0,0,0,0,0,0,0,0.48,0.4816466,0.53551143
0,1,1,1,0,0,0,0,0,0,0,0,0.23,0.28688055,0.26079804
0,1,1,1,0,0,0,0,1,0,0,0,0.49,0.3545097,0.3573466
0,1,1,1,0,0,0,0,0,0,0,0,0.34,0.29082322,0.26575643
0,1,1,1,0,0,0,0,1,1,0,0,0.33,0.32044783,0.2998894
0,1,1,1,0,0,0,0,1,1,0,0,0.7,0.44197735,0.4759724
0,0,1,1,0,0,1,0,0,0,0,0,0.62,0.3704195,0.386887
0,1,1,1,0,0,0,0,0,0,0,0,0.26,0.28565556,0.25925952
0,1,1,0,0,1,0,0,1,1,0,0,0.28,0.31167284,0.27274552
0,1,1,1,0,0,0,0,1,0,0,0,0.45,0.28278607,0.2648403
0,0,1,0,0,0,0,0,0,0,0,0,0.92,0.6355028,0.7331934
0,1,1,1,0,0,0,0,0,0,0,0,0.61,0.35771826,0.35645908
0,1,1,1,0,0,0,0,0,0,0,0,0.29,0.31654364,0.2989752
0,1,1,1,0,0,0,0,0,0,0,0,0.54,0.3354048,0.324259
0,1,1,1,0,0,0,0,0,0,0,0,0.29,0.2737859,0.2445775
0,1,1,1,0,0,0,0,0,1,0,0,0.18,0.2710449,0.24771495
0,0,1,1,0,0,0,0,0,0,0,1,0.22,0.30226833,0.24802883
0,1,1,1,0,0,0,0,0,0,0,0,0.22,0.3150998,0.29707056
0,0,0,1,0,0,0,0,1,1,0,0,0.29,0.3353303,0.30944157
0,0,1,1,0,0,0,0,0,0,0,1,0.46,0.43079782,0.4304908
0,1,1,1,0,0,0,0,0,0,0,0,0.32,0.32256,0.3069555
0,1,1,1,0,0,0,0,1,1,0,0,0.28,0.34775153,0.33446416
0,0,1,1,0,0,0,0,0,0,0,1,0.71,0.5987022,0.72934294
0,1,1,1,0,0,0,0,0,0,0,0,0.25,0.30237165,0.28049764
0,0,1,1,0,0,0,0,0,0,0,0,0.07,0.47763938,0.5291003
0,0,0,1,0,0,0,0,0,0,0,0,0.4,0.33454683,0.31917474
0,1,1,1,0,0,0,0,0,0,0,0,0.44,0.33438832,0.32285205
0,1,1,1,0,0,0,0,0,0,0,0,0.21,0.27186218,0.24225922
0,1,1,1,0,0,0,0,1,0,0,0,0.03,0.27677885,0.25782079
0,1,1,1,0,0,0,0,0,0,0,0,0.18,0.25154608,0.22031514
0,1,1,1,0,1,0,0,0,0,1,0,0.18,0.3493386,0.3689242
0,1,1,1,0,0,0,0,1,1,0,0,0.31,0.3794025,0.37884778
0,0,1,0,0,0,1,0,0,0,0,0,0.44,0.37598377,0.38671395
0,1,1,0,0,0,0,0,0,0,0,0,0.45,0.3482749,0.34872243
0,1,1,0,0,0,0,0,1,1,0,0,1.0,0.6609459,0.82150745
0,1,1,1,0,0,0,0,0,0,0,0,0.84,0.5744365,0.6878201
0,0,1,0,0,0,1,0,0,0,0,0,0.54,0.39782172,0.42148733
0,1,1,1,0,0,1,0,0,0,0,0,0.31,0.31624922,0.29451516
0,1,1,1,0,1,0,0,0,0,0,0,0.23,0.2883659,0.2934926
0,1,1,1,0,0,0,0,0,0,0,0,0.4,0.28428394,0.2575429
0,1,1,1,0,0,0,0,0,0,0,0,0.62,0.44366837,0.50100285
0,1,1,1,0,0,0,0,0,0,0,0,0.09,0.2939242,0.2696951
0,1,1,1,0,0,0,0,0,0,0,0,0.29,0.30870622,0.28871173
0,1,1,1,0,0,0,0,0,0,0,0,0.04,0.30449933,0.28324667
0,1,1,1,0,0,0,0,0,0,0,0,0.49,0.4079501,0.43613356
1,1,1,1,0,0,0,0,0,0,0,0,0.73,0.3910044,0.41802382
0,1,1,1,0,0,0,0,1,1,0,0,0.57,0.44685477,0.484402
0,1,1,1,0,0,0,0,0,0,0,0,0.13,0.3167525,0.29925132
0,1,1,1,0,0,0,0,0,0,0,0,0.58,0.30799165,0.28778234
0,1,1,0,0,0,0,0,0,0,0,0,0.35,0.33374625,0.32525593
0,1,1,1,0,0,0,0,0,0,0,0,0.6,0.31753534,0.3002875
0,1,1,1,0,0,0,0,1,0,0,0,0.29,0.28518352,0.26768258
0,1,1,1,0,0,0,0,1,1,0,0,0.28,0.40729484,0.4206894
0,1,1,1,0,0,0,0,1,1,0,0,0.56,0.3138836,0.2918537
0,1,1,1,0,1,0,0,0,0,0,0,0.35,0.39784822,0.42903453
0,1,1,1,0,0,0,0,0,0,0,0,0.65,0.51337147,0.616614
0,1,1,1,0,0,0,0,1,1,0,0,0.31,0.29821798,0.27323475
0,0,1,1,0,0,0,0,1,0,1,0,0.51,0.5182411,0.52771616
0,1,1,0,0,0,0,1,1,0,1,0,0.37,0.30998677,0.24519177
0,1,1,0,0,0,1,0,0,0,0,0,0.66,0.3941527,0.4217948
0,1,1,1,0,0,0,0,0,0,0,0,0.25,0.24133256,0.21017578
0,1,1,1,0,0,0,0,0,0,0,0,0.36,0.6772113,0.7775484
0,1,1,1,0,0,0,0,0,0,0,0,0.57,0.406802,0.4341275
0,1,1,1,0,0,0,0,0,0,0,0,0.55,0.41483188,0.44837278
0,0,1,1,0,0,0,0,0,0,0,0,0.3,0.2804034,0.2430357
0,1,1,1,0,0,0,0,0,0,0,0,0.25,0.30284894,0.28111285
0,0,1,1,0,0,0,0,0,0,0,0,0.21,0.31425312,0.28500888
0,1,1,1,0,0,0,0,1,1,0,0,0.34,0.3822673,0.38305157
0,1,1,0,0,0,1,0,0,0,0,0,0.57,0.47875005,0.5954633
0,1,1,0,0,0,0,0,0,0,0,0,0.32,0.3490276,0.34995252
0,1,1,1,0,0,0,0,0,0,0,0,0.7,0.4482712,0.5097516
0,1,1,0,0,0,0,1,1,1,0,0,0.21,0.34801713,0.3419537
0,1,1,1,0,0,0,0,0,0,0,0,0.18,0.3070123,0.28650945
0,1,1,1,0,0,0,0,0,0,0,0,0.38,0.2983719,0.27537286
0,1,1,1,0,0,0,0,0,0,0,0,0.32,0.30244112,0.28058714
0,1,1,1,0,0,1,0,0,0,0,0,0.42,0.36185804,0.35878485
0,1,1,1,0,0,1,0,0,0,0,0,0.81,0.7128244,0.82864475
0,1,1,1,0,0,0,0,0,0,0,0,0.37,0.28267947,0.2555359
0,1,1,1,0,0,0,0,1,0,0,0,0.32,0.30734238,0.29483777
0,1,1,1,0,0,0,0,0,0,0,0,0.51,0.3117461,0.29267368
0,1,1,1,0,0,0,0,1,1,0,0,1.0,0.62095153,0.72228134
0,1,1,0,0,0,0,0,0,0,0,0,0.35,0.3332411,0.32445246
0,1,1,1,0,0,0,0,0,0,0,0,0.23,0.29462796,0.27059186
0,1,1,1,0,1,0,1,1,0,0,0,0.37,0.38445255,0.3787391
0,1,1,1,0,0,0,0,1,1,0,0,0.17,0.3197295,0.29900557
0,1,1,1,0,0,0,0,0,0,0,0,0.26,0.27247214,0.24299267
0,1,1,1,0,0,0,0,0,0,0,0,0.18,0.33016363,0.31707916
0,1,1,1,0,0,0,0,0,0,0,0,0.36,0.30936807,0.28957412
0,1,1,1,0,0,0,0,0,0,0,0,0.32,0.2925304,0.26792163
0,0,1,0,0,0,0,0,0,0,0,1,0.29,0.32869697,0.24896932
0,1,1,1,0,0,0,0,0,0,0,0,0.36,0.4679812,0.5460826
0,1,1,1,0,0,1,0,0,0,0,0,0.34,0.37850267,0.38406888
0,1,1,1,0,0,0,0,0,0,0,0,0.24,0.2740503,0.24489729
0,1,1,1,0,0,0,0,0,0,0,0,0.14,0.29754868,0.27432525
0,1,1,1,0,0,0,0,0,0,0,0,0.3,0.28037515,0.25266382
0,1,1,0,0,0,1,0,1,0,0,0,0.46,0.43073362,0.4676904
0,1,1,1,0,0,0,0,1,1,0,0,0.3,0.3088438,0.28574887
0,1,1,1,0,1,0,0,0,0,0,0,0.47,0.40980807,0.44637862
0,1,1,1,0,0,1,0,0,0,0,0,0.29,0.27280778,0.24033968
0,1,1,1,0,0,0,0,0,0,0,0,0.61,0.6399125,0.7467884
0,1,1,1,0,0,0,0,0,1,0,0,0.45,0.3947017,0.41434497
0,1,1,0,0,0,1,0,0,0,0,0,0.23,0.3855204,0.40572935
0,0,0,1,0,0,0,0,0,0,0,0,0.77,0.49925032,0.6093742
0,1,1,1,0,0,0,0,1,0,0,0,0.24,0.30402,0.29063386
0,1,1,1,0,1,0,0,0,0,0,0,0.21,0.26364437,0.2665793
0,1,1,1,0,0,0,0,1,1,0,0,0.33,0.44036657,0.47319144
0,1,1,1,0,0,0,0,0,0,0,0,0.44,0.33070773,0.31781963
0,1,1,0,0,0,1,1,1,1,1,0,0.36,0.39211375,0.42187506
0,1,1,1,0,0,0,0,0,0,0,0,0.92,0.5573678,0.6707082
0,1,1,1,0,0,0,0,1,1,0,0,0.29,0.4292109,0.45451012
0,1,1,1,0,0,0,0,1,1,0,0,0.42,0.39089528,0.3958678
1,1,1,1,0,1,0,0,0,0,0,0,0.14,0.27810127,0.2511155
0,1,1,0,0,0,1,0,0,0,0,0,0.4,0.3273872,0.3096226
0,1,1,1,0,0,0,0,0,0,0,0,0.15,0.31244817,0.29359108
0,0,1,1,0,0,0,0,0,0,0,0,0.29,0.32263127,0.29664993
0,1,1,1,0,0,0,0,1,1,0,0,0.32,0.4164545,0.4345894
0,1,1,1,0,0,0,0,0,0,0,0,0.28,0.30888122,0.2889396
0,0,0,1,0,0,0,0,0,0,0,0,0.25,0.33201176,0.3154057
0,1,1,1,0,0,0,0,0,0,0,0,0.24,0.3014337,0.27929094
0,0,0,0,0,0,1,0,0,0,0,0,0.37,0.37103084,0.3685621
0,0,1,1,0,0,0,0,0,0,0,0,0.26,0.2954625,0.2607583
0,1,1,1,0,0,0,0,0,0,0,0,0.79,0.4224739,0.46208492
0,1,1,1,0,0,0,0,0,0,0,0,0.28,0.2802774,0.25254253
0,1,1,1,0,0,0,0,0,0,0,0,0.34,0.32801342,0.31419307
0,1,1,1,0,0,0,0,0,0,0,0,0.67,0.43057665,0.47679615
0,0,1,1,0,0,1,0,0,0,0,0,0.35,0.3294726,0.3318305
0,1,1,0,0,0,0,0,0,0,0,0,0.35,0.26083058,0.2283146
0,1,1,1,0,0,0,0,0,0,0,0,0.48,0.38674578,0.40098247
0,1,1,1,0,0,0,0,0,0,0,0,0.27,0.3783328,0.38783476
0,1,1,1,0,1,0,0,1,1,0,0,0.31,0.26844755,0.24678116
0,1,1,1,0,0,0,0,0,0,0,0,0.45,0.31851065,0.3015808
0,0,1,1,0,0,0,0,0,0,0,1,0.05,0.34447208,0.30016875
0,1,1,1,0,0,1,0,0,0,0,0,0.43,0.33388177,0.31843263
0,1,1,1,0,0,0,0,0,0,0,0,0.86,0.48376447,0.57334304
0,1,0,1,0,0,1,0,0,0,0,0,0.29,0.30978844,0.2766897
0,1,1,1,0,0,0,0,1,1,0,0,0.29,0.31371647,0.29165
0,1,1,1,0,0,0,0,0,1,0,0,0.38,0.32544684,0.3138465
0,1,1,1,0,0,0,0,0,0,0,0,0.41,0.38786003,0.4027404
0,1,1,0,0,0,0,1,0,1,1,0,0.27,0.30806845,0.27310416
0,0,1,0,0,0,0,0,0,0,0,0,0.25,0.26467556,0.22693904
0,1,1,1,0,0,0,0,0,0,1,0,0.6,0.38063335,0.38884407
0,0,0,1,0,0,0,0,0,0,0,0,0.52,0.54223144,0.65739375
0,1,1,1,0,0,0,0,0,0,0,0,0.4,0.30294374,0.28123516
0,1,1,1,0,0,0,0,1,1,0,0,0.65,0.46919546,0.5230711
0,1,1,1,0,0,0,0,0,1,0,0,0.58,0.5421896,0.62874085
0,1,1,1,0,0,0,0,0,0,0,0,0.46,0.37349495,0.3803535
0,1,1,1,0,0,0,0,0,0,0,0,0.57,0.4729603,0.5549099
0,1,1,1,0,1,0,0,0,1,1,0,0.22,0.28922045,0.28094524
0,1,1,1,0,0,0,0,0,0,0,0,0.36,0.30703688,0.2865414
0,0,1,1,0,0,0,0,1,1,0,0,0.22,0.3260091,0.29819286
0,0,1,0,0,0,1,0,0,0,0,0,0.21,0.3026732,0.27580333
0,1,1,1,0,0,1,0,0,0,0,0,0.33,0.31011385,0.28630376
0,0,1,1,0,0,0,0,0,0,0,1,0.39,0.32416475,0.2742564
0,1,1,1,1,0,1,0,0,0,0,0,0.49,0.31299406,0.31899458
0,1,1,1,0,0,0,0,0,0,0,0,0.3,0.30485624,0.2837094
0,1,1,1,0,0,0,0,1,1,0,0,0.21,0.29073825,0.26504612
0,1,1,1,0,0,0,0,1,0,0,0,0.35,0.37309662,0.38323116
0,1,1,1,0,0,0,0,0,0,0,0,0.49,0.38257134,0.39443326
0,1,1,0,0,0,0,0,0,0,1,0,0.21,0.2340244,0.17854366
0,1,1,1,0,0,0,0,1,1,0,0,0.03,0.38312888,0.38431934
0,0,1,0,0,0,1,0,0,0,0,0,0.35,0.34183624,0.3333566
0,1,1,1,0,0,0,0,0,0,0,0,0.29,0.31186432,0.29282817
0,1,1,1,0,0,0,0,0,0,0,0,0.39,0.42084828,0.4591619
0,1,1,1,0,0,0,0,0,0,0,0,0.14,0.25293636,0.22172518
0,1,1,1,0,0,0,0,0,0,0,0,0.43,0.4406193,0.495298
0,1,1,1,0,0,0,0,0,0,0,0,0.33,0.30629483,0.2855762
0,1,1,1,0,0,0,0,0,0,0,0,0.48,0.34828404,0.3426339
0,1,1,0,0,0,0,0,0,0,0,0,0.21,0.274393,0.24341908
0,1,1,0,0,0,0,1,1,1,0,0,0.51,0.43383646,0.5229205
0,1,1,1,0,0,0,0,0,0,0,0,0.31,0.2936613,0.26936057
0,1,1,1,0,0,0,0,0,0,0,0,1.0,0.4287282,0.47340384
0,1,1,0,0,0,1,0,0,0,0,0,0.44,0.48211402,0.60243237
0,1,1,1,0,0,0,0,0,0,0,0,0.07,0.25957775,0.22845006
0,1,1,1,0,0,0,0,0,0,0,0,0.14,0.37729722,0.38622877
0,1,1,1,0,0,0,0,0,0,0,0,0.34,0.32785887,0.31398666
0,1,1,1,0,0,1,0,1,1,0,0,0.23,0.33654174,0.31271115
0,1,1,1,0,0,0,0,0,0,0,0,0.29,0.41711324,0.452457
0,1,1,0,0,0,1,1,1,1,1,0,0.36,0.43116063,0.49021906
0,1,1,1,0,0,0,0,0,0,0,0,0.3,0.2797079,0.25183636
0,1,1,1,0,0,1,0,0,0,0,0,0.72,0.4474481,0.50070065
0,1,1,1,0,0,0,0,0,0,0,0,0.72,0.37243956,0.3787289
0,1,1,1,0,0,0,0,0,1,0,0,0.6,0.31473437,0.30007407
0,1,1,1,0,0,0,0,1,0,0,0,0.31,0.29556775,0.28013304
0,1,1,1,0,0,0,0,0,0,0,0,0.22,0.26546532,0.23485613
0,0,0,1,0,0,0,0,0,0,0,0,0.63,0.32273462,0.3023339
0,0,1,1,0,0,0,0,0,0,0,1,0.3,0.31207138,0.2595515
0,1,1,1,0,1,0,0,0,0,0,0,0.3,0.30937955,0.31742254
0,1,1,1,0,0,0,0,0,0,0,0,0.27,0.25886196,0.22771649
0,0,0,1,0,0,0,0,0,0,0,0,0.25,0.33123046,0.31428266
0,1,1,1,0,0,0,1,0,0,1,0,0.25,0.29989806,0.29962322
0,0,1,1,0,0,0,0,0,0,0,1,0.19,0.27051017,0.21344766
0,1,1,1,0,0,1,0,0,0,0,0,0.4,0.29580712,0.2678134
0,0,1,0,0,0,0,0,0,0,0,0,0.46,0.37412733,0.37117392
0,1,1,1,0,0,0,0,0,0,0,0,0.36,0.3299335,0.3167663
0,1,1,1,0,0,0,0,0,0,0,0,0.25,0.34450772,0.33717296
0,0,0,1,0,0,0,0,0,0,0,0,0.81,0.2869137,0.257447
0,1,1,1,0,0,0,0,0,0,0,0,0.23,0.2733111,0.24400392
0,1,1,1,0,0,0,0,1,1,0,0,0.24,0.28253394,0.25629932
0,1,1,1,0,0,0,0,0,0,0,0,0.36,0.29048774,0.26533216
0,0,0,1,0,0,0,0,0,0,0,0,0.4,0.285451,0.25577933
0,0,1,1,0,0,0,0,0,0,0,0,0.26,0.2835958,0.24664938
0,0,1,1,0,0,0,0,0,0,0,1,0.43,0.43728548,0.44243345
0,1,1,1,0,0,0,0,0,0,0,0,0.3,0.26484638,0.2341617
0,1,1,1,0,0,0,0,0,0,0,0,0.27,0.35861397,0.35778475
0,0,1,1,0,0,0,0,0,0,0,1,0.02,0.36078587,0.32234478
0,1,1,1,0,0,0,0,0,0,0,0,0.31,0.36504447,0.36742297
0,1,1,1,0,0,0,0,0,0,0,0,0.31,0.33833748,0.3283438
0,1,1,1,0,1,0,0,0,0,0,0,0.48,0.34951,0.36595613
0,1,1,1,0,0,0,0,0,0,0,0,0.33,0.303687,0.28219518
0,1,1,1,1,0,0,0,0,1,0,0,0.17,0.33598378,0.27435213
0,1,1,1,0,0,0,0,1,1,0,0,0.7,0.5253178,0.6068718
0,1,1,1,0,0,0,1,0,0,0,0,0.31,0.27490908,0.23059805
0,1,1,1,0,0,1,0,0,0,0,0,0.34,0.3038809,0.27809873
0,1,1,1,0,0,1,0,0,0,0,0,0.36,0.30965543,0.28569573
0,1,1,1,0,0,0,0,0,0,0,0,0.27,0.29575193,0.27202794
0,0,1,1,0,0,0,0,0,0,0,1,0.31,0.3191708,0.26811373
0,1,1,1,0,0,0,0,0,0,0,0,0.33,0.33336806,0.32145303
0,1,1,1,0,0,0,0,0,1,0,0,0.36,0.30685702,0.29013905
0,1,1,1,0,0,1,0,0,0,0,0,0.28,0.3237664,0.3046475
0,0,1,0,0,1,0,0,0,0,0,1,0.2,0.39927253,0.3021838
0,1,1,1,0,0,0,0,0,0,0,0,0.3,0.3713016,0.37698016
0,1,1,1,0,0,0,0,0,0,0,0,0.64,0.37779865,0.3870061
0,0,1,1,0,0,0,0,0,0,1,0,0.46,0.32478464,0.31435427
0,1,1,1,0,0,0,0,0,0,0,0,0.24,0.3695072,0.37422922
0,1,1,0,0,0,0,1,0,0,1,0,0.18,0.26479262,0.209535
0,0,1,1,0,0,0,0,0,0,0,1,0.36,0.3651839,0.32843214
0,1,1,1,0,0,0,0,0,0,0,0,0.25,0.29116997,0.26619536
0,0,0,1,0,0,0,0,0,0,0,0,0.93,0.49375138,0.60238343
0,1,1,1,0,0,1,0,0,0,0,0,0.36,0.33884847,0.32535842
0,1,1,1,0,0,0,0,0,0,0,0,0.24,0.31009036,0.29051486
0,1,1,1,0,0,0,0,0,0,0,0,0.34,0.32767412,0.31374013
0,1,1,1,0,0,0,0,0,1,0,0,1.0,0.6868968,0.78432226
0,1,1,0,0,0,1,1,0,0,0,0,0.36,0.31481344,0.30747262
0,1,1,1,0,0,0,0,0,0,0,0,0.67,0.39591375,0.41577443
0,1,1,1,0,0,0,0,0,0,0,0,0.42,0.37384945,0.38089982
0,0,0,0,0,0,1,0,0,0,0,1,0.65,0.48376808,0.5593507
0,0,1,1,0,0,0,0,1,1,0,1,0.33,0.44759774,0.49102432
0,1,1,1,0,0,0,0,1,0,0,0,0.3,0.33833998,0.33543986
0,1,1,1,0,0,0,0,0,0,0,0,0.35,0.33077958,0.3179175
0,1,1,1,0,0,0,0,1,0,0,0,0.29,0.30706128,0.2944807
0,1,1,1,0,0,0,0,0,0,0,0,0.3,0.30623406,0.28549722
0,1,1,1,0,0,1,0,0,1,1,0,0.28,0.32086462,0.35220474
0,1,1,1,0,0,0,0,0,0,0,0,0.21,0.3365217,0.32580888
0,0,1,1,0,0,0,0,0,0,0,1,0.75,0.63532275,0.770119
0,1,1,1,0,0,0,0,0,0,0,0,1.0,0.7304446,0.81311196
0,1,1,0,0,0,1,0,0,0,0,0,0.21,0.3348626,0.32073897
0,1,1,1,0,0,0,0,0,0,0,0,0.28,0.32588074,0.31135216
0,1,1,1,0,0,0,0,1,0,0,0,0.33,0.35393062,0.35655683
0,1,1,1,0,0,0,0,0,0,0,0,0.97,0.5183986,0.62334144
0,1,1,1,0,0,0,0,0,0,0,0,0.76,0.35646492,0.35460776
0,1,1,1,0,0,0,0,0,0,0,0,0.58,0.50319886,0.60235476
0,1,1,1,0,0,1,0,0,0,0,0,0.37,0.33635417,0.32185042
0,0,1,1,0,1,0,0,0,0,0,0,0.29,0.35369062,0.3843755
0,0,0,1,0,0,1,0,0,0,0,0,0.08,0.33354574,0.3374318
0,0,1,1,0,0,1,0,0,0,0,0,0.4,0.3111049,0.3072243
0,1,1,1,0,0,0,0,1,1,0,0,0.03,0.2670098,0.24038216
0,1,1,1,0,0,0,0,0,0,0,0,0.27,0.28627455,0.26003665
0,0,0,1,0,0,0,0,0,0,0,0,0.35,0.35262865,0.3472456
0,0,1,1,0,0,0,0,0,0,0,0,0.51,0.51779544,0.59160924
0,1,1,1,0,0,0,0,0,0,0,0,0.45,0.38143468,0.39265984
0,0,0,1,0,0,0,0,0,0,0,1,0.52,0.3342167,0.25697964
0,0,1,1,0,0,0,0,0,0,0,1,0.19,0.33885914,0.2928239
0,1,1,1,0,0,0,0,1,1,0,0,0.22,0.26792806,0.24130535
0,0,0,0,0,0,0,0,0,1,0,0,0.19,0.29385063,0.2167459
0,0,0,1,0,1,0,0,0,0,1,0,0.61,0.4599617,0.56745976
0,1,1,1,0,0,1,0,0,0,0,0,0.02,0.2657054,0.23227856
0,0,0,1,0,0,0,0,0,1,0,0,0.37,0.36064643,0.3409454
0,1,1,1,0,0,0,1,0,0,0,0,0.21,0.37244254,0.3503521
0,1,1,1,0,0,0,0,0,0,0,0,0.83,0.50583625,0.60607564
0,1,1,1,0,0,0,0,0,0,0,0,0.33,0.3219957,0.30621144
0,1,1,1,0,0,0,0,1,1,0,0,0.32,0.3888927,0.39286512
0,1,1,1,0,0,0,0,0,0,0,0,0.2,0.3505928,0.34599346
0,1,1,0,0,0,0,0,0,0,0,0,0.28,0.29703254,0.27124974
0,1,1,1,0,1,0,0,0,0,0,0,0.39,0.33440584,0.34736076
0,0,1,1,0,0,0,0,0,0,0,1,0.13,0.3158478,0.26408353
0,1,1,1,0,0,0,1,1,1,0,0,0.43,0.4575324,0.48551497
0,1,1,0,0,0,1,1,0,0,0,0,0.39,0.42766133,0.52054566
0,1,1,1,0,0,0,0,0,0,0,0,0.26,0.34989297,0.3449735
0,1,1,0,0,0,0,0,0,0,0,0,0.13,0.2641836,0.23196888
0,1,1,1,0,0,0,0,1,0,0,0,0.16,0.2857203,0.26831722
0,1,1,1,0,0,0,0,0,0,0,0,0.21,0.23213229,0.20137605
0,1,1,1,0,0,0,0,0,0,0,0,0.45,0.31963807,0.30307817
0,1,1,1,0,1,0,1,0,0,0,0,0.48,0.31131953,0.30264097
0,1,1,1,0,0,0,0,1,0,0,0,0.36,0.3374408,0.33423865
0,1,1,1,0,0,0,0,0,0,0,0,0.39,0.34342948,0.33562157
0,1,1,1,0,0,0,0,0,0,0,0,0.35,0.38466522,0.39770746
0,1,1,1,0,0,0,0,0,0,0,0,0.31,0.3404088,0.33129454
0,1,1,0,0,0,0,0,0,0,0,0,0.3,0.32506764,0.31171995
0,1,1,1,0,0,0,0,0,0,0,0,0.44,0.4375643,0.48962873
0,1,1,1,0,0,0,0,0,0,0,0,0.21,0.25249085,0.22127262
0,0,0,1,0,0,0,0,0,0,0,0,0.4,0.3347599,0.3194926
0,1,1,0,0,0,0,0,0,0,0,0,0.79,0.4875137,0.59339064
0,1,1,1,0,0,0,0,0,0,0,0,0.26,0.27615777,0.24746406
0,1,1,1,0,0,0,0,0,0,0,0,0.26,0.40256578,0.4267834
0,0,1,1,0,0,0,0,0,0,0,1,0.34,0.39310765,0.36857143
0,1,1,1,0,0,0,0,0,1,0,0,0.39,0.39014602,0.4073821
0,1,1,0,0,0,0,0,0,0,0,0,0.58,0.3741897,0.39157298
0,1,1,0,0,0,1,0,0,0,0,0,0.4,0.42265767,0.4775524
0,1,1,1,0,0,0,0,1,1,0,0,0.12,0.2663822,0.23975214
0,1,1,1,0,0,0,0,0,0,0,0,0.23,0.33818954,0.3281336
0,0,0,1,0,0,0,0,1,1,0,0,0.69,0.48200852,0.5790883
0,1,1,0,0,0,0,0,1,1,0,0,0.38,0.3076269,0.29226843
0,1,1,1,0,0,0,0,0,0,0,0,0.17,0.3811326,0.392189
0,1,1,1,0,0,0,0,0,0,0,0,0.3,0.34486854,0.3376929
0,1,1,1,0,0,0,1,1,1,1,0,0.34,0.32836956,0.29708785
0,1,1,1,0,0,0,0,1,0,0,0,0.3,0.31224865,0.30110446
0,1,1,1,0,0,0,0,0,0,0,0,0.4,0.3337655,0.32199764
0,1,1,1,0,0,0,0,0,0,0,0,0.57,0.32986587,0.31667435
0,0,1,1,0,0,0,0,0,0,0,0,0.38,0.36605424,0.3596607
0,1,1,1,0,1,1,0,0,0,0,0,0.57,0.39935023,0.46323818
0,1,1,1,0,0,0,0,0,0,0,0,0.33,0.27519885,0.24629192
0,1,1,1,0,0,0,0,0,0,0,0,0.4,0.3360439,0.3251454
0,1,1,1,0,0,1,0,0,0,0,0,0.34,0.35128883,0.34318557
0,1,1,1,0,0,0,0,1,0,0,0,0.15,0.3226294,0.31457064
0,1,1,1,0,0,0,0,1,1,0,0,0.07,0.45920753,0.5057855
0,1,1,0,0,0,0,0,0,0,0,0,0.27,0.30924103,0.2882405
0,1,1,1,0,0,0,0,0,0,0,0,0.57,0.3936605,0.41210327
0,0,0,1,0,0,0,0,0,0,0,0,0.36,0.34371528,0.33311635
0,1,1,1,0,0,0,0,1,1,0,0,0.07,0.38027138,0.38012093
0,0,0,1,0,0,0,0,0,0,0,0,0.35,0.3314628,0.31461507
0,1,1,1,0,0,0,0,0,0,0,0,0.23,0.2628681,0.23196885
0,1,1,1,0,0,0,0,0,0,0,0,0.35,0.41615877,0.45074743
0,1,1,1,0,0,0,0,1,0,0,0,0.31,0.28401187,0.2662948
0,0,0,1,0,0,1,0,0,0,0,0,0.45,0.44355983,0.5464609
0,1,1,1,0,0,0,0,0,1,0,0,0.6,0.40577164,0.431281
0,1,1,1,0,0,0,0,0,0,0,0,0.36,0.39619657,0.41623592
0,0,1,1,0,0,0,0,1,1,0,1,0.98,0.6590708,0.80741465
0,0,0,0,1,0,1,0,0,0,0,0,0.34,0.3501479,0.37449905
0,1,1,1,0,0,0,0,0,0,0,0,0.27,0.328756,0.31518558
0,1,1,1,0,0,0,0,0,0,0,0,0.65,0.39893538,0.42071208
0,0,1,1,0,0,0,0,0,0,0,1,0.32,0.37521675,0.34250802
0,1,1,1,0,0,0,0,0,0,0,0,0.26,0.29796678,0.27485698
0,1,1,1,0,0,0,1,0,1,1,0,0.3,0.3340717,0.34277672
0,1,1,0,0,0,1,0,0,0,1,0,0.26,0.34073788,0.2733508
0,0,1,1,0,1,0,0,0,0,0,0,0.81,0.7593009,0.7987837
0,1,1,0,0,0,0,0,0,0,0,0,0.12,0.34011808,0.33545986
0,1,1,1,0,0,0,0,0,0,0,0,0.38,0.3974896,0.41834754
0,1,1,1,0,0,0,0,0,0,0,0,0.24,0.29257408,0.26797718
0,0,1,1,0,0,0,0,0,0,0,0,0.23,0.2950109,0.2602063
0,0,1,1,0,0,0,0,0,1,0,0,0.29,0.39844733,0.37516898
0,0,0,0,0,0,1,0,0,1,0,1,0.3,0.35893854,0.29248255
0,1,1,1,0,0,0,0,0,0,0,0,0.29,0.31962195,0.30305672
0,1,1,1,0,0,0,0,0,0,0,0,0.18,0.3123276,0.29343343
0,1,1,1,0,0,0,0,1,0,0,0,0.81,0.49805182,0.5595725
0,1,1,1,0,0,0,0,0,1,0,0,0.3,0.29518175,0.2756624
0,1,1,1,0,0,0,0,0,0,0,0,0.24,0.40258202,0.4268114
0,1,1,1,0,0,0,0,0,0,0,0,0.9,0.3139929,0.29561514
0,1,1,1,0,0,0,0,0,0,0,0,0.92,0.5140011,0.6174703
0,1,1,1,0,0,0,0,1,0,0,0,0.29,0.35040683,0.35175905
0,1,0,0,0,0,1,0,0,1,0,0,0.37,0.37339345,0.34973574
0,1,1,1,0,0,1,0,1,1,0,0,0.43,0.45120478,0.48233885
0,1,1,1,0,0,1,0,0,1,0,0,0.33,0.33846456,0.32538074
0,1,1,0,0,0,0,1,0,0,0,0,0.66,0.33662164,0.34014365
0,1,1,1,0,0,0,1,0,1,1,0,0.29,0.27396172,0.27167344
0,1,1,1,0,0,0,0,0,0,0,0,0.24,0.3543288,0.3514627
0,1,1,1,0,0,0,0,1,0,0,0,0.52,0.36506358,0.37188858
0,1,1,1,0,0,0,0,0,0,0,0,0.35,0.29718637,0.27386504
0,1,1,1,0,0,0,0,0,0,0,0,0.22,0.30600947,0.2852053
0,0,1,0,0,0,0,0,0,0,0,1,0.44,0.32937837,0.24978061
0,1,1,1,0,0,0,0,0,0,0,0,0.48,0.37397775,0.38109764
0,1,1,1,0,0,0,0,0,0,0,0,0.27,0.2965331,0.27302888
0,1,1,1,0,0,0,0,0,0,0,0,0.26,0.3057874,0.28491694
0,1,1,1,0,0,0,0,0,0,0,0,1.0,0.555856,0.6690616
0,1,1,1,0,0,0,0,1,1,0,0,0.26,0.29704276,0.2719201
0,0,1,1,0,0,0,0,0,0,0,1,0.61,0.42663074,0.42315373
0,1,1,0,0,0,0,1,0,0,1,0,0.29,0.266805,0.2116715
0,1,1,1,0,0,1,0,0,0,1,0,0.47,0.38052082,0.3595855
1,1,1,1,0,0,0,0,0,0,0,0,0.34,0.3044471,0.29372096
0,1,1,1,0,0,0,0,0,0,0,0,0.34,0.36375102,0.36545986
0,1,1,1,0,0,0,0,0,0,0,0,1.0,0.626544,0.7346985
0,0,0,1,0,0,0,0,0,0,0,0,0.29,0.33370644,0.3179226
0,1,1,1,0,0,0,0,1,0,0,0,0.32,0.3117855,0.3005096
0,1,1,1,0,0,0,0,0,0,0,0,0.29,0.4105297,0.440694
0,1,1,1,0,0,0,0,0,0,0,0,0.52,0.31781572,0.30065915
0,1,1,1,0,1,0,0,1,1,0,0,0.43,0.42734662,0.4394795
1,1,1,1,0,0,0,0,0,0,0,0,0.22,0.24642296,0.22739518
0,1,1,1,0,0,0,0,0,0,0,0,0.28,0.3598642,0.35963878
0,1,1,1,0,0,0,0,0,0,0,0,0.16,0.3239459,0.30878708
0,1,1,0,0,0,0,0,0,0,0,0,0.66,0.44914764,0.5225322
0,1,1,1,0,0,1,0,1,1,0,0,0.35,0.30850142,0.278618
0,1,1,1,0,0,1,0,0,0,0,0,0.02,0.40196562,0.42115417
0,1,1,1,0,0,0,0,0,0,0,0,0.63,0.27711052,0.24863239
0,1,1,1,0,0,0,0,0,0,0,0,1.0,0.631991,0.7397214
0,1,1,1,0,0,0,0,0,0,0,0,0.12,0.28434673,0.25762135
0,0,0,0,0,0,1,0,0,1,0,0,0.34,0.32653138,0.25764224
0,0,1,1,0,1,0,0,0,0,0,1,0.54,0.324934,0.322481
0,1,1,0,0,0,1,0,0,0,0,0,0.3,0.38804415,0.41037518
0,0,1,1,0,0,0,0,0,0,0,0,0.27,0.2968588,0.26246974
0,1,1,1,0,0,0,0,0,0,0,0,0.11,0.3929166,0.41089338
0,1,1,1,0,0,0,0,0,0,0,0,0.26,0.2841513,0.2573773
0,0,1,1,0,0,0,0,0,0,0,1,0.25,0.3252772,0.27563715
0,1,1,1,0,0,0,0,0,0,0,0,0.33,0.34782284,0.34196466
0,0,0,0,0,0,1,0,1,1,0,0,0.23,0.40611577,0.3801075
0,1,1,1,0,0,1,0,1,0,0,0,0.49,0.33526263,0.2915799
0,1,1,1,0,1,1,0,0,0,0,0,0.3,0.3342679,0.36292657
0,0,1,1,0,0,0,0,0,0,0,1,0.13,0.27698106,0.2200642
0,1,1,1,0,0,0,0,1,1,0,0,0.14,0.42605537,0.44948763
0,0,0,1,0,0,0,0,0,0,0,1,0.2,0.32510704,0.24470071
0,1,1,1,0,0,0,0,0,0,0,0,0.63,0.31504217,0.2969947
0,1,1,1,0,0,0,0,0,0,0,0,0.17,0.26789972,0.23763518
0,1,1,1,0,0,0,0,1,1,0,0,0.13,0.4028542,0.4139367
0,1,1,1,0,0,0,0,0,1,0,0,0.15,0.33804685,0.33049864
0,1,1,1,0,0,0,0,0,0,0,0,0.32,0.27523264,0.24633317
0,0,0,0,0,0,1,0,0,0,0,0,0.64,0.46664724,0.59306675
0,1,1,0,0,0,0,0,0,0,0,0,0.19,0.32415116,0.31031814
0,1,1,0,0,0,0,1,0,0,1,0,0.29,0.3163622,0.2725029
0,1,1,1,0,0,0,0,1,1,1,0,0.33,0.4521711,0.46258792
0,0,1,1,0,0,0,0,0,0,0,0,0.03,0.3765776,0.37484628
0,0,0,0,0,0,0,0,0,0,1,0,0.27,0.35379744,0.323024
0,1,1,1,0,0,0,0,0,0,0,0,0.48,0.38375965,0.39629024
0,0,1,1,0,0,1,0,0,0,0,1,0.38,0.37954625,0.38418427
0,1,1,1,0,0,0,0,0,0,0,0,0.32,0.39117497,0.4080665
0,1,1,1,0,0,0,0,0,0,0,0,0.27,0.28791657,0.26209512
0,0,0,1,0,0,0,0,0,0,0,0,0.23,0.29214007,0.26346332
0,1,1,1,0,0,0,0,0,0,0,0,0.27,0.32876483,0.31519735
0,1,1,1,0,0,0,0,0,0,0,0,0.28,0.31863815,0.30175
0,1,1,1,0,0,0,0,0,0,0,0,1.0,0.6991156,0.7934446
0,1,1,1,0,0,0,0,1,1,0,0,0.31,0.3739029,0.37081492
0,1,1,1,0,0,0,0,0,0,0,0,0.36,0.35725468,0.35577378
0,1,1,1,0,1,0,0,0,0,0,0,0.35,0.41868973,0.45951205
0,1,1,1,0,0,0,0,0,0,0,0,0.12,0.30599648,0.2851885
0,1,1,1,0,0,0,0,0,0,0,0,0.41,0.3157628,0.29794425
0,1,1,1,0,0,0,0,0,0,0,0,0.29,0.30711046,0.28663716
0,1,1,1,0,1,0,0,0,1,0,0,0.38,0.36475998,0.3429269
0,1,1,0,0,0,1,1,0,1,1,0,0.39,0.286877,0.28580868
0,1,1,1,0,0,0,0,0,0,0,0,0.35,0.34859353,0.34308335
0,1,1,1,0,1,0,0,0,0,0,0,0.4,0.34001517,0.35424557
0,1,1,1,0,0,0,1,0,0,0,0,0.23,0.27004033,0.22578318
1,1,1,1,0,1,0,0,0,0,0,0,0.37,0.3352397,0.3187173
0,1,1,0,0,0,1,1,0,0,0,0,0.35,0.34230977,0.35085917
0,1,1,1,0,0,0,0,0,0,0,0,0.24,0.4142436,0.4473207
0,1,1,1,0,0,0,0,0,0,0,0,0.11,0.30561376,0.2846915
0,1,1,0,0,0,0,0,0,0,0,0,0.4,0.3514187,0.35384524
0,1,1,1,0,0,0,0,0,0,0,0,0.45,0.418894,0.4556516
0,0,0,1,0,1,0,0,0,1,1,0,1.0,0.52481234,0.70707786
0,1,1,1,0,0,0,0,1,1,0,0,0.26,0.36210236,0.3539069
0,1,1,1,0,0,0,0,0,0,0,0,0.1,0.29969627,0.27706337
0,1,1,1,0,1,0,1,0,0,0,0,0.24,0.38817018,0.40616304
0,1,1,1,0,0,0,0,1,0,0,0,0.35,0.38872457,0.40570673
0,1,1,1,0,0,0,0,0,0,0,0,0.14,0.24022198,0.20909652
0,0,1,1,0,0,0,0,0,1,0,0,0.23,0.3543627,0.31455854
0,1,1,1,0,0,0,0,0,1,0,0,0.15,0.41662225,0.44762582
0,1,1,1,0,0,0,0,0,0,0,0,0.34,0.301373,0.27921292
0,1,1,1,0,0,0,0,0,0,0,0,0.21,0.26295966,0.23206806
0,1,1,1,0,0,0,0,1,1,0,0,0.87,0.5357067,0.6194785
0,1,1,1,0,0,0,0,0,0,0,0,0.75,0.42660075,0.46951646
0,1,1,0,0,0,0,0,0,0,0,0,0.51,0.3955288,0.42720217
0,1,1,1,0,0,0,0,0,0,0,0,0.24,0.34377798,0.33612263
0,1,1,1,0,0,0,0,1,1,0,0,0.26,0.40377122,0.4153286
0,1,1,1,0,0,0,0,0,0,0,0,0.17,0.26912493,0.23905663
0,1,1,1,0,1,0,0,0,0,0,0,0.34,0.35565552,0.37356925
0,0,1,1,0,0,0,0,0,0,0,0,0.47,0.65027124,0.72593796
0,1,1,1,0,0,0,0,0,0,0,0,0.24,0.36580938,0.36858597
0,0,0,0,0,0,0,1,0,0,1,0,0.26,0.27432686,0.24724483
0,1,1,1,0,1,0,1,1,1,0,0,0.15,0.2806706,0.23813967
1,1,1,1,0,0,0,0,0,0,0,0,0.32,0.30273876,0.29154864
0,1,1,1,0,0,0,0,0,0,0,0,0.43,0.40578675,0.4323554
0,1,1,1,0,0,0,0,0,0,0,0,0.23,0.35929042,0.35878736
0,0,0,0,0,0,0,0,0,0,0,0,0.21,0.31098217,0.25351074
0,1,1,1,0,0,0,0,1,1,0,0,0.47,0.30998957,0.28713003
0,1,1,1,0,0,0,0,1,1,0,0,0.28,0.2947747,0.26943517
0,1,1,1,0,0,0,0,0,0,0,0,0.36,0.28171355,0.25432914
0,0,1,1,0,0,0,0,0,0,0,1,0.56,0.44088498,0.4491189
0,0,1,1,0,0,0,0,1,1,0,1,0.51,0.3196164,0.2980828
0,1,1,1,0,0,1,0,0,0,0,0,0.5,0.3671308,0.36661547
0,1,1,1,0,0,0,0,0,0,0,0,0.64,0.40382433,0.4289527
0,1,1,1,0,0,0,0,0,0,0,0,0.32,0.30321133,0.2815806
0,1,1,1,0,0,0,0,1,0,0,0,0.31,0.28577203,0.26837844
0,1,1,1,0,0,0,0,0,0,0,0,0.26,0.25886586,0.22772047
0,1,1,1,0,0,1,0,0,0,0,0,0.68,0.33238512,0.3163724
0,0,0,1,0,0,0,0,0,0,0,0,0.42,0.32274628,0.3023499
0,0,0,0,0,0,1,0,0,0,0,0,0.42,0.35878548,0.34509248
0,1,1,1,0,0,1,0,0,0,0,0,0.28,0.3324133,0.31641108
0,1,1,0,0,0,0,1,0,0,1,0,0.11,0.27846345,0.22445469
0,1,1,1,0,0,0,0,1,1,0,0,0.32,0.3829341,0.38403258
0,0,1,0,0,0,0,0,0,0,0,0,0.2,0.2659145,0.22826795
0,1,1,0,0,0,0,0,1,0,0,0,0.21,0.24284203,0.21295981
0,0,0,1,0,1,0,0,0,0,1,0,0.41,0.40082255,0.47073212
0,1,1,1,0,0,0,0,0,0,0,0,0.15,0.2634126,0.23255923
0,1,1,1,0,0,0,0,1,1,0,0,1.0,0.3981564,0.40681344
0,1,1,1,0,0,0,0,0,0,0,0,0.26,0.26106888,0.23003301
0,1,1,1,0,0,0,0,0,0,0,0,0.24,0.6725527,0.7739286
0,0,0,1,0,0,0,0,0,0,0,0,0.26,0.3496155,0.34243542
0,1,1,1,0,0,0,0,0,0,0,0,0.23,0.29395398,0.269733
0,0,0,0,0,0,1,0,0,1,0,0,0.36,0.4008274,0.38071996
0,1,1,1,0,0,0,0,0,0,0,0,0.39,0.48285627,0.5718732
0,0,0,0,0,0,0,0,0,0,0,0,0.26,0.2928415,0.23074353
0,1,1,1,0,0,0,0,0,0,0,0,0.18,0.26076594,0.22970816
0,0,1,1,0,0,0,0,0,0,0,0,0.18,0.29234356,0.25697798
0,1,1,0,0,0,0,0,0,0,0,0,0.27,0.27717498,0.24664168
0,0,1,1,0,0,0,0,0,0,0,1,0.47,0.34431738,0.29996172
0,1,1,1,0,0,0,0,0,0,0,0,0.38,0.28846464,0.26278296
0,0,1,0,0,0,1,0,0,1,0,0,0.41,0.4218444,0.48907375
0,0,1,1,0,0,0,0,1,0,0,1,0.19,0.29029244,0.24873343
0,0,1,0,0,0,1,0,0,1,0,0,0.46,0.37864476,0.4048192
0,1,1,1,0,0,0,0,0,0,0,0,0.24,0.2882437,0.26250556
0,1,1,1,0,0,0,0,0,1,0,0,0.42,0.30006522,0.28167534
0,0,0,0,0,0,1,0,0,0,0,1,0.37,0.45271292,0.48620725
0,0,1,1,0,0,0,0,0,0,0,0,0.38,0.31873542,0.29118508
0,1,1,1,0,0,1,0,0,0,1,0,0.31,0.3497129,0.31600103
0,1,1,1,0,0,0,0,0,0,0,0,0.34,0.3312795,0.3185987
0,1,1,1,0,0,0,0,0,0,0,0,0.43,0.32504088,0.31023732
0,1,1,1,0,0,0,0,1,1,1,0,0.78,0.46619844,0.4835154
0,0,1,1,0,0,0,0,0,1,0,1,0.34,0.32484776,0.31084996
0,1,1,1,0,0,1,0,0,0,0,0,0.67,0.38275778,0.3907617
0,1,1,1,0,0,0,0,0,0,0,0,1.0,0.7257882,0.8103344
0,1,1,1,0,0,0,0,1,1,0,0,0.24,0.29955518,0.27476555
0,1,1,1,0,0,0,0,1,0,0,0,0.22,0.3125279,0.30146337
0,0,1,0,0,0,0,0,0,0,0,1,0.25,0.31577873,0.23355989
0,1,1,1,0,0,1,1,0,0,0,0,0.27,0.299177,0.29195762
0,1,1,1,0,0,0,0,0,0,0,0,0.32,0.3719055,0.37790778
0,0,0,1,0,1,0,0,0,0,0,0,0.43,0.29559782,0.27248126
0,0,1,1,0,0,0,0,0,0,0,1,0.15,0.3996215,0.37833664
0,1,1,1,0,0,0,0,0,0,0,0,0.26,0.32024115,0.30388045
0,1,1,1,0,0,0,0,0,0,0,0,0.6,0.55101365,0.66363275
0,1,1,1,0,0,0,0,0,0,0,0,0.5,0.40330076,0.42804995
0,1,1,1,0,0,0,0,0,0,0,0,0.48,0.3705149,0.3757731
0,1,1,1,0,0,0,0,0,0,0,0,0.33,0.35408974,0.35111156
0,1,1,1,0,0,0,0,0,0,0,0,0.31,0.32504192,0.3102387
0,1,1,1,0,0,0,0,0,0,0,0,0.66,0.47474614,0.55804694
0,1,1,1,0,1,0,0,0,0,0,0,0.34,0.31849208,0.3280558
0,1,1,1,0,0,0,0,0,0,0,0,0.82,0.31495413,0.29687876
0,1,1,1,0,0,0,0,0,0,0,0,0.26,0.338292,0.3282792
0,0,1,0,0,0,0,0,0,0,0,0,0.54,0.33073813,0.30845523
0,1,1,1,0,0,1,0,0,0,0,0,0.26,0.2778718,0.24619699
0,1,1,1,0,0,0,0,0,0,0,0,0.56,0.44941217,0.5119244
0,1,1,1,0,0,0,0,0,0,0,0,0.25,0.3263515,0.311978
0,0,1,1,0,0,0,0,1,1,0,0,1.0,0.48576918,0.54186
0,1,1,1,0,0,0,0,0,0,0,0,0.42,0.34479895,0.33759254
0,0,1,1,0,0,0,0,0,0,0,0,0.8,0.48146862,0.5352298
1,1,1,1,0,0,0,0,0,0,0,0,0.22,0.26934257,0.2516777
0,1,1,1,0,0,0,0,0,0,0,0,1.0,0.43646955,0.48761934
0,1,1,1,0,0,0,0,1,0,0,0,0.23,0.26203337,0.24160008
0,1,1,1,0,0,0,0,0,1,0,0,0.21,0.3254477,0.3138476
0,1,1,0,0,0,0,0,1,1,0,0,0.34,0.33676606,0.33291605
0,1,1,0,0,0,0,1,1,1,1,0,0.33,0.3208053,0.26422316
0,1,1,1,0,0,0,0,0,0,0,0,0.43,0.3867548,0.40099674
0,1,1,1,0,0,0,1,0,0,0,0,0.49,0.41097087,0.40822667
0,1,1,1,0,0,0,0,1,0,0,0,0.75,0.49708724,0.5584854
0,1,1,1,0,0,0,0,0,0,0,0,0.38,0.46566868,0.5419401
0,1,1,1,0,0,0,0,0,0,0,0,0.7,0.4692809,0.5484016
0,0,1,1,0,0,0,0,0,0,0,1,0.23,0.3536822,0.31260902
0,1,1,1,0,0,0,0,0,0,0,0,0.13,0.2949043,0.27094445
1,1,1,1,0,0,0,0,0,0,0,0,0.44,0.4835555,0.55434954
0,1,1,0,0,0,1,0,0,0,0,0,0.83,0.48016587,0.5984162
0,1,1,1,0,0,0,0,0,0,0,0,0.49,0.39407605,0.41277963
0,1,1,1,0,0,0,0,0,0,0,0,0.35,0.32543415,0.3107591
0,1,1,1,0,0,0,0,1,0,0,0,0.42,0.25938952,0.23880568
0,1,1,1,0,0,0,0,0,0,0,0,0.12,0.28647774,0.26029208
0,0,0,1,0,0,1,0,0,0,0,0,0.15,0.30363783,0.29238677
0,1,1,0,0,0,1,0,0,0,0,0,0.3,0.38333637,0.40172654
0,1,1,1,0,0,0,0,0,0,0,0,0.33,0.26872295,0.23858961
0,0,0,1,0,0,0,0,1,0,0,1,0.41,0.49367243,0.51040745
0,0,0,1,0,0,0,0,1,1,0,0,0.5,0.45119318,0.51707786
0,1,1,1,0,0,0,0,0,0,0,0,0.39,0.35365313,0.3504706
0,1,1,0,0,0,0,1,0,0,0,0,0.29,0.3283516,0.32728738
0,1,1,0,0,0,1,1,0,0,0,0,0.53,0.4340376,0.5345676
0,1,1,1,0,0,0,0,0,0,0,0,0.3,0.25751323,0.22633895
0,1,1,1,0,0,0,0,1,1,0,0,0.01,0.32532382,0.30592135
0,0,1,1,0,0,0,0,1,1,0,1,0.39,0.3397018,0.3228271
0,1,1,0,0,0,0,0,0,0,0,0,0.26,0.41921034,0.4686622
0,0,1,1,0,0,0,0,0,0,0,1,0.24,0.26881567,0.21174331
0,1,1,1,0,0,0,0,0,0,0,0,0.35,0.25940824,0.22827616
0,0,0,1,0,1,0,0,0,0,0,0,0.27,0.3211105,0.29758754
0,0,1,1,0,0,1,0,0,0,0,0,0.52,0.43440843,0.47837085
0,1,1,1,0,0,0,0,0,0,0,0,0.27,0.31367397,0.2951966
0,1,1,1,0,0,0,0,1,0,0,0,0.34,0.36031112,0.36531183
0,1,1,1,0,0,0,0,0,0,0,0,0.25,0.31898397,0.3022092
0,1,1,0,0,0,0,0,0,0,0,0,0.3,0.27713972,0.24660066
0,1,1,1,0,0,0,0,0,0,0,0,0.42,0.43612915,0.48699412
0,1,1,1,0,0,0,0,0,0,0,0,0.42,0.27481517,0.24582426
0,1,1,1,0,0,0,0,0,0,0,0,0.02,0.3771456,0.3859938
0,0,1,1,0,0,0,0,0,0,1,0,0.46,0.35253602,0.35073796
0,1,1,1,0,0,0,0,0,0,0,0,0.36,0.2917598,0.26694292
0,1,1,1,0,1,0,0,0,0,0,0,0.29,0.23502119,0.23729563
0,1,1,1,0,0,0,0,1,1,0,0,0.34,0.3226612,0.3026201
0,1,1,1,0,0,0,0,0,0,0,0,0.08,0.25583848,0.22463694
0,0,1,1,0,0,0,0,0,0,0,0,0.25,0.34931332,0.3352645
0,0,1,1,0,0,0,0,0,0,0,0,0.98,0.5083741,0.57743204
0,0,0,1,0,0,0,0,0,0,0,0,0.23,0.35669476,0.35379165
0,1,1,1,0,0,0,0,0,0,0,0,0.37,0.48720345,0.5787334
0,1,1,1,0,0,1,0,0,0,0,0,0.28,0.3152977,0.29323268
0,0,0,0,0,0,1,0,0,0,0,0,0.25,0.303619,0.25503245
0,1,1,1,0,1,0,0,0,0,1,0,0.22,0.29175347,0.29475397
0,1,1,1,0,0,1,1,0,1,1,0,0.89,0.42138785,0.5183593
0,0,1,0,0,0,1,0,0,1,0,0,0.44,0.38074857,0.408846
0,1,1,1,0,0,0,0,0,1,0,0,0.48,0.55727756,0.6476526
0,1,1,0,0,0,0,0,0,0,1,0,0.74,0.7761738,0.844817
0,1,1,1,0,0,0,0,0,0,0,0,0.35,0.34583834,0.33909225
0,1,1,1,0,0,0,0,0,0,0,0,0.45,0.29499727,0.27106318
0,1,1,1,0,0,0,0,0,0,0,0,0.26,0.29372048,0.26943582
0,1,1,1,0,0,0,0,0,0,0,0,0.13,0.36468273,0.36687347
0,1,1,1,0,0,0,0,0,0,0,0,0.78,0.6460929,0.75217366
0,1,1,1,0,0,0,0,0,0,0,0,0.45,0.45317516,0.51903087
0,1,1,1,0,0,0,0,0,1,0,0,0.58,0.4607893,0.5133854
0,1,1,1,0,0,0,0,0,0,0,0,0.32,0.3385907,0.32870385
0,1,1,1,0,0,0,0,0,0,0,0,0.24,0.3083412,0.28823674
0,1,1,1,0,0,0,0,0,0,0,0,0.34,0.28774363,0.2618783
0,1,1,1,0,0,0,0,0,0,0,0,0.28,0.40423417,0.4296597
0,1,1,1,0,0,0,0,0,0,0,0,0.3,0.27350298,0.2442356
0,1,1,1,0,0,0,0,0,0,0,0,0.48,0.2892777,0.26380557
0,1,1,0,0,0,0,0,1,1,0,0,0.11,0.29041153,0.27092156
0,1,1,1,0,0,0,0,0,0,0,0,0.32,0.30235726,0.2804791
0,1,1,1,0,0,0,0,0,0,0,0,0.18,0.2797615,0.25190276
0,1,1,1,0,0,0,0,0,0,0,0,0.33,0.33174986,0.31924045
0,1,1,1,0,0,0,0,1,1,0,0,0.31,0.3319553,0.31423032
0,0,1,1,0,0,0,0,1,1,0,0,0.39,0.43954772,0.46067548
0,0,0,1,0,0,0,0,0,1,0,0,0.13,0.3025751,0.26153612
0,1,1,1,0,0,0,0,0,0,0,0,0.3,0.34857863,0.34306172
0,1,1,1,0,0,0,0,0,0,0,0,0.18,0.35692912,0.35529298
0,1,1,1,0,1,0,1,0,0,1,0,0.68,0.29372278,0.31396914
0,1,1,1,0,0,0,0,0,0,0,0,0.23,0.35173774,0.34766534
0,1,1,1,0,0,0,0,0,0,1,0,0.38,0.35435486,0.34607476
0,1,1,1,0,0,0,0,0,0,0,0,0.29,0.31310505,0.29445082
0,1,1,1,0,0,0,0,0,0,0,0,0.14,0.28056285,0.25289696
0,1,1,1,0,0,0,0,0,0,0,0,0.17,0.2867404,0.2606225
0,1,1,1,0,0,0,1,0,0,0,0,0.27,0.30401912,0.26151583
0,0,1,1,0,0,0,0,0,0,0,1,0.64,0.5776377,0.70123255
0,1,1,1,0,0,0,0,0,0,0,0,0.17,0.26815203,0.23792739
0,1,1,0,0,0,1,0,0,0,1,0,0.81,0.49769467,0.5421534
0,1,1,1,0,0,0,0,1,1,0,0,0.37,0.4466812,0.48410183
0,1,1,1,0,0,0,0,0,0,0,0,0.26,0.46882334,0.5475854
0,1,1,1,0,1,0,0,0,0,0,0,0.59,0.32824287,0.33985123
0,1,1,1,0,0,0,0,0,0,0,0,0.45,0.29019713,0.264965
0,1,1,1,0,0,0,0,1,0,1,0,0.53,0.46425986,0.4391593
0,1,1,0,0,0,1,1,0,0,0,0,0.48,0.4297351,0.52510107
0,1,1,1,0,0,0,0,0,0,0,0,0.38,0.33133474,0.3186741
0,1,1,1,0,0,0,1,1,1,1,0,0.22,0.4093717,0.39615828
0,1,1,1,0,0,1,0,0,0,0,0,0.63,0.47373492,0.5487951
0,1,1,1,0,0,0,0,0,0,0,0,0.36,0.34347877,0.3356924
0,1,1,1,0,0,0,0,0,0,0,0,0.28,0.3008674,0.27856365
0,1,1,1,0,0,0,0,0,0,0,0,0.26,0.2530027,0.22179261
0,0,1,0,0,0,1,0,0,0,0,0,0.3,0.33861458,0.32841295
0,1,1,1,0,0,0,0,0,0,0,0,0.78,0.576882,0.6900745
0,0,0,1,0,0,1,0,0,0,0,0,0.2,0.3248896,0.32344836
0,1,1,1,0,0,0,0,1,1,0,0,0.35,0.31738275,0.29612854
0,1,1,1,0,0,0,0,0,0,0,0,0.29,0.30308944,0.2814232
0,1,1,0,0,0,1,1,0,0,0,0,1.0,0.390755,0.4416248
0,1,1,1,0,0,0,0,0,0,0,0,0.25,0.3055995,0.28467304
0,1,1,1,0,0,0,0,1,1,0,0,0.4,0.3462767,0.33254567
0,1,1,1,0,0,0,0,0,0,0,0,0.47,0.38601792,0.39983553
0,1,1,1,0,0,0,0,1,1,0,0,0.52,0.5721554,0.66365516
0,1,1,0,0,0,1,0,0,0,0,0,0.49,0.42903385,0.49082813
0,0,0,1,0,0,0,0,1,0,0,0,0.37,0.33056584,0.31010455
0,1,1,1,0,0,0,0,1,1,1,0,0.03,0.3290249,0.29489955
0,0,1,1,0,0,0,0,0,0,0,1,0.07,0.26961455,0.21254556
0,1,1,1,0,0,0,0,0,0,0,0,0.17,0.266289,0.23578243
0,0,1,0,0,0,0,0,0,0,0,1,0.22,0.27528074,0.19046175
0,1,1,1,0,0,0,0,0,0,0,0,0.35,0.40751538,0.43537372
0,0,1,1,0,0,0,0,1,1,0,0,0.53,0.44894487,0.4765509
0,1,1,1,0,0,1,0,0,0,0,0,0.22,0.37573162,0.37974006
0,1,1,1,0,0,1,0,0,0,0,0,0.03,0.33100176,0.3144748
0,1,1,0,0,0,1,0,0,0,0,0,0.66,0.35772383,0.35664687
0,0,1,1,0,0,0,0,0,0,0,1,0.41,0.3280301,0.27907264
0,1,1,1,0,0,0,0,0,0,0,0,0.26,0.29712456,0.27378654
0,0,1,0,0,0,1,0,0,0,0,1,0.6,0.38943863,0.3604786
0,1,1,1,0,0,0,0,0,0,0,0,0.46,0.4987301,0.5960463
0,1,1,1,0,1,0,0,0,0,0,0,0.41,0.2891243,0.2943265
0,1,1,1,0,0,0,0,0,0,0,0,0.4,0.31198388,0.29298434
0,1,1,1,0,0,0,0,0,0,0,0,0.24,0.2757946,0.24701972
0,1,1,1,0,1,0,0,0,0,0,0,0.3,0.36525783,0.38556746
0,0,1,1,0,0,0,0,0,0,0,1,0.27,0.28647196,0.23025708
0,1,1,0,0,0,0,1,0,0,1,0,0.21,0.37164462,0.35500723
0,0,0,0,0,0,1,0,0,0,0,0,0.43,0.43367845,0.5150949
0,1,1,1,0,0,0,0,0,0,0,0,0.22,0.30194038,0.27994245
0,1,1,1,0,0,0,0,0,0,0,0,0.32,0.36002126,0.35987204
0,1,1,1,0,0,0,0,1,1,0,0,0.79,0.42482644,0.44753724
0,0,0,1,0,0,0,0,0,0,0,0,0.37,0.32074463,0.29959697
0,0,1,0,0,0,0,0,0,0,0,0,0.49,0.5339257,0.59510815
0,1,1,1,0,0,0,0,0,0,0,0,0.38,0.34873742,0.34329242
0,1,1,1,0,0,0,0,0,0,0,0,0.23,0.2937236,0.26943985
0,1,1,1,0,0,0,0,0,0,0,0,0.3,0.42558995,0.46769485
0,1,1,1,0,0,1,0,0,1,0,0,0.62,0.3376227,0.32430565
0,1,1,1,0,0,0,0,0,0,0,0,0.77,0.41792402,0.453911
0,1,1,1,0,0,0,0,0,0,0,0,0.21,0.284792,0.25817794
0,0,0,1,0,0,1,0,0,0,0,0,0.38,0.41987473,0.5022056
0,1,1,1,0,1,0,0,1,1,0,0,0.11,0.43175974,0.44561416
0,1,1,0,0,0,0,0,0,0,0,0,0.33,0.3777204,0.39747655
0,0,1,1,0,0,1,0,0,0,0,0,0.42,0.39255887,0.41752177
0,1,1,1,0,0,0,0,0,0,0,0,0.21,0.25524032,0.22403136
0,1,1,1,0,0,0,0,0,0,0,0,0.02,0.25456047,0.22334954
0,1,1,1,0,0,0,0,1,0,0,0,0.33,0.26325446,0.2428982
0,1,1,1,0,0,0,0,0,0,0,0,0.33,0.35675055,0.35502928
0,1,1,1,0,0,0,0,0,0,0,0,0.17,0.3394459,0.32992116
0,1,1,1,0,0,0,0,0,0,0,0,0.31,0.35088462,0.34641925
0,1,1,1,0,0,0,0,0,0,0,0,0.24,0.3149743,0.29690534
0,1,1,1,0,0,0,0,1,1,0,0,0.02,0.2844976,0.25836357
0,1,1,0,0,0,1,0,0,0,0,0,0.21,0.33482626,0.32068396
0,0,1,1,0,0,0,0,1,1,0,0,0.15,0.29871336,0.26520172
0,1,1,1,0,0,0,0,0,0,0,0,0.31,0.38346177,0.3958245
0,1,0,0,0,0,0,0,0,1,0,0,0.58,0.5435318,0.5928563
0,1,1,1,1,0,0,0,0,0,0,0,0.24,0.3088624,0.29121712
0,1,1,1,0,0,0,0,0,0,0,0,0.27,0.3588757,0.35817254
0,0,1,1,0,0,0,1,0,0,0,0,0.23,0.28994122,0.25394383
0,1,1,1,0,0,0,0,0,0,0,0,0.17,0.3013529,0.27918702
0,1,1,1,0,1,0,0,0,0,0,0,0.47,0.40396118,0.43782225
0,0,0,0,0,0,1,0,0,0,0,0,0.93,0.5449971,0.73808914
0,1,1,1,0,0,0,0,0,0,0,0,0.36,0.39187303,0.4091981
0,1,1,1,0,1,0,0,0,0,0,0,0.27,0.67483723,0.75808406
0,1,1,1,0,0,0,0,0,0,0,0,0.73,0.38854,0.4038144
0,1,1,1,0,0,0,0,0,0,0,0,0.41,0.36593923,0.36878353
0,1,1,1,0,0,0,0,0,0,0,0,0.14,0.27863115,0.2505048
0,1,1,1,0,0,0,0,0,0,0,0,0.46,0.33359808,0.32176813
0,1,1,1,0,0,0,0,0,0,0,0,0.2,0.3256716,0.31107435
0,1,1,1,0,0,0,0,1,0,0,0,0.14,0.46411362,0.5186199
0,1,1,1,0,0,0,0,0,0,0,0,0.26,0.35627148,0.35432243
0,0,1,1,0,0,0,0,0,0,0,1,0.65,0.48674908,0.5372103
0,1,1,1,0,0,0,0,0,0,0,0,0.64,0.42651448,0.46936092
0,1,1,1,0,0,0,0,0,0,0,0,0.48,0.42965752,0.4751094
0,1,1,1,0,0,0,0,0,0,0,0,0.18,0.34603608,0.33937794
0,1,1,1,0,0,0,0,0,0,0,0,0.53,0.40050086,0.42330655
0,1,1,1,0,0,0,0,0,1,0,0,0.24,0.27838755,0.25593433
0,1,1,1,0,1,0,0,0,0,0,0,0.4,0.33833855,0.35217494
0,1,1,1,0,0,0,0,0,0,0,0,0.21,0.3892543,0.40495816
0,1,1,0,0,0,0,0,0,0,0,0,0.35,0.33153215,0.32173872
0,0,0,1,0,0,1,0,0,0,0,0,1.0,0.5036794,0.65102553
0,1,1,1,0,0,1,0,0,1,0,0,0.33,0.3042143,0.28331834
0,1,1,1,0,0,0,0,0,0,0,0,0.37,0.31018096,0.29063272
0,1,1,1,0,0,0,0,0,0,0,0,0.26,0.33825094,0.32822084
0,1,1,1,0,0,0,0,1,1,0,0,0.24,0.3287418,0.31018814
0,1,1,1,0,0,0,0,0,0,0,0,0.45,0.2561107,0.22491296
0,1,1,1,0,0,0,0,0,0,0,0,0.21,0.27645975,0.24783401
0,0,1,0,0,0,1,0,0,0,0,0,0.41,0.35982388,0.36117646
0,1,1,1,0,0,0,0,0,0,0,0,0.55,0.3791966,0.38917628
0,1,1,1,0,0,0,0,0,0,0,0,0.51,0.6941613,0.79003674
0,1,1,1,0,0,0,0,0,0,0,0,0.4,0.26977545,0.23981377
0,1,1,1,0,0,0,0,0,0,0,0,0.18,0.2705541,0.24072056
0,1,1,1,0,0,0,0,0,0,0,0,0.44,0.41659275,0.45152456
0,1,1,1,0,1,0,0,0,0,0,0,0.53,0.48062912,0.5562726
1,0,1,1,0,0,0,0,0,0,0,0,0.43,0.4624281,0.48284078
0,1,1,1,0,0,0,0,0,0,0,0,0.49,0.38082814,0.39171466
0,1,1,1,0,0,0,0,0,0,0,0,0.27,0.2849555,0.25838247
0,0,0,0,0,0,1,0,0,0,0,1,0.62,0.4346828,0.44430295
0,1,1,1,0,0,0,0,0,0,0,0,0.14,0.28671095,0.26058546
0,1,1,1,0,0,0,0,1,1,0,0,0.26,0.27980122,0.25344914
0,0,1,1,0,0,1,0,0,0,0,1,0.36,0.398987,0.4153173
0,0,1,1,0,0,0,0,0,0,0,1,0.17,0.27995208,0.22321658
0,1,1,1,0,0,1,0,0,0,0,0,0.26,0.26386443,0.23022036
0,1,1,1,0,1,0,0,0,0,0,0,0.18,0.31558102,0.32464403
0,1,1,1,0,0,0,0,1,1,0,0,0.34,0.34499043,0.33087784
0,1,1,1,0,0,0,0,0,0,0,0,0.24,0.2952751,0.2714181
0,1,1,1,0,0,0,0,0,0,0,0,0.41,0.38443142,0.3973414
0,1,1,1,0,1,0,0,0,0,0,0,0.41,0.58186805,0.6748313
0,0,0,0,0,0,1,0,0,1,0,0,0.37,0.40255666,0.38393387
0,1,1,1,0,0,0,0,0,0,0,0,0.24,0.29549035,0.2716933
0,1,1,1,0,0,1,0,0,0,0,0,0.65,0.42782378,0.46552175
0,1,1,1,0,0,0,0,0,0,0,0,0.37,0.34892312,0.3435623
0,1,1,1,0,0,0,0,1,1,0,0,0.22,0.31460115,0.29272908
0,1,1,1,0,0,0,0,0,0,0,0,0.35,0.2931107,0.26866013
0,1,1,1,0,0,0,0,0,0,0,0,0.3,0.34987235,0.34494346
0,1,1,1,0,0,0,0,1,1,0,0,0.21,0.37374693,0.37058812
0,1,1,1,0,0,0,0,0,0,0,0,0.33,0.27399653,0.24483225
0,1,1,1,0,0,0,0,0,1,0,0,0.23,0.37424576,0.38314587
0,1,1,1,0,0,0,1,0,0,0,0,0.45,0.39913833,0.38968834
0,1,1,1,0,0,0,0,0,0,0,0,0.39,0.33852205,0.3286062
0,1,1,1,0,0,0,0,0,0,0,0,0.32,0.37778983,0.3869924
0,1,1,0,0,0,0,0,0,1,0,0,0.42,0.37517336,0.3641792
0,1,1,1,0,0,0,0,0,0,0,0,0.31,0.28819966,0.26245028
0,0,1,1,0,0,1,1,0,0,0,1,0.35,0.42698568,0.4177336
0,0,1,1,0,0,0,0,0,0,0,0,0.36,0.37294158,0.36960304
0,1,1,1,0,0,0,0,0,0,0,0,0.2,0.35798508,0.35685372
1,1,1,1,0,0,0,0,0,0,0,0,0.17,0.27893195,0.2624976
0,1,1,1,0,0,0,0,0,0,0,0,0.65,0.67947453,0.7792871
0,1,1,1,0,1,0,0,1,1,0,0,0.48,0.45858556,0.48411402
0,1,1,1,0,0,0,0,0,0,0,0,0.29,0.33216864,0.31981236
0,0,1,1,0,0,0,0,0,0,0,0,0.34,0.27492654,0.23711479
0,1,1,1,1,0,0,0,0,0,0,0,0.37,0.2844837,0.2607662
0,1,1,1,0,0,0,0,1,0,0,0,0.25,0.45275465,0.5025793
0,1,1,1,0,0,1,0,0,0,0,0,0.26,0.3076738,0.28307468
0,1,1,1,0,0,0,0,0,0,0,0,0.39,0.33829632,0.32828534
0,1,1,1,0,0,0,0,0,0,0,0,0.55,0.42225567,0.46169227
0,0,1,0,0,0,1,0,0,0,0,1,0.22,0.36746937,0.32413507
0,1,1,1,0,0,0,0,0,0,0,0,0.92,0.4560153,0.5243362
0,0,0,1,0,0,0,0,1,1,0,0,1.0,0.35853916,0.34528026
0,1,1,1,0,0,0,0,1,0,0,0,0.6,0.39503533,0.41490817
0,0,0,1,0,0,1,0,0,0,0,0,0.47,0.3773865,0.41895682
0,1,1,1,0,0,0,0,0,0,0,0,0.66,0.3959016,0.41575462
0,0,0,0,0,0,0,0,0,0,1,1,0.18,0.26332116,0.20232317
0,0,1,0,0,0,1,0,0,1,0,1,0.42,0.44327205,0.47642455
1,1,1,1,0,0,0,0,0,0,0,0,0.18,0.31146163,0.30277514
0,1,1,1,0,0,0,0,0,0,0,0,0.31,0.32445747,0.30946422
0,0,1,1,0,0,0,0,0,0,0,0,0.67,0.5025408,0.5684763
0,1,1,1,0,0,0,0,0,0,0,0,0.74,0.41796345,0.4539818
0,1,1,1,0,0,0,0,1,0,0,0,0.17,0.30246592,0.2886762
0,1,1,0,0,0,1,0,0,0,0,0,0.28,0.35936135,0.35944533
0,1,1,1,0,0,0,0,0,0,0,0,0.19,0.37034386,0.37551087
0,1,1,1,0,0,0,0,0,0,0,0,0.38,0.43307275,0.48137936
0,0,0,0,0,0,0,0,0,0,0,0,0.5,0.39538732,0.39021918
1,1,1,1,0,0,0,0,0,0,0,0,0.41,0.35271043,0.35981193
0,1,1,1,0,0,0,0,0,0,0,0,0.12,0.44820422,0.509624
0,0,0,1,0,0,0,0,0,0,0,0,0.08,0.3034914,0.2771225
0,1,1,1,0,0,0,0,0,1,0,0,0.47,0.36717796,0.37250036
0,1,1,1,0,0,0,0,0,0,0,0,0.96,0.2602371,0.22914183
0,1,1,1,0,0,0,0,0,0,0,0,0.42,0.37675238,0.3853848
0,1,1,1,0,0,0,0,0,0,0,0,0.54,0.28682297,0.26072606
0,1,1,1,0,0,0,0,1,0,0,0,0.22,0.27086765,0.25112587
0,1,1,1,0,0,0,0,0,0,0,0,0.15,0.29926163,0.27650782
0,1,1,1,1,0,0,0,0,0,0,0,0.27,0.3299334,0.3195144
0,1,1,1,0,0,0,0,0,1,0,0,0.23,0.32259235,0.3101451
0,1,1,1,0,1,0,0,0,0,0,0,0.85,0.5988469,0.69031036
0,1,1,1,0,0,0,0,0,0,0,0,0.72,0.73428386,0.8153418
0,1,1,1,0,0,0,0,0,0,0,0,0.32,0.39237222,0.41000873
0,1,1,1,0,0,0,0,0,0,0,0,0.21,0.3711175,0.3766976
0,1,1,1,0,0,0,0,0,0,0,0,0.11,0.47013268,0.5499188
0,1,1,1,0,0,0,0,1,1,0,0,0.51,0.39145622,0.3967103
0,1,1,1,0,0,0,0,1,1,0,0,0.37,0.28665248,0.2606458
0,1,1,1,0,0,0,0,0,0,0,0,0.35,0.2594452,0.22831407
0,1,1,1,0,0,1,0,0,0,0,0,0.32,0.32809976,0.31051803
0,0,1,1,0,0,0,0,0,0,0,0,0.42,0.3164652,0.28803182
0,1,1,0,0,0,0,0,1,0,0,0,1.0,0.6509043,0.79433537
0,0,0,1,0,0,0,1,1,0,0,0,0.76,0.5071591,0.6296646
0,1,1,1,0,0,0,0,0,0,0,0,0.43,0.3298372,0.31663543
0,1,1,1,0,0,0,0,0,0,0,0,0.44,0.36911997,0.37363666
0,0,1,0,0,1,0,1,1,0,1,0,0.32,0.33704516,0.29042143
0,1,1,0,0,0,0,0,0,0,0,0,0.31,0.30507565,0.28237128
0,1,1,1,0,0,0,0,0,0,0,0,0.41,0.44917536,0.51147354
0,1,1,1,0,0,0,0,0,0,0,0,0.96,0.571833,0.68538874
0,1,1,1,0,0,0,0,0,0,0,0,0.34,0.3101141,0.2905457
0,1,1,1,0,0,1,0,0,0,0,0,0.77,0.5831757,0.721665
0,1,1,1,0,0,0,0,0,0,0,0,0.26,0.29622442,0.27263308
0,0,1,1,0,0,0,0,1,1,0,1,0.39,0.44924125,0.49413538
0,1,1,1,0,0,0,0,0,0,0,0,0.38,0.4032019,0.42787957
0,1,1,1,0,0,0,0,1,0,0,0,0.71,0.32800028,0.321652
0,1,1,1,0,0,0,0,0,0,0,0,0.21,0.29126504,0.2663158
0,0,0,1,0,0,0,0,0,0,0,0,0.32,0.3407361,0.32852626
0,1,1,1,0,0,0,1,1,0,1,0,0.28,0.35114056,0.31559005
0,1,1,1,0,0,0,0,1,1,0,0,0.49,0.4025063,0.413409
0,0,1,1,0,0,0,0,0,0,0,0,0.76,0.46277094,0.5055997
1,1,1,1,0,1,0,0,0,0,0,0,0.92,0.5105898,0.58833617
0,1,1,1,0,0,0,0,1,1,0,0,0.56,0.4727992,0.52924263
0,1,1,1,0,0,0,0,0,0,0,0,0.27,0.29279357,0.26825643
0,1,1,0,0,0,1,1,0,0,0,0,0.86,0.412726,0.48784956
0,0,1,1,0,0,0,0,1,1,0,1,0.51,0.4195405,0.4393312
0,0,1,1,0,0,0,0,1,1,0,0,0.26,0.28090554,0.2452257
1,1,1,1,0,0,0,0,0,0,0,0,0.68,0.72900355,0.7642616
0,1,1,1,0,1,0,0,0,0,0,0,0.23,0.31389448,0.32267535
0,1,1,1,0,0,0,0,0,0,0,0,0.12,0.34011564,0.3308761
0,0,1,1,0,0,1,0,0,0,0,0,0.53,0.3629218,0.37680477
0,1,1,0,0,1,0,1,0,0,1,0,0.28,0.34136534,0.2897675
0,1,1,1,0,0,0,0,0,0,0,0,0.29,0.34568948,0.33887726
0,0,1,1,0,0,0,0,0,0,0,0,0.33,0.30583343,0.27385178
0,1,1,1,0,0,0,0,0,0,1,0,0.67,0.50979006,0.60299844
0,1,1,1,0,0,0,0,0,0,0,0,0.21,0.2878533,0.2620158
0,1,1,1,0,0,0,0,0,0,0,0,0.4,0.28518143,0.25866532
0,0,0,1,0,0,0,0,1,1,0,0,0.41,0.33781344,0.31308943
0,1,1,1,0,0,0,0,0,0,0,0,0.54,0.43980917,0.49378648
0,1,1,1,0,0,0,0,0,1,0,0,0.29,0.4025523,0.4263648
0,1,1,1,0,0,0,0,0,0,0,0,0.5,0.52563685,0.6325749
0,1,1,1,0,0,0,0,1,1,1,0,0.23,0.26196378,0.22267751
0,1,1,1,0,0,0,0,0,0,0,0,0.15,0.30517593,0.28412372
0,1,1,1,0,0,0,0,0,0,0,0,0.23,0.27236134,0.24285932
0,1,1,1,0,0,0,0,0,0,0,0,0.91,0.567271,0.68099296
0,1,1,1,0,0,0,0,1,1,0,0,0.37,0.36010844,0.35111713
0,1,1,1,0,0,0,0,0,0,0,0,0.18,0.26202136,0.2310563
0,1,1,0,0,0,0,0,0,0,0,0,0.06,0.3555257,0.3605884
0,0,1,1,0,0,0,0,1,1,0,0,0.39,0.45306668,0.48363376
0,0,0,0,0,0,1,0,0,0,0,0,0.67,0.45063886,0.5562189
0,0,1,1,0,0,0,0,1,1,0,0,0.66,0.2977039,0.26404917
0,0,1,1,0,0,0,0,0,0,0,1,0.25,0.2983955,0.24357378
0,0,0,1,0,0,0,0,0,1,0,0,0.45,0.4120819,0.4325847
0,1,1,1,0,0,0,0,0,0,0,0,0.41,0.29107696,0.26607758
0,1,1,1,0,0,0,0,0,0,0,0,0.25,0.2783552,0.25016433
0,1,1,0,0,0,0,0,0,0,0,0,0.47,0.3554607,0.360481
0,1,1,1,0,0,0,0,0,0,0,0,0.37,0.38987073,0.405955
0,0,1,1,0,0,1,0,0,0,0,1,0.32,0.514263,0.62173486
0,1,1,1,0,0,0,0,0,0,0,0,0.27,0.266467,0.23598294
0,0,1,0,0,0,1,0,0,0,0,0,0.39,0.34523094,0.33854795
0,1,1,1,0,0,0,0,0,0,0,0,0.32,0.28215495,0.25488007
0,1,1,1,0,0,1,0,0,0,0,0,0.33,0.32358623,0.30440405
0,1,1,1,0,0,0,0,0,0,0,0,0.89,0.5112308,0.6136826
0,1,1,1,0,0,0,0,0,1,0,0,0.87,0.43429703,0.4736007
0,1,1,1,0,0,1,0,0,0,0,0,0.38,0.39143646,0.4043736
0,1,1,1,0,0,0,0,0,0,0,0,0.18,0.29477987,0.27078566
0,1,1,1,0,0,0,0,0,0,0,0,0.22,0.25759625,0.22642359
0,1,1,1,0,1,0,0,0,0,0,0,0.24,0.3238768,0.33451468
0,1,1,1,0,0,0,0,0,0,0,0,0.31,0.35135677,0.3471086
0,1,1,0,0,0,1,0,1,1,0,0,0.33,0.34284514,0.36074919
0,1,1,1,1,1,0,0,0,0,0,0,0.41,0.43719006,0.42368522
0,0,1,1,0,0,1,0,0,0,0,0,0.18,0.26390794,0.24778175
0,1,1,1,0,0,0,0,1,0,0,0,0.34,0.36885232,0.37723026
0,0,0,0,0,0,0,0,0,0,0,0,0.06,0.3398196,0.2942329
0,1,1,1,0,0,0,0,0,0,0,0,0.7,0.49108297,0.5846895
0,1,1,1,0,0,0,0,0,0,0,0,0.46,0.3179341,0.30081612
0,1,1,1,0,0,0,0,0,0,0,0,0.22,0.32137576,0.30539304
0,1,1,1,0,0,0,0,0,0,0,0,0.51,0.3554631,0.35313112
0,1,1,1,0,0,0,0,0,0,0,0,0.35,0.33631256,0.32551837
0,0,1,1,0,0,0,0,0,0,0,0,0.62,0.41253853,0.42797247
0,1,1,1,0,0,0,0,0,0,0,0,0.23,0.29550803,0.2717159
0,1,1,1,0,0,0,0,0,1,0,0,0.32,0.30999726,0.29408288
0,0,0,1,0,0,0,0,0,0,0,0,0.29,0.29717347,0.2693773
0,1,1,1,0,0,0,1,1,1,1,0,0.41,0.52624047,0.5569251
0,1,1,0,0,1,1,1,0,0,1,0,0.28,0.31433576,0.23864369
0,1,1,0,0,0,0,1,0,1,1,0,0.23,0.28554288,0.24677098
0,1,1,1,0,0,0,0,0,0,0,0,0.22,0.28741658,0.26146862
0,1,1,0,0,0,0,0,0,0,0,0,0.23,0.2989463,0.2738704
0,1,1,1,0,0,0,0,0,0,0,0,0.3,0.3005197,0.27811772
0,1,1,1,0,0,1,0,0,1,0,0,0.48,0.49991482,0.5686141
0,1,1,1,0,0,0,0,0,0,0,0,0.6,0.5193903,0.6246386
0,1,1,1,0,0,0,0,0,0,0,0,0.21,0.26608896,0.23555723
0,1,1,1,0,0,1,0,0,0,0,0,0.37,0.3635501,0.36130852
0,0,1,1,0,0,0,0,0,0,0,0,0.3,0.3642888,0.35709766
0,0,1,1,0,0,1,0,0,1,0,0,0.46,0.3945312,0.40635046
0,1,1,0,0,0,0,0,0,0,1,0,0.18,0.34269488,0.29276562
0,1,1,1,0,0,0,0,0,0,0,0,0.25,0.30634394,0.28564006
0,1,1,1,0,0,1,0,0,1,0,0,0.26,0.3014641,0.28013274
0,1,1,1,0,0,1,0,0,0,0,0,0.39,0.41981077,0.45170078
0,1,1,0,0,0,0,0,0,0,0,0,0.3,0.2709778,0.23950234
0,0,1,1,0,0,1,0,0,1,0,0,0.18,0.3338017,0.32037687
0,1,1,1,0,0,0,0,0,0,0,0,0.33,0.299741,0.27712056
0,1,1,1,0,0,0,1,1,1,0,0,0.49,0.4064204,0.40296918
0,0,1,1,0,0,1,1,0,0,1,1,0.36,0.28080183,0.22545846
0,1,1,0,0,0,0,0,0,0,0,0,0.49,0.32271248,0.30813068
0,0,0,1,0,0,0,0,0,0,0,0,0.58,0.5237986,0.6379541
0,1,1,1,0,0,0,0,0,0,0,0,0.45,0.31747514,0.30020776
0,1,1,0,0,0,0,0,0,0,0,0,0.55,0.34655017,0.3458939
0,1,1,0,0,0,0,0,0,0,0,0,0.73,0.6325828,0.7772153
0,1,1,1,0,0,0,0,0,0,0,0,0.72,0.30353254,0.2819955
0,0,1,1,0,0,0,0,1,1,0,1,0.76,0.57008725,0.7154257
0,0,1,1,0,0,0,0,1,1,1,1,0.45,0.40718594,0.38586196
0,1,1,1,0,0,1,1,0,0,0,0,0.27,0.2851543,0.2743621
0,0,1,1,0,0,0,0,0,0,0,1,0.39,0.43435043,0.43698445
0,1,1,1,0,0,0,0,0,0,0,0,0.25,0.27857083,0.25043035
0,0,0,0,0,0,1,0,0,0,0,0,0.36,0.4075656,0.45078358
0,1,1,1,0,0,1,0,0,0,0,0,0.11,0.32230777,0.30267975
0,0,1,1,0,0,0,0,0,0,0,0,0.25,0.28399065,0.24710675
0,1,1,1,0,0,0,0,0,0,1,0,0.37,0.4109273,0.44240627
0,1,1,1,0,0,0,0,0,0,0,0,0.49,0.4716588,0.55261695
0,1,1,1,0,0,0,0,0,0,0,0,0.27,0.3307981,0.31794268
0,1,1,1,0,0,1,0,0,0,0,0,0.21,0.36800742,0.3679198
0,1,1,0,0,0,1,0,0,0,1,0,0.32,0.42038903,0.39604804
0,0,1,1,0,0,0,0,0,0,0,0,0.26,0.4907914,0.5499357
0,1,1,1,0,0,0,0,0,0,0,0,0.26,0.28796697,0.2621583
0,1,1,1,0,0,0,0,0,0,0,0,0.09,0.26902872,0.23894481
0,1,1,1,0,0,0,0,0,0,0,0,0.35,0.33739474,0.32702315
0,1,1,1,0,0,0,0,0,0,0,0,0.5,0.4793416,0.5659961
0,1,1,0,0,0,0,0,0,0,0,0,0.66,0.34039035,0.3358965
0,1,1,1,0,0,0,0,0,0,0,0,0.44,0.37208813,0.3781885
0,0,0,1,0,0,0,0,0,0,0,0,0.04,0.36788476,0.37209952
0,0,0,0,0,0,1,0,0,0,0,0,0.57,0.33547348,0.30424413
0,1,1,1,0,0,0,0,0,0,0,0,0.27,0.3776446,0.3867672
0,1,1,1,0,0,0,0,1,1,0,0,0.03,0.31917998,0.29833043
0,1,1,1,0,0,0,0,0,0,0,0,0.44,0.45771784,0.5274857
0,1,1,1,0,0,0,0,0,0,0,0,0.2,0.26484945,0.23416516
0,1,1,1,0,1,0,0,0,0,0,0,0.42,0.43034774,0.47731027
0,1,1,0,0,0,0,0,0,0,0,0,0.19,0.26877952,0.23703556
0,1,1,1,0,0,0,0,0,0,0,0,0.28,0.2664557,0.23597021
0,1,1,1,0,0,0,0,0,0,0,0,0.15,0.24758239,0.21633694
0,1,1,1,0,0,0,0,0,0,0,0,0.31,0.35931122,0.35881823
0,1,1,1,0,0,0,0,0,0,0,0,0.47,0.48548642,0.57606673
0,1,1,0,0,0,0,1,0,0,1,0,0.24,0.32483938,0.28437644
0,0,0,0,0,0,1,0,0,0,0,0,0.46,0.40775895,0.4512555
0,0,1,1,0,0,0,0,0,0,0,1,0.75,0.41464987,0.40247187
0,1,1,1,0,0,0,0,1,1,0,0,0.05,0.27695122,0.25049934
0,1,1,1,0,0,0,0,0,0,0,0,0.48,0.4239266,0.46469912
0,0,0,1,0,0,0,0,0,0,0,0,0.24,0.3340488,0.3184324
0,1,1,0,0,0,1,0,0,0,0,0,0.54,0.42148733,0.4751617
0,1,1,1,0,0,0,0,1,0,0,0,0.19,0.29412925,0.2783799
0,1,1,0,0,0,0,0,0,0,0,0,0.99,0.59416574,0.74538505
0,1,1,0,0,0,1,1,1,1,0,0,0.32,0.34211487,0.37533858
0,1,1,1,0,0,0,0,0,0,0,0,0.6,0.4202899,0.45815855
0,0,1,0,0,0,0,1,0,0,1,1,0.35,0.38271177,0.30993998
0,0,1,0,0,0,0,0,0,0,0,0,0.26,0.29245687,0.25867015
0,1,1,1,0,0,0,0,1,1,0,0,0.28,0.33318657,0.31577876
0,1,1,1,0,0,0,0,0,0,0,0,0.27,0.3374601,0.32711414
0,1,1,0,0,1,1,1,1,1,1,0,0.15,0.31475192,0.23995826
0,1,1,1,0,0,0,0,0,0,0,0,0.29,0.3219797,0.30619034
0,1,1,1,0,0,0,0,0,0,0,0,0.36,0.34482723,0.3376333
0,0,1,1,0,0,0,0,0,1,0,0,0.41,0.30829954,0.26017052
0,1,1,1,0,0,0,0,1,1,0,0,0.33,0.37195373,0.3679843
0,1,1,0,0,0,1,0,0,0,0,0,0.32,0.32502928,0.30620974
0,1,1,1,0,0,0,0,0,0,0,0,0.26,0.3278262,0.3139431
0,0,1,1,0,0,0,0,0,0,0,0,0.31,0.34055537,0.32244867
0,1,1,0,0,0,1,1,0,0,1,0,0.49,0.4330113,0.4368871
0,0,0,0,0,0,1,0,0,0,0,0,1.0,0.5874238,0.78854334
0,1,1,0,0,0,1,0,0,0,0,0,0.33,0.31226435,0.28855377
0,1,1,1,0,0,0,0,0,0,0,0,0.54,0.44573012,0.5049235
0,1,1,1,0,0,0,0,1,1,0,0,0.23,0.27915686,0.2527802
1,1,1,1,0,0,0,0,0,0,0,0,0.12,0.32974088,0.32711536
0,1,1,1,0,0,0,0,0,0,0,0,0.35,0.32315046,0.3077351
0,0,0,0,0,0,0,0,0,0,0,0,0.34,0.37544298,0.35315832
0,1,1,1,0,0,0,0,1,1,0,0,0.37,0.4722744,0.5283452
0,1,1,1,0,0,1,0,0,0,0,0,0.3,0.31710905,0.29567686
0,0,1,0,0,0,0,0,0,0,0,0,0.32,0.3800919,0.37997288
0,1,1,1,0,0,0,0,0,0,0,0,0.26,0.26460788,0.23389454
0,1,1,1,0,0,0,0,0,0,0,0,0.57,0.3733436,0.38012037
0,0,0,0,0,0,0,0,1,0,0,0,0.17,0.28892127,0.25068727
0,1,1,1,0,0,0,0,0,0,0,0,0.3,0.30413395,0.28277344
0,1,1,1,0,0,0,0,0,0,0,0,0.31,0.301104,0.27886736
0,0,1,1,0,0,0,0,0,0,0,0,0.1,0.28389588,0.24699692
0,1,1,0,0,0,0,0,1,1,0,0,0.2,0.30727127,0.2918178
0,1,1,1,0,0,0,0,1,0,0,0,0.64,0.39309725,0.41208237
0,1,1,1,0,0,0,0,0,1,0,0,0.4,0.364849,0.36906397
0,1,1,0,0,0,0,0,0,0,0,0,0.69,0.4473254,0.5192801
0,1,1,1,0,0,0,0,1,1,0,0,0.39,0.406931,0.42013496
0,1,1,1,0,1,0,0,0,0,0,0,0.23,0.33539265,0.34856287
0,0,0,1,0,0,0,0,1,1,0,0,0.25,0.38166898,0.38317543
0,1,1,1,0,0,1,0,0,1,0,0,0.07,0.49035293,0.552025
0,1,1,1,0,0,0,0,0,0,0,0,0.27,0.29405263,0.2698586
0,1,1,1,0,0,0,0,0,0,0,0,0.56,0.4432589,0.50022405
0,0,0,1,0,0,0,0,0,0,0,1,0.1,0.29678917,0.21097226
0,1,1,1,0,0,0,0,1,1,0,0,0.31,0.34625793,0.3325213
1,1,1,1,0,0,0,0,0,0,0,0,0.23,0.31103605,0.30222052
0,1,1,1,0,0,0,0,0,0,0,0,0.33,0.38721797,0.4017271
0,1,1,1,0,0,0,0,0,0,0,0,0.17,0.28973442,0.26438108
0,1,1,0,0,0,1,0,0,0,0,0,0.67,0.43833843,0.5103625
0,1,1,1,0,0,0,0,0,0,0,0,0.43,0.46370178,0.538402
0,0,1,1,0,0,0,0,0,0,0,1,0.5,0.35159183,0.30977106
0,0,0,1,0,0,0,0,0,0,0,1,0.37,0.36632484,0.30709186
0,1,1,1,0,0,0,0,0,0,0,0,0.21,0.2723543,0.24285083
0,0,0,1,0,0,0,0,1,1,0,0,0.18,0.42284623,0.4584095
0,1,1,1,0,0,0,0,0,0,0,0,0.55,0.28759897,0.261697
0,0,1,1,0,0,0,0,0,0,0,1,0.88,0.54438263,0.6494748
0,1,1,1,0,0,0,0,0,0,0,0,0.2,0.24876139,0.21751261
0,1,1,1,0,1,0,0,0,0,0,0,0.2,0.33966368,0.35381106
0,1,1,1,0,0,0,0,0,0,0,0,0.03,0.3779188,0.38719243
0,0,0,1,0,0,0,0,0,0,0,0,0.31,0.29695746,0.2691198
0,0,0,1,0,0,0,0,0,0,0,0,0.53,0.43872374,0.5055648
0,1,1,1,0,0,0,0,0,0,0,0,0.27,0.26114306,0.2301126
0,1,1,1,0,0,1,0,0,0,0,0,0.53,0.45052958,0.50625163
1,1,1,1,0,0,0,0,0,0,0,0,0.23,0.31275374,0.3044626
0,1,1,1,0,0,0,0,0,0,0,0,0.99,0.4133677,0.44575515
0,1,1,1,0,0,0,0,0,0,0,0,0.59,0.40363368,0.4286239
0,1,1,1,0,0,0,0,0,0,0,0,0.25,0.27552086,0.24668515
0,1,1,1,0,0,0,0,0,0,0,0,0.29,0.3205018,0.30422756
0,1,1,1,0,0,0,0,0,0,0,0,0.39,0.3021258,0.28018105
0,1,1,1,0,0,0,0,0,0,0,0,0.08,0.3001271,0.27761465
0,1,1,1,0,0,0,0,1,1,0,0,0.42,0.30511114,0.28125715
0,0,0,1,0,0,0,0,0,0,0,0,0.2,0.29842916,0.27088475
0,1,1,1,0,0,0,0,0,0,0,0,0.26,0.2927917,0.26825404
0,1,1,1,0,0,0,0,0,0,0,0,0.22,0.32353827,0.30824775
1,1,1,1,0,0,0,0,0,0,0,0,0.16,0.30764133,0.29781708
0,0,0,0,0,0,0,0,0,0,0,1,1.0,0.39145592,0.35479397
0,1,1,1,0,0,0,0,0,0,0,0,0.22,0.32043946,0.30414447
0,1,1,1,0,0,0,0,1,1,0,0,0.28,0.37551495,0.37316275
0,1,1,1,0,0,0,0,1,0,0,0,0.85,0.5840813,0.64495707
0,0,0,1,0,0,0,0,0,0,0,0,0.44,0.48132253,0.583897
0,0,0,1,0,0,0,0,0,0,0,1,0.46,0.4395675,0.45610428
0,1,1,1,0,0,0,0,0,0,0,0,0.33,0.34577924,0.3390069
0,1,1,1,0,0,0,0,0,0,0,0,0.19,0.33296028,0.32089478
0,0,1,1,0,0,0,0,0,0,0,0,0.35,0.33981416,0.32136533
0,1,1,1,0,0,0,0,0,0,0,0,0.59,0.4566701,0.52555156
0,1,1,1,0,0,0,0,0,0,0,0,0.28,0.30801195,0.28780875
0,1,1,1,0,0,0,0,1,1,0,0,0.39,0.35517424,0.34429318
0,1,1,1,0,0,0,0,0,0,0,0,0.37,0.35979035,0.3595292
0,1,1,0,0,0,1,1,1,1,1,0,0.56,0.35282797,0.35718888
0,0,1,1,0,0,0,0,0,0,0,0,1.0,0.7149045,0.7714699
0,0,1,1,0,0,1,0,0,0,0,0,0.26,0.30309212,0.29666203
0,1,1,1,0,0,0,0,0,0,0,0,1.0,0.5782637,0.6913224
0,1,1,1,0,0,0,0,0,0,0,0,0.25,0.27290642,0.24351577
0,1,1,1,0,0,0,0,0,0,0,0,0.42,0.5925123,0.70382726
0,1,1,1,0,0,0,0,0,0,0,0,0.81,0.37181288,0.37776545
0,0,0,1,0,0,0,0,0,0,0,1,0.14,0.3923912,0.357066
0,1,1,1,0,0,0,0,0,0,0,0,0.49,0.35217753,0.3483085
0,1,1,1,0,0,0,0,0,1,0,0,0.25,0.30578536,0.28880006
0,1,1,1,0,0,0,0,0,0,0,0,0.33,0.2687556,0.23862758
0,0,0,1,0,0,0,0,0,0,0,0,0.52,0.33285555,0.31665754
0,0,1,1,0,0,0,1,0,0,1,1,0.31,0.36762494,0.30227706
0,0,1,1,0,0,0,0,0,0,0,1,0.2,0.35043496,0.3082067
0,1,1,1,0,0,0,0,0,0,0,0,1.0,0.5031141,0.6022363
0,1,1,1,0,1,0,0,0,0,0,0,0.48,0.3438582,0.35899988
0,1,1,1,0,0,0,0,1,1,1,0,0.7,0.50767756,0.543368
0,1,1,1,0,0,1,1,0,0,0,0,0.3,0.34462136,0.3545569
0,1,1,1,0,0,0,0,0,0,0,0,0.36,0.31929663,0.30262446
1,1,1,1,0,0,0,0,0,0,0,0,0.42,0.49384674,0.5665463
0,0,1,0,0,0,1,0,0,1,0,0,0.23,0.3309216,0.3220502
0,1,1,1,0,0,0,0,0,0,0,0,0.75,0.37559876,0.38360006
0,0,1,1,0,0,0,0,0,0,0,1,0.11,0.28748617,0.23136744
0,0,0,1,0,0,0,0,0,0,0,0,0.33,0.33891243,0.32574382
0,1,1,1,0,0,0,0,0,0,0,0,0.51,0.34975335,0.34477016
0,1,1,1,0,0,0,0,0,0,0,0,0.29,0.3541777,0.35124072
0,1,1,0,0,0,0,0,0,0,0,0,0.28,0.3295956,0.31867743
0,1,1,1,0,1,0,0,0,0,0,0,0.17,0.28568763,0.29053158
0,1,1,1,0,0,0,0,0,0,0,0,0.18,0.27910838,0.25109437
0,1,1,1,0,0,0,0,0,0,0,0,0.18,0.28563467,0.2592333
0,1,1,1,0,0,0,0,0,0,0,0,0.31,0.27444723,0.24537797
0,1,1,1,0,0,0,0,0,0,1,0,0.4,0.37732723,0.38329434
0,0,1,1,0,0,1,0,1,0,0,0,0.59,0.4777103,0.525952
0,1,1,1,0,0,0,0,0,0,0,0,0.53,0.31479034,0.29666322
0,1,1,0,0,0,0,0,0,0,0,0,0.32,0.35318327,0.35672644
0,1,1,1,0,0,0,0,0,0,0,0,0.13,0.2721573,0.24261388
0,1,1,1,0,0,0,1,0,1,1,0,0.55,0.33337697,0.3418921
0,1,1,1,0,0,0,0,0,0,0,0,0.45,0.34120822,0.33243695
0,1,1,1,0,0,0,0,0,0,0,0,0.29,0.3008059,0.27848473
0,0,0,1,0,0,0,0,0,0,0,0,0.13,0.3413419,0.3294533
0,1,1,1,0,0,0,0,0,0,0,0,0.22,0.27837402,0.25018752
0,1,1,1,0,0,0,0,0,0,0,0,0.28,0.2893741,0.26392695
0,1,1,1,0,0,0,0,0,0,0,0,0.54,0.3382021,0.3281514
0,0,1,0,0,0,0,0,0,0,0,0,0.79,0.44835076,0.47614723
0,1,1,1,0,0,0,0,1,1,0,0,0.53,0.415902,0.43374938
0,1,1,1,0,0,0,0,1,1,0,0,0.21,0.32138076,0.30103868
0,1,1,1,0,0,1,0,0,0,0,0,0.29,0.31933913,0.29869446
0,1,1,1,0,0,0,0,0,0,0,0,0.29,0.3488377,0.34343818
0,0,0,1,0,0,0,0,0,1,0,0,0.43,0.38193652,0.37674624
0,0,1,1,0,0,0,0,1,0,0,0,0.31,0.2982278,0.2878901
0,1,1,1,0,0,0,0,1,1,0,0,0.81,0.41039363,0.42539406
0,1,1,1,0,0,0,0,0,0,0,0,0.37,0.37053013,0.37579647
0,1,1,1,0,0,0,0,1,1,1,0,0.5,0.33384934,0.3007074
1,1,1,1,0,0,0,0,0,0,0,0,0.34,0.3077486,0.29795566
0,0,1,1,0,0,0,0,0,0,1,0,0.28,0.3204352,0.30884188
0,1,1,0,0,0,0,1,0,1,1,0,0.18,0.3236267,0.29344755
0,1,1,1,0,0,0,0,0,0,0,0,0.47,0.44272032,0.49921918
0,1,1,0,0,0,0,1,0,1,1,0,0.19,0.29528117,0.2577122
0,1,1,1,0,0,0,0,0,0,0,0,0.22,0.29106358,0.26606065
0,1,1,1,0,0,1,0,0,0,0,0,0.88,0.6105783,0.749634
0,1,1,1,0,0,0,0,0,0,0,0,1.0,0.41429844,0.44741878
0,0,0,1,0,0,0,0,0,0,0,0,0.18,0.58716744,0.6984896
0,1,1,1,0,0,0,0,0,0,0,0,0.37,0.41847125,0.45489287
0,0,1,0,0,0,0,0,0,0,0,1,0.2,0.36012697,0.28823036
0,1,1,1,0,0,0,0,0,0,0,0,0.64,0.50628865,0.60672915
0,0,1,1,0,0,0,0,0,0,0,1,0.31,0.36607608,0.32967404
0,1,1,1,0,0,0,0,0,0,0,0,0.55,0.36109933,0.3614746
0,1,1,1,0,0,0,0,0,0,0,0,0.63,0.2913837,0.26646614
0,0,1,1,0,0,0,0,0,0,0,0,0.28,0.3308854,0.30844766
0,1,1,1,0,0,0,0,0,0,0,0,0.91,0.56340563,0.67709506
0,1,1,1,0,0,0,0,0,0,0,0,0.2,0.244452,0.21323295
0,1,1,1,0,0,0,0,0,0,0,0,0.3,0.32110003,0.30502504
0,1,1,1,0,1,0,0,1,1,0,0,0.43,0.5381604,0.6025743
0,0,0,1,0,0,0,0,0,0,0,0,0.37,0.31365073,0.2899852
0,1,1,1,0,0,0,0,0,0,0,0,0.31,0.28256696,0.25539514
0,1,1,1,0,0,0,0,0,0,0,0,0.45,0.31013402,0.29057163
0,1,1,1,0,0,0,0,0,0,0,0,0.36,0.29620272,0.27260527
1,1,1,1,0,0,0,0,0,0,0,0,0.26,0.27398476,0.25685805
0,1,1,1,0,0,0,0,0,0,0,0,0.37,0.37585795,0.3840008
0,1,1,1,0,0,0,0,0,0,0,0,0.48,0.41426802,0.4473644
0,1,1,1,0,0,1,0,0,0,0,0,0.43,0.348906,0.33973336
0,0,1,1,0,1,0,0,1,1,1,0,0.55,0.4769259,0.5719901
0,1,1,1,0,0,0,0,0,0,0,0,0.48,0.40648022,0.43356568
0,1,1,1,0,0,0,0,0,0,0,0,0.5,0.5421196,0.65304834
0,1,1,1,0,1,0,0,1,0,0,0,0.25,0.29179338,0.28001848
0,0,0,1,0,0,1,0,0,0,0,0,0.24,0.36372638,0.39218444
0,1,1,1,1,0,0,0,0,0,0,0,0.14,0.40068436,0.43079638
0,1,1,1,0,0,0,0,0,0,0,0,0.27,0.3205479,0.30428895
0,0,0,1,0,0,0,0,0,0,0,0,0.45,0.3451187,0.3353122
0,0,1,1,0,0,0,0,0,0,0,1,0.14,0.27669805,0.21976557
0,1,1,1,0,0,1,0,0,0,0,0,1.0,0.5339453,0.6565684
0,1,1,1,0,0,0,0,1,1,0,0,0.36,0.28084737,0.25453776
0,1,1,1,0,0,0,0,0,0,0,0,0.19,0.32409397,0.3089831
0,1,1,1,0,0,0,0,1,1,0,0,0.34,0.36914793,0.3639339
0,1,1,1,0,0,0,0,1,0,0,0,0.53,0.5924355,0.6525322
0,1,1,1,0,0,0,0,0,0,0,0,0.25,0.33274797,0.3206043
0,1,1,1,0,0,0,0,1,1,0,0,0.26,0.29604313,0.27081037
0,1,1,1,0,0,0,0,0,0,0,0,0.54,0.39563203,0.4153149
0,1,1,1,0,0,0,0,1,1,0,0,0.23,0.2762832,0.24981132
0,0,0,1,0,0,0,0,1,0,0,0,0.77,0.4340674,0.48588973
0,1,1,1,0,0,0,0,0,0,0,0,0.33,0.31062192,0.2912069
0,0,1,0,0,0,0,0,0,0,0,0,0.33,0.34568226,0.3294393
0,1,1,1,0,0,0,0,1,1,0,0,0.14,0.34099334,0.32572204
0,1,1,1,0,0,0,0,0,1,0,0,0.47,0.33697075,0.32900023
0,1,1,1,0,0,0,0,0,0,0,0,0.29,0.31000814,0.2904079
1,1,1,1,0,0,0,0,0,0,0,0,0.65,0.34031147,0.3417992
0,1,1,1,0,0,0,0,0,0,0,0,0.25,0.31723017,0.2998833
0,1,1,1,0,0,0,0,1,0,1,0,0.15,0.27826688,0.21722874
0,0,1,1,0,0,0,0,0,0,0,0,0.26,0.28922093,0.25324392
0,1,1,0,0,0,0,1,0,0,0,0,0.3,0.3362617,0.33956864
0,1,1,1,0,0,0,0,0,0,0,0,0.23,0.29283527,0.2683095
0,0,1,1,0,0,0,0,0,0,0,1,0.58,0.49355143,0.5512443
0,1,1,1,0,0,0,0,0,0,0,0,0.28,0.31085053,0.2915048
0,1,1,1,0,0,0,0,0,0,0,0,0.88,0.37391716,0.38100424
0,1,1,1,0,0,0,0,0,0,0,0,0.78,0.5136439,0.61698455
0,0,1,1,0,0,0,0,0,0,0,0,0.65,0.36017597,0.3511238
0,1,1,1,0,0,0,0,1,0,0,0,0.32,0.2814909,0.26330906
0,1,1,1,0,0,0,1,0,0,0,0,0.04,0.34922785,0.3176652
0,1,1,1,0,0,0,0,1,1,0,0,0.34,0.37322423,0.3698283
0,1,1,1,0,0,0,0,0,0,0,0,0.61,0.7025925,0.7957842
0,1,1,1,0,0,0,0,0,0,0,0,0.32,0.3705554,0.37583518
0,1,1,1,0,0,0,0,0,0,0,0,0.3,0.2701714,0.24027482
0,1,1,1,0,0,0,0,0,0,0,0,0.31,0.39249307,0.41020504
0,1,1,0,0,0,1,0,0,0,0,0,0.41,0.36679453,0.3722468
1,1,1,1,0,0,0,0,0,0,0,0,0.59,0.58076227,0.6559556
0,1,1,1,0,0,0,0,1,1,0,0,0.49,0.4111972,0.4266104
0,1,1,1,0,0,0,0,0,0,0,0,0.42,0.3658122,0.36859027
0,1,1,1,0,0,0,0,1,1,0,0,0.15,0.26456708,0.23793522
0,1,1,1,0,0,0,0,1,1,0,0,0.12,0.3008346,0.2762363
0,0,0,1,0,0,0,1,0,0,0,0,0.39,0.40776378,0.3883862
0,1,1,1,0,0,0,0,0,0,0,0,0.42,0.3046406,0.28342977
0,1,1,1,0,0,0,0,0,0,0,0,0.09,0.2878005,0.26194957
0,0,1,1,0,0,0,0,0,1,0,1,0.11,0.31694186,0.29995316
0,0,0,1,0,0,0,0,1,0,0,0,0.33,0.2990922,0.27043188
0,1,1,1,0,0,0,0,0,0,0,0,0.51,0.4672688,0.54480916
0,1,1,1,0,0,1,0,0,0,0,0,0.38,0.36705017,0.36649567
0,1,1,1,0,0,0,0,0,0,0,0,0.25,0.34510714,0.33803684
0,1,1,0,0,0,0,1,0,0,1,0,0.42,0.33367687,0.2970031
0,1,1,0,0,0,0,0,0,0,0,0,0.44,0.3534318,0.35713536
0,0,1,1,0,0,0,0,1,0,0,0,0.67,0.3782989,0.39121112
0,1,1,1,0,0,0,0,0,0,0,0,0.3,0.32142258,0.30545554
0,1,1,1,0,0,0,0,0,1,0,0,0.32,0.35613203,0.35633358
0,1,1,1,0,0,0,0,1,1,0,0,0.6,0.5553902,0.64256716
0,1,1,0,0,0,1,0,0,0,0,0,0.02,0.38248348,0.40016714
0,1,1,1,0,0,0,0,0,0,0,0,0.27,0.31855965,0.30164582
0,1,1,1,0,0,0,0,0,0,0,0,0.4,0.4183332,0.4546451
0,1,1,1,0,0,0,0,0,0,0,0,0.33,0.3112512,0.2920274
0,1,1,1,0,0,0,0,1,1,0,0,0.28,0.28037927,0.25405025
0,1,1,1,0,0,0,0,1,0,0,0,0.39,0.29983896,0.28539294
0,1,1,1,0,0,0,0,1,1,0,0,0.28,0.281004,0.25470102
0,1,1,1,0,0,0,0,1,1,0,0,0.22,0.31223267,0.2898455
0,1,1,1,0,0,0,0,0,0,0,0,0.36,0.3154078,0.29747626
0,0,1,1,0,0,0,0,0,0,0,1,0.58,0.38910016,0.3626064
0,1,1,1,0,0,0,0,0,0,0,0,0.36,0.33500755,0.32370868
0,1,1,1,0,1,0,0,0,0,0,0,0.36,0.2651952,0.2682334
0,0,1,1,0,0,0,0,0,0,0,1,0.39,0.34754074,0.30429
0,1,1,1,0,0,0,0,0,0,0,0,0.59,0.45755774,0.5271905
0,1,1,0,0,0,0,0,0,0,0,0,0.17,0.28430617,0.2550685
0,1,1,1,0,0,0,0,1,1,0,0,0.39,0.2995723,0.2747852
0,1,1,0,0,0,0,0,0,0,0,0,0.31,0.31403863,0.29517236
0,1,1,1,0,0,0,0,0,0,0,0,0.37,0.35258746,0.34890857
0,1,1,1,0,0,1,0,0,0,0,0,0.35,0.5024396,0.6011106
0,0,1,1,0,0,0,1,0,0,1,1,0.15,0.33584604,0.26180658
0,1,1,1,0,0,0,0,0,0,0,0,0.44,0.34602162,0.33935705
0,1,1,1,0,0,0,0,0,0,0,0,0.22,0.3348828,0.32353598
0,1,1,1,0,0,0,0,0,0,0,0,0.87,0.47197762,0.5531789
0,0,1,1,0,0,0,0,1,1,0,0,0.33,0.32631376,0.29857594
0,1,1,1,0,1,0,0,0,0,0,0,0.58,0.40458268,0.43871793
0,1,1,1,0,1,0,0,0,0,0,0,0.4,0.4136344,0.4519976
0,1,1,0,0,0,0,0,0,0,0,0,0.28,0.32271498,0.30813447
0,1,1,0,0,0,0,0,0,0,0,0,0.31,0.29798466,0.27255157
0,0,0,1,0,0,1,0,1,0,0,0,0.24,0.2707178,0.23773022
0,1,1,1,0,0,0,0,0,0,0,0,0.52,0.3125665,0.29374582
0,1,1,1,0,0,1,0,0,0,0,0,0.27,0.26260048,0.22881477
0,0,1,1,0,0,0,0,0,0,0,0,0.38,0.34642094,0.33103782
0,1,1,1,0,0,0,0,1,1,0,0,0.4,0.37401998,0.37098527
0,1,1,1,0,0,0,0,0,0,0,0,0.29,0.35885918,0.35814804
0,1,1,1,0,1,0,0,0,0,0,0,0.38,0.2914229,0.29686245
0,1,1,1,0,0,0,0,1,1,0,0,0.41,0.34004465,0.32450444
0,0,0,1,0,0,0,0,0,0,0,0,0.47,0.38814333,0.4074541
0,1,1,1,0,0,0,0,0,0,0,0,0.53,0.34592694,0.33922026
0,1,1,1,0,0,0,0,1,1,0,0,0.3,0.3285798,0.3099851
0,1,1,1,0,0,0,0,0,0,0,0,0.5,0.4037818,0.42887935
0,1,1,1,0,0,1,0,0,0,0,0,0.17,0.3159531,0.2941157
0,1,1,1,0,0,1,0,0,0,0,0,0.02,0.31029466,0.28654373
0,1,1,1,0,0,0,0,0,0,0,0,0.56,0.3491623,0.34391007
1,1,1,1,0,0,0,0,0,0,0,0,0.08,0.31834418,0.311797
0,1,1,0,0,0,0,0,0,0,0,0,0.39,0.31794676,0.3009609
0,0,1,1,0,0,0,0,0,0,0,1,0.32,0.35020483,0.30789605
0,0,1,1,0,0,0,0,0,0,0,1,0.46,0.36657387,0.33036798
0,1,1,1,0,1,0,0,0,0,0,0,0.22,0.35380295,0.37127176
0,1,1,1,0,0,0,0,1,1,0,0,0.33,0.4442672,0.47992843
0,1,1,1,0,0,0,0,0,0,0,0,0.56,0.30530953,0.2842969
0,1,1,1,0,0,0,0,0,0,0,0,0.08,0.2612481,0.23022535
0,1,1,0,0,0,0,0,0,0,0,0,0.27,0.38362628,0.40729195
0,1,1,1,0,0,0,0,0,0,0,0,0.22,0.24749069,0.2162457
0,1,1,0,0,0,0,0,0,1,0,0,0.21,0.3418909,0.3136659
0,0,1,1,0,0,0,0,0,0,0,0,0.2,0.27369863,0.23580205
0,1,1,0,0,0,1,0,0,0,0,0,1.0,0.6759568,0.8350135
0,1,1,0,0,0,0,0,0,0,0,0,0.19,0.3266129,0.31408924
0,0,0,0,0,0,0,0,0,0,0,0,0.4,0.32514462,0.27294225
1,1,1,1,0,0,0,0,0,0,0,0,0.25,0.27397716,0.25684947
0,1,1,0,0,0,1,0,0,0,0,0,0.38,0.33646065,0.3231637
0,0,0,1,0,0,0,0,1,1,0,0,0.31,0.3000465,0.26355836
0,1,1,1,0,0,0,0,0,0,0,0,0.79,0.7084018,0.79959
0,0,1,1,0,0,0,0,0,0,0,0,0.43,0.40051365,0.40977845
0,1,1,1,0,0,0,0,1,0,0,0,0.32,0.38177988,0.39565557
0,1,1,1,0,0,0,0,1,1,0,0,0.38,0.37952897,0.37903303
0,1,1,1,0,0,0,0,0,0,0,0,0.5,0.5415347,0.6523423
0,0,1,1,0,0,0,0,0,1,0,1,0.51,0.48444858,0.6001665
0,0,1,0,0,0,0,0,0,0,0,0,0.46,0.31251892,0.28409213
0,1,1,1,0,0,0,0,0,0,0,0,0.41,0.32946998,0.31614143
0,1,1,1,0,0,0,0,1,1,0,0,0.49,0.3389534,0.32310677
0,1,1,0,0,0,1,0,0,0,0,0,0.63,0.4767726,0.5913118
1,1,1,1,0,0,0,0,0,0,0,0,0.57,0.45489272,0.51711285
0,1,1,1,0,0,0,0,0,0,1,0,0.45,0.33732527,0.3209872
0,1,1,1,0,0,0,0,0,0,0,0,0.23,0.30582234,0.2849623
0,1,1,1,0,0,0,0,0,0,0,0,0.17,0.3247076,0.30979556
0,1,1,1,0,0,0,0,0,0,0,0,0.29,0.291083,0.2660852
0,1,1,0,0,0,0,0,0,0,0,0,0.36,0.3652954,0.3768093
0,1,1,1,0,1,0,0,0,1,0,0,0.27,0.30829164,0.27701586
0,1,1,1,0,0,0,0,0,0,0,0,0.29,0.5000681,0.5979527
0,1,1,1,0,0,0,0,0,0,0,0,0.25,0.42194882,0.46114045
0,1,1,1,0,0,1,0,0,0,0,0,0.31,0.32169145,0.3018505
0,0,1,1,0,0,1,0,0,0,0,0,0.3,0.36315826,0.37711996
0,1,1,1,0,0,0,0,0,0,0,0,0.49,0.32965648,0.3163914
0,0,0,1,0,0,0,0,0,0,0,0,0.32,0.29620537,0.26822442
0,0,0,1,0,0,0,0,0,0,0,0,0.21,0.42025748,0.4692824
0,1,1,1,0,0,0,0,1,1,0,0,0.57,0.42433262,0.4467539
0,1,1,1,0,0,0,0,1,1,0,0,0.55,0.41988072,0.43981814
0,0,0,1,0,0,0,0,1,0,0,1,0.69,0.45218292,0.42890382
0,1,1,0,0,0,0,0,0,0,0,0,0.36,0.37953246,0.40048417
0,1,1,1,0,0,0,0,0,0,0,0,0.11,0.28441682,0.2577089
1,1,1,1,0,0,0,0,0,0,0,0,0.24,0.27916935,0.26277182
0,1,1,0,0,0,0,0,0,0,0,0,0.38,0.31458443,0.29597577
0,1,1,1,0,1,0,0,0,0,1,0,0.66,0.3981306,0.4432529
0,1,1,1,0,0,0,0,0,0,0,0,0.56,0.5913147,0.70281446
0,0,1,1,0,0,0,0,0,0,0,0,1.0,0.7889794,0.8164135
0,0,0,1,0,0,1,0,0,0,0,0,0.35,0.37838432,0.4209206
0,1,1,1,0,0,0,0,0,0,0,0,0.36,0.29062015,0.26549953
0,1,1,1,0,0,0,0,0,0,0,0,0.67,0.43184727,0.47912878
0,1,1,1,0,0,0,0,0,0,0,0,0.37,0.3528882,0.34934902
0,1,1,1,0,0,0,0,0,0,0,0,0.53,0.67627156,0.7768219
0,0,0,1,0,0,0,0,1,1,0,0,0.33,0.34622067,0.32585663
0,1,1,1,0,0,0,0,0,0,0,0,0.25,0.30991945,0.29029256
0,0,0,1,0,0,1,0,0,0,0,0,0.36,0.31240374,0.30471423
0,0,1,1,0,0,0,0,1,1,0,1,0.86,0.4499839,0.49553737
0,1,1,1,0,0,0,0,0,0,0,0,0.28,0.27268285,0.24324636
0,1,1,1,0,0,0,0,0,0,0,0,0.36,0.34822398,0.34254673
0,1,1,1,0,0,1,0,0,0,0,0,0.29,0.31260282,0.2896183
0,0,1,1,0,0,0,0,0,0,0,1,0.3,0.3359381,0.28907475
0,0,1,1,0,0,0,0,0,0,0,0,0.44,0.6266653,0.7078966
0,1,1,1,0,0,0,0,0,0,0,0,0.68,0.35588402,0.3537512
0,1,1,1,0,0,0,0,1,0,0,0,0.72,0.3744176,0.38509014
0,1,1,1,0,0,0,0,1,1,0,0,0.63,0.41933528,0.43898377
0,1,1,1,0,0,0,0,0,0,0,0,0.87,0.6064837,0.71611893
0,1,1,0,0,0,1,0,0,0,0,0,0.5,0.43186182,0.49676618
0,1,1,1,0,0,0,0,0,0,0,0,0.31,0.3405089,0.33143747
0,1,1,1,0,0,0,0,0,0,0,0,0.35,0.29925385,0.2764979
0,1,1,1,0,0,0,0,1,1,0,0,0.54,0.3915605,0.39686698
0,1,1,1,0,0,0,0,1,0,0,0,0.21,0.30638477,0.2936224
0,1,1,1,0,0,0,0,0,0,0,0,0.13,0.29077005,0.26568913
0,1,1,1,0,0,0,0,0,0,0,0,0.25,0.35768604,0.3564114
0,1,1,1,0,0,0,0,0,0,0,0,0.33,0.40432817,0.4298219
0,1,1,1,0,0,0,0,0,0,0,0,0.3,0.32361364,0.3083474
0,0,0,1,0,0,0,0,0,0,0,0,0.41,0.3040476,0.27781075
0,1,1,1,0,0,0,0,0,0,0,0,0.48,0.33449924,0.32300523
0,1,1,0,0,0,0,0,0,0,0,0,0.33,0.31307834,0.29376262
0,1,1,1,0,0,0,0,0,0,0,0,0.26,0.2799405,0.2521246
0,0,0,0,0,0,1,0,0,1,0,0,0.72,0.5034356,0.58674586
0,1,1,1,0,1,0,0,0,0,0,0,1.0,0.5741062,0.6675606
0,1,1,1,0,0,1,0,0,1,0,0,0.36,0.31510502,0.29622373
0,1,1,1,0,0,0,0,0,0,0,0,0.37,0.3308584,0.31802484
0,1,1,1,0,0,0,0,0,0,0,0,0.55,0.41158327,0.44256908
0,1,1,0,0,0,0,1,0,0,0,0,0.26,0.3275409,0.3260578
0,0,1,1,0,0,0,0,0,0,0,1,0.28,0.32576728,0.27624676
0,1,1,1,0,0,0,0,0,0,0,0,0.25,0.3611982,0.36162174
0,1,1,1,0,0,0,0,0,0,0,0,0.15,0.25296015,0.22174934
0,1,1,1,0,1,0,0,0,0,0,0,0.71,0.41937822,0.46054
0,1,1,1,0,0,0,0,0,0,0,0,0.22,0.33120197,0.31849304
1,1,1,1,0,0,0,0,0,0,0,0,0.48,0.33972862,0.34096336
0,1,1,1,0,0,1,1,0,0,1,0,0.33,0.45722523,0.50073206
0,1,1,1,0,0,0,0,0,0,0,0,0.31,0.28132504,0.25384498
0,1,1,1,0,0,1,0,0,0,0,0,0.35,0.35854006,0.35384956
0,1,1,1,0,0,0,0,1,1,0,0,0.64,0.46160087,0.50993156
0,0,0,0,0,0,1,0,0,0,0,0,0.15,0.3275683,0.29116005
0,0,0,1,0,0,0,0,0,0,0,0,0.42,0.54133976,0.6565235
0,0,1,1,0,0,0,0,0,0,0,1,0.94,0.7084425,0.8291817
0,0,1,0,0,0,0,0,0,0,0,1,0.38,0.4242651,0.3774055
0,1,1,1,0,0,0,0,0,0,0,0,0.27,0.3353294,0.32415456
0,1,1,1,0,0,0,0,0,0,0,0,0.4,0.38469183,0.39774913
0,0,1,1,0,0,0,0,1,1,0,1,0.3,0.3214491,0.30028972
0,1,1,1,0,0,0,0,0,0,0,0,0.27,0.29253533,0.26792794
0,1,1,1,0,1,1,1,0,0,0,0,0.28,0.42920884,0.50486565
0,1,1,1,0,1,0,0,0,0,0,0,0.45,0.31462735,0.32353002
0,1,1,1,0,0,0,0,0,0,0,0,0.5,0.38903356,0.4046014
0,1,1,1,0,0,0,0,0,0,0,0,0.03,0.35038525,0.34569082
0,1,1,1,0,0,0,0,0,0,0,0,0.29,0.3943858,0.41328397
0,1,1,1,0,0,0,0,1,1,0,0,0.38,0.34809533,0.3349133
0,1,1,1,0,0,0,0,1,1,0,0,0.23,0.28035408,0.25402403
0,1,1,1,0,0,0,1,0,0,0,0,0.29,0.3707055,0.34785494
0,1,1,1,0,0,0,0,0,0,0,0,0.38,0.32238755,0.30672795
0,1,1,1,0,0,0,0,1,0,0,0,0.31,0.29943854,0.28489727
0,0,1,1,0,0,0,0,0,0,0,0,0.2,0.3821472,0.38287976
0,1,1,1,0,0,0,0,1,1,0,0,0.33,0.2896647,0.2638831
0,1,1,1,0,0,0,0,0,0,0,0,0.14,0.3986581,0.42025834
0,1,1,1,0,0,0,0,0,1,1,0,0.46,0.57882947,0.67206484
0,1,1,1,0,0,1,1,0,0,0,0,0.37,0.25662893,0.24102652
0,1,1,1,0,0,1,0,0,0,0,0,0.35,0.28818738,0.25840753
0,1,1,1,0,0,0,0,0,1,0,0,0.28,0.31308046,0.2979744
0,1,1,1,0,0,0,0,0,0,0,0,0.31,0.30877885,0.28880626
0,0,0,1,0,0,0,0,0,0,0,0,0.23,0.29589692,0.26785773
0,1,1,1,0,0,0,0,0,0,0,0,0.97,0.48522338,0.57565373
0,1,1,1,0,0,0,0,0,0,0,0,0.33,0.32895932,0.31545758
0,1,1,1,0,0,0,0,0,0,0,0,0.02,0.539401,0.64972126
1,1,1,1,0,0,0,0,0,0,0,0,0.33,0.32962903,0.3269621
0,1,1,1,0,0,0,0,0,0,0,0,0.37,0.5383691,0.64844507
0,1,1,1,0,0,0,0,0,0,0,0,0.7,0.59638107,0.7071517
0,0,0,1,0,0,0,0,0,0,0,0,0.18,0.27354756,0.24269131
0,1,1,1,0,0,0,0,0,0,0,0,0.33,0.55734915,0.67068803
0,1,1,1,0,0,0,0,0,0,0,0,0.27,0.32924706,0.3158428
0,1,1,1,0,0,0,0,0,0,0,0,0.28,0.29936412,0.27663875
0,1,1,1,0,0,0,0,1,1,0,0,0.48,0.37501317,0.3724313
0,1,1,1,0,0,1,0,0,0,0,0,0.38,0.3155217,0.29353428
0,1,1,1,0,0,0,0,1,1,0,0,0.4,0.4085025,0.42253113
0,1,1,1,0,0,0,0,1,1,0,0,0.09,0.31095213,0.28829342
0,1,1,1,0,0,0,0,0,0,0,0,0.22,0.3176083,0.3003842
0,1,1,1,0,0,0,0,1,1,0,0,0.22,0.40865487,0.42276365
0,0,1,1,0,0,0,0,0,0,0,0,0.25,0.2621316,0.22382434
0,1,1,1,0,0,0,0,0,0,0,0,0.42,0.31518883,0.2971878
0,1,1,0,0,0,0,1,0,0,1,0,0.47,0.3386392,0.304206
0,0,1,0,0,0,1,0,0,0,0,0,1.0,0.54787576,0.6767887
0,1,1,1,0,0,0,0,0,0,0,0,0.4,0.42555514,0.46763214
1,1,1,1,0,1,0,0,0,0,0,0,0.03,0.30916294,0.28640717
0,1,1,1,0,0,0,0,0,0,0,0,0.57,0.42715326,0.4705139
1,0,0,0,0,0,0,0,0,0,0,0,0.3,0.33915603,0.2896884
0,1,1,1,0,0,0,0,0,0,0,0,0.03,0.3665578,0.36972538
0,1,1,1,0,0,0,0,0,0,0,0,0.16,0.33020025,0.317129
0,1,1,1,0,0,0,0,0,0,0,0,0.29,0.2727075,0.24327607
0,1,1,1,0,0,0,0,0,0,0,0,0.34,0.28698853,0.26093304
0,1,1,1,0,0,0,0,0,0,0,0,0.18,0.32024452,0.30388492
1,1,1,1,0,0,0,0,0,0,0,0,0.39,0.31903985,0.31271586
0,1,1,1,0,0,0,0,0,1,0,0,0.37,0.38622746,0.40139246
0,1,1,0,0,1,0,1,0,0,1,0,0.26,0.29211733,0.22736557
0,0,1,0,0,0,0,0,0,0,0,1,0.08,0.24886794,0.1668087
0,1,1,1,0,0,0,0,1,1,0,0,0.43,0.38364428,0.3850785
0,1,1,1,0,0,0,0,0,0,0,0,0.21,0.28997293,0.26468197
0,1,1,1,0,0,0,0,0,0,0,0,0.21,0.2835845,0.25667006
0,1,1,1,0,0,1,0,0,0,0,0,0.27,0.37498087,0.37857085
0,1,1,1,0,0,0,0,0,0,0,0,0.33,0.27886334,0.25079155
0,1,1,1,1,0,0,0,0,0,0,0,0.38,0.42822233,0.4825205
0,1,1,0,0,0,0,0,0,0,1,0,0.26,0.24198218,0.18501261
0,0,0,0,0,0,0,0,0,0,0,0,0.3,0.30166483,0.24141817
0,1,1,1,0,0,0,0,0,0,0,0,0.4,0.3292008,0.31578088
0,1,1,1,0,0,0,0,0,0,0,0,0.32,0.42353493,0.46399412
0,1,1,1,0,0,0,0,0,0,0,0,0.38,0.34794655,0.3421441
0,0,0,1,0,0,0,0,1,1,0,0,0.37,0.42275468,0.45822525
0,1,1,1,0,0,0,0,1,1,0,0,0.24,0.3075624,0.28420323
0,1,1,1,0,0,0,0,0,0,0,0,0.18,0.2914041,0.26649198
0,1,1,1,0,0,0,0,0,0,0,0,1.0,0.42657465,0.4694694
0,0,1,1,0,0,0,0,0,0,0,0,0.02,0.31167716,0.28154668
0,1,1,1,0,0,0,0,0,0,0,0,0.37,0.33031017,0.31727853
0,1,1,1,0,0,0,0,0,0,0,0,0.52,0.3215323,0.30560124
0,0,0,1,0,0,0,0,0,0,0,0,1.0,0.49008828,0.59736025
0,1,1,1,0,0,0,0,1,1,0,0,0.55,0.37406334,0.37104836
0,0,1,1,0,0,0,0,0,0,0,0,0.2,0.27491885,0.23710656
0,1,1,1,0,0,0,0,0,0,0,0,0.72,0.6043375,0.7141861
0,0,1,1,0,0,0,0,0,0,0,1,0.22,0.33450285,0.28724343
0,1,1,1,0,0,0,0,1,1,0,0,0.23,0.31556758,0.2939105
0,0,0,1,0,0,1,0,0,0,0,0,0.16,0.47187948,0.5971931
0,0,0,1,0,0,0,0,0,0,0,0,0.26,0.31707427,0.29459018
0,1,1,1,0,0,0,0,0,0,0,0,0.65,0.38630003,0.40027994
0,0,1,1,0,0,0,0,0,0,0,1,0.22,0.41668016,0.405933
0,1,1,1,0,0,0,0,0,0,0,0,0.19,0.2742794,0.24517465
0,1,1,1,0,0,0,0,1,0,1,0,0.45,0.5418653,0.5483477
0,1,1,1,0,0,0,0,1,1,0,0,0.03,0.329484,0.31111953
0,0,0,1,0,0,0,0,0,0,0,0,0.78,0.51509905,0.628146
0,0,1,1,0,0,0,0,0,0,0,0,0.25,0.3097331,0.27896243
0,1,1,1,0,0,0,0,0,0,0,0,0.11,0.29304034,0.26857057
0,1,1,0,0,0,1,1,0,0,1,0,0.22,0.28144398,0.2122496
0,1,1,1,0,1,0,0,0,0,0,0,0.47,0.36676136,0.38745925
0,1,1,1,0,0,0,1,0,0,0,0,0.63,0.36297962,0.33684534
0,1,1,1,0,1,0,0,0,0,0,0,0.36,0.34175688,0.35640252
0,1,1,1,0,0,0,0,0,0,0,0,0.47,0.31783777,0.3006884
0,1,1,1,0,0,0,0,0,0,0,0,0.32,0.27281374,0.24340406
0,0,0,1,0,0,0,0,0,0,1,0,0.38,0.3933112,0.36392796
0,1,1,1,0,0,0,0,1,1,0,0,0.43,0.428023,0.452617
0,1,1,1,0,0,0,0,1,0,0,0,0.23,0.2945268,0.27886018
0,1,1,1,0,0,0,0,0,0,0,0,0.2,0.24596378,0.21472812
0,1,1,0,0,0,1,0,0,0,0,0,0.53,0.34692687,0.33933643
0,1,1,1,0,0,0,0,0,0,0,0,0.22,0.26593536,0.23538439
0,1,1,1,0,1,0,0,0,0,0,0,0.41,0.30583978,0.31329015
0,0,0,1,0,0,0,0,0,0,0,0,0.26,0.3339188,0.3182388
0,1,1,1,0,0,1,0,0,1,0,0,0.17,0.27502474,0.25092286
0,1,1,0,0,0,0,0,0,0,0,0,0.54,0.37564573,0.39400387
0,1,1,1,0,0,0,0,1,1,0,0,0.47,0.26663008,0.24000104
0,0,1,1,0,0,0,0,0,1,0,0,0.39,0.31790793,0.2708333
0,0,0,0,0,0,0,0,0,0,0,0,0.26,0.30217537,0.24206941
0,1,1,1,0,0,0,0,0,0,0,0,0.25,0.35669094,0.3549413
0,0,1,1,0,0,0,0,0,0,0,1,0.48,0.3970788,0.37451395
0,0,1,1,0,0,0,0,0,0,0,1,0.19,0.29161888,0.23592691
0,0,0,0,0,0,0,0,0,1,0,1,0.18,0.2926015,0.19410445
0,0,0,1,0,0,0,0,0,0,0,0,0.68,0.4967533,0.60624754
0,1,1,1,0,0,0,0,0,0,0,0,0.53,0.37664703,0.38522166
0,0,0,1,0,0,0,0,0,0,0,0,0.47,0.33831966,0.32484207
0,1,1,1,0,0,0,0,0,0,0,0,0.37,0.3975141,0.41838756
0,1,1,1,0,1,1,0,0,0,0,0,0.48,0.3353197,0.36444658
0,1,1,1,0,0,0,0,0,0,0,0,0.27,0.27949765,0.251576
0,0,0,0,0,0,1,0,0,0,0,0,0.63,0.4993116,0.66202325
0,1,1,1,0,0,0,0,1,0,0,0,0.15,0.30662927,0.29393244
0,1,1,1,0,0,0,0,0,0,0,0,0.27,0.2648763,0.23419528
0,0,0,1,0,0,1,0,0,0,0,0,0.62,0.5278675,0.6854092
0,1,1,1,0,0,0,0,0,0,0,0,0.24,0.2840012,0.25719005
0,0,1,1,0,0,0,0,0,0,0,1,0.32,0.3141404,0.26202813
0,1,1,1,0,0,0,0,0,0,0,0,0.2,0.34818158,0.3424852
0,0,0,1,0,0,0,0,0,0,0,0,0.13,0.30942625,0.28451985
0,1,1,1,0,0,0,0,0,0,0,0,0.15,0.24487881,0.21365428
0,1,1,1,0,0,1,1,1,0,0,0,0.26,0.3158393,0.29286733
0,1,1,1,0,0,0,0,0,0,0,0,0.23,0.30322823,0.28160238
0,1,1,1,0,0,0,0,0,0,0,0,0.22,0.31822345,0.30119985
0,0,0,1,0,0,0,0,0,0,0,0,0.24,0.3942194,0.41878065
0,1,1,1,0,0,0,0,0,0,0,0,0.22,0.25808185,0.22691898
0,1,1,1,0,0,0,0,0,0,0,0,0.22,0.2744754,0.24541211
0,1,1,1,0,0,0,0,1,0,1,0,0.23,0.3457411,0.28680107
0,1,1,1,0,0,0,0,0,0,0,0,0.26,0.3657381,0.36847752
0,1,1,1,0,0,0,0,1,1,0,0,0.41,0.32531652,0.30591226
0,0,1,0,0,0,0,0,0,0,0,0,1.0,0.4457187,0.47258577
0,1,1,1,0,0,0,0,1,0,0,0,0.52,0.35178214,0.35363132
0,0,0,1,0,0,0,1,0,0,0,0,0.1,0.31443453,0.24993733
0,1,1,1,0,0,1,0,0,0,0,0,1.0,0.55010664,0.6809327
0,1,1,1,0,0,0,0,1,1,0,0,0.54,0.44771823,0.48589316
0,1,1,1,0,0,0,0,1,1,0,0,0.33,0.2874681,0.26151597
0,1,1,1,0,1,0,0,0,0,0,0,0.65,0.5146142,0.6024819
0,0,0,1,0,0,0,0,0,0,0,0,0.21,0.34964734,0.34248605
0,1,1,1,0,0,1,0,0,0,0,0,0.26,0.26721066,0.23397096
0,1,1,1,0,0,0,0,1,0,0,0,0.31,0.34134886,0.33948502
0,0,0,1,0,0,0,0,0,0,0,1,0.21,0.35388392,0.2862386
0,1,1,1,0,0,0,0,0,0,0,0,0.28,0.2827735,0.25565356
0,1,1,1,0,0,0,0,0,0,0,0,1.0,0.7100959,0.80067223
0,1,1,1,0,0,0,0,0,0,0,0,1.0,0.5139222,0.6173631
0,0,1,1,0,0,1,0,0,1,0,1,0.35,0.28936344,0.2910848
0,1,1,1,0,1,0,0,0,0,0,0,0.42,0.40788537,0.4435491
0,0,0,1,0,0,0,0,0,0,0,0,0.31,0.2997566,0.27251548
0,1,1,1,0,0,0,0,0,0,0,0,0.49,0.33591914,0.32497227
0,1,1,0,0,1,0,0,0,0,0,0,0.63,0.48730725,0.6041939
0,1,1,0,0,0,1,0,0,0,0,0,0.5,0.37024933,0.37826315
0,1,1,1,0,0,0,0,0,0,0,0,0.28,0.3125441,0.29371658
0,1,1,1,0,0,0,0,1,0,0,0,0.22,0.30617505,0.29335666
0,1,1,1,0,0,0,0,0,1,0,0,0.33,0.3577616,0.35869426
0,1,1,1,0,0,0,0,0,0,0,0,0.28,0.30662358,0.28600383
0,0,1,1,0,0,0,0,0,1,0,0,0.28,0.3540024,0.31409505
1,1,1,1,0,0,0,0,0,0,0,0,0.43,0.44114655,0.49722657
0,1,1,0,0,0,0,1,0,0,1,0,0.48,0.42882776,0.46531636
0,1,1,0,0,0,1,0,0,1,0,0,0.43,0.3568372,0.3834771
0,1,1,1,0,0,0,0,0,0,0,0,0.34,0.36985475,0.3747614
0,1,1,1,0,0,0,0,0,0,0,0,0.31,0.34606948,0.33942622
0,1,1,1,0,0,0,0,0,0,0,0,0.36,0.2959436,0.2722733
0,1,1,1,0,0,0,0,0,0,0,0,0.4,0.68527037,0.7836367
0,1,1,1,0,0,0,0,1,0,0,0,0.28,0.28329322,0.26544142
0,1,1,0,0,0,0,0,0,0,0,0,0.3,0.38686532,0.41270322
0,1,1,1,0,0,0,1,1,1,1,0,0.28,0.41304383,0.40092888
0,1,1,1,0,0,0,0,0,0,0,0,0.25,0.29839045,0.27539647
0,0,1,1,0,0,0,0,0,0,0,0,0.65,0.500067,0.5645984
0,1,1,0,0,0,0,0,0,0,0,0,0.31,0.3525643,0.3557097
0,0,1,1,0,0,0,0,0,0,0,1,0.25,0.32735705,0.27823025
0,1,1,1,0,0,0,0,0,0,0,0,0.5,0.42396426,0.46476698
0,1,1,1,0,0,0,0,0,0,0,0,0.62,0.38491684,0.39810258
0,1,1,1,0,0,0,0,0,0,0,0,0.27,0.3282504,0.31450963
0,0,0,1,0,0,0,0,0,0,0,0,0.6,0.4207794,0.47031683
0,0,1,0,0,0,1,0,0,0,0,1,0.43,0.41226515,0.40095425
0,1,1,1,0,0,0,0,0,0,0,0,0.26,0.29497117,0.27102986
0,1,1,1,0,0,0,0,0,0,0,0,1.0,0.72636324,0.81068027
0,1,1,1,0,0,0,0,0,0,0,0,0.71,0.44632727,0.5060576
0,0,0,1,0,0,0,0,0,0,0,0,0.37,0.31680313,0.2942224
0,1,1,1,0,0,0,0,0,0,0,0,0.46,0.54153836,0.6523468
0,0,1,1,0,0,1,0,0,0,0,1,0.2,0.3355572,0.31855267
0,1,1,1,0,0,0,0,0,0,0,0,0.23,0.34475678,0.33753178
0,0,0,1,0,0,0,0,0,0,0,1,0.31,0.336844,0.26074117
0,0,1,1,0,0,0,0,0,0,0,0,0.36,0.3190125,0.29157162
0,1,1,1,0,1,0,1,0,0,1,0,0.32,0.44005424,0.51551044
0,1,1,1,0,0,0,0,0,0,0,0,0.25,0.29534447,0.27150676
0,1,1,1,0,0,0,0,0,0,0,0,0.29,0.26618785,0.23566851
0,0,1,1,0,0,0,0,0,0,0,1,1.0,0.63719684,0.77196836
0,0,0,1,0,0,0,0,0,0,0,0,0.33,0.32929856,0.31152624
0,1,1,1,0,0,0,0,0,0,0,0,0.36,0.2869088,0.26083335
0,1,1,1,0,0,0,0,0,0,0,0,0.56,0.36966854,0.37447625
0,1,1,1,0,0,0,0,0,0,0,0,0.29,0.2999497,0.2773876
0,1,1,0,0,1,1,0,0,0,0,0,0.21,0.2687677,0.22886877
0,1,1,1,0,0,1,0,0,1,0,0,0.37,0.3600331,0.35425833
0,1,1,1,0,0,0,1,0,0,1,0,0.33,0.32926863,0.3368148
0,1,1,1,0,0,0,0,0,0,0,0,0.36,0.29506782,0.27115327
0,1,1,1,0,0,0,0,1,1,0,0,0.21,0.44587833,0.48271352
0,1,1,1,0,0,0,0,0,0,0,0,0.39,0.39703482,0.41760445
0,1,1,0,0,0,0,0,0,0,0,0,0.12,0.2842923,0.255052
0,1,1,1,0,0,0,0,0,0,0,0,0.34,0.2814731,0.25402945
0,1,1,1,0,0,0,0,0,0,0,0,0.21,0.30563605,0.28472048
0,0,0,1,0,0,0,0,0,0,0,0,0.31,0.34211558,0.33063912
0,1,1,1,0,0,0,0,0,0,0,0,0.35,0.32391196,0.30874217
0,1,1,1,0,0,0,0,0,0,1,0,1.0,0.39554116,0.41492787
0,1,1,1,0,0,0,0,1,1,0,0,0.04,0.5546089,0.6416322
0,1,1,1,0,0,1,0,0,0,0,0,0.27,0.2969022,0.2691811
0,1,1,0,0,1,1,1,0,0,1,0,0.49,0.43056425,0.42952767
0,1,1,1,0,0,0,1,0,0,0,0,0.05,0.4615386,0.49254885
0,1,1,1,0,0,0,0,0,0,0,0,0.26,0.4290575,0.47400838
0,1,1,1,0,0,0,0,0,0,0,0,0.3,0.3078277,0.2875694
0,1,1,1,0,0,0,0,0,0,0,0,0.37,0.381401,0.39260736
0,1,1,1,0,0,0,0,0,0,0,0,0.5,0.37835234,0.38786513
0,1,1,1,0,0,0,0,0,0,0,0,0.5,0.33223385,0.31990147
0,0,0,0,0,0,0,0,0,1,0,0,0.26,0.35508126,0.29074016
0,0,1,1,0,0,0,0,0,0,0,0,0.22,0.29963702,0.26593032
0,1,1,1,0,0,0,0,0,0,0,0,0.03,0.3050883,0.2840101
0,1,1,1,0,0,0,0,0,0,0,0,0.45,0.49536592,0.5911009
0,0,0,1,0,0,1,0,0,0,0,0,0.24,0.29756063,0.28409323
0,1,1,1,0,0,0,0,1,1,0,0,0.41,0.37203956,0.3681087
0,1,1,1,0,0,0,0,0,0,0,0,0.25,0.31077823,0.2914106
0,1,1,1,0,0,0,0,0,0,0,0,0.16,0.33305818,0.3210287
0,1,1,1,0,0,0,0,0,0,0,0,0.41,0.43128043,0.47808805
0,1,1,1,0,1,0,0,0,0,0,0,0.27,0.3600618,0.3790566
0,1,1,1,0,1,0,0,0,0,0,0,0.25,0.36108243,0.38033217
0,1,1,1,0,0,0,0,0,0,0,0,0.45,0.3403849,0.3312604
0,0,1,0,0,0,1,0,0,0,0,1,0.53,0.42363232,0.4218877
0,1,1,1,0,0,0,0,1,1,0,0,0.42,0.3990787,0.40821034
0,0,0,0,0,0,0,0,0,0,0,0,0.47,0.42395893,0.44849506
0,1,1,1,0,0,1,0,0,0,0,0,0.18,0.27984557,0.24850135
0,1,1,1,0,0,0,0,0,0,0,0,1.0,0.66879094,0.7709673
0,0,1,1,0,0,0,0,0,0,0,1,0.29,0.29106244,0.23530936
0,1,1,1,0,0,0,0,0,0,0,0,0.45,0.3188095,0.3019775
0,1,1,1,0,0,1,1,0,0,0,0,0.23,0.31194538,0.30880612
0,1,1,0,0,0,1,0,0,0,0,0,0.25,0.29231608,0.26264697
0,0,0,1,0,0,0,0,0,0,0,1,0.13,0.30693027,0.22236642
0,1,1,1,0,0,0,0,0,0,0,0,0.4,0.38118848,0.3922761
0,1,1,1,0,1,0,0,1,0,0,0,0.3,0.34088778,0.3390588
0,1,1,1,0,0,0,0,0,0,0,0,0.43,0.37275726,0.37921765
0,1,1,1,0,0,0,0,0,0,0,0,0.53,0.40753618,0.4354101
0,1,1,1,0,0,0,0,0,0,0,0,0.18,0.37723455,0.3861316
0,1,1,1,0,0,0,0,1,1,0,0,0.24,0.37281334,0.36923155
0,0,1,1,0,0,0,0,0,0,0,1,0.11,0.33302516,0.2853654
0,0,1,1,0,0,0,0,0,0,0,1,0.31,0.30661327,0.25309262
0,1,1,1,0,0,1,0,0,0,0,0,0.33,0.27224568,0.23969486
0,1,1,1,0,0,0,0,1,1,0,0,0.26,0.3309366,0.31294674
0,1,1,1,0,0,0,0,1,1,0,0,0.35,0.3266944,0.30762815
0,1,1,1,0,0,1,0,0,0,0,0,0.35,0.41007915,0.43488678
0,0,1,1,0,0,0,0,0,0,0,1,0.21,0.32363346,0.27359858
0,1,1,1,0,0,0,0,0,0,0,0,0.04,0.544099,0.6554133
0,0,1,0,0,0,1,0,0,0,0,0,0.32,0.4117097,0.44347197
0,1,1,1,0,0,0,0,0,0,0,0,0.66,0.44300795,0.49975577
0,1,1,0,0,0,1,1,1,1,1,0,0.42,0.3705778,0.3858629
0,0,0,0,0,0,1,0,0,1,0,0,0.29,0.37731805,0.33860248
0,1,1,1,0,0,0,0,0,0,0,0,0.26,0.31001592,0.290418
0,1,1,1,0,0,0,0,0,0,0,0,0.26,0.48788437,0.5797869
0,0,1,0,0,0,0,0,0,0,0,0,0.27,0.30392104,0.272979
0,1,1,1,0,0,1,0,0,0,0,0,0.25,0.31696385,0.2954805
0,1,1,1,0,0,0,0,0,0,0,0,0.3,0.3581317,0.3570707
0,1,1,1,0,0,0,0,0,0,0,0,0.17,0.29168385,0.26684666
0,1,1,1,0,1,0,0,0,0,0,0,0.4,0.30646828,0.31402832
0,0,1,0,0,0,1,0,0,0,0,0,0.47,0.34406334,0.33676076
0,0,0,1,0,0,0,0,0,0,0,0,0.2,0.3149521,0.29172575
0,0,0,1,0,0,0,0,0,0,0,0,0.29,0.29006955,0.2610703
0,1,1,1,0,0,0,0,0,0,0,0,0.39,0.32264328,0.30706537
0,1,1,1,0,0,0,0,1,1,0,0,0.51,0.4706537,0.52557117
0,1,1,1,0,0,0,0,1,1,0,0,0.23,0.30472252,0.2807918
0,1,1,1,0,0,0,1,0,1,1,0,0.45,0.33754027,0.3471922
0,1,1,1,0,0,0,0,0,0,0,0,0.42,0.3104292,0.29095584
0,1,1,1,0,0,0,0,0,0,0,0,0.34,0.36667866,0.36990947
0,0,1,0,0,0,0,0,0,0,0,0,0.31,0.32742226,0.30390114
0,1,1,1,0,0,0,0,0,0,1,0,1.0,0.7347993,0.81039464
0,1,1,1,0,0,0,0,0,0,0,0,0.32,0.38097563,0.3919444
0,0,1,1,0,0,0,0,0,0,0,0,0.3,0.29815918,0.26406693
0,1,1,1,0,0,0,0,1,0,0,0,0.32,0.34611934,0.34593484
0,0,1,1,0,0,0,0,0,0,0,1,0.03,0.33649868,0.28979197
0,1,1,1,0,0,0,0,0,0,0,0,0.24,0.37342945,0.38025257
0,0,1,1,0,0,0,0,1,0,0,0,0.34,0.36124328,0.36812106
0,1,1,1,0,0,0,0,0,0,0,0,0.31,0.35103732,0.34664217
0,1,1,1,0,0,0,0,0,0,0,0,0.46,0.3378295,0.32762867
0,0,0,1,0,0,1,0,0,1,0,0,0.52,0.44729003,0.4953143
0,1,1,1,0,0,0,0,0,0,0,0,0.35,0.32880488,0.31525093
0,1,1,1,0,0,0,0,0,0,0,0,0.33,0.33535224,0.32418615
0,1,1,1,0,0,0,0,0,0,0,0,0.55,0.42127982,0.45993757
0,1,1,1,0,0,0,0,0,0,0,0,0.31,0.28946856,0.26404595
0,1,1,1,0,0,0,0,1,0,0,0,0.3,0.64082277,0.6971692
0,0,1,1,0,0,0,0,1,1,0,1,0.39,0.39537984,0.40034232
0,0,1,1,0,0,0,0,0,0,0,1,0.41,0.40028983,0.379344
0,1,1,1,0,0,0,0,0,0,0,0,0.27,0.35691357,0.35526997
0,1,1,1,0,0,0,0,0,0,0,0,0.3,0.3090213,0.28912205
0,1,1,1,0,0,0,0,0,0,0,0,0.22,0.292952,0.26845807
0,1,1,1,0,0,0,0,0,0,0,0,0.09,0.27347693,0.24420413
0,1,1,1,0,0,0,0,0,0,0,0,0.14,0.3245296,0.30955973
0,1,1,0,0,0,1,1,0,0,1,0,0.47,0.4772501,0.5321797
0,1,1,0,0,0,1,0,0,0,0,0,0.12,0.3473974,0.34007186
1,1,1,1,0,0,0,0,0,0,0,0,0.17,0.26786155,0.2500593
0,1,1,1,0,0,0,0,0,1,0,0,0.07,0.29604134,0.27670923
0,1,1,0,0,0,1,1,1,1,1,0,0.36,0.3062708,0.28655854
0,1,1,1,0,0,0,0,0,0,0,0,0.67,0.44827062,0.50975055
0,0,1,1,0,0,0,0,1,1,0,1,0.83,0.37701863,0.3733981
0,1,1,1,0,1,0,0,0,0,0,0,0.43,0.37120265,0.39306352
0,1,1,1,0,0,0,1,0,0,1,0,0.53,0.41377878,0.4483862
0,1,1,1,0,0,0,0,0,0,0,0,0.46,0.44304547,0.4998258
0,1,1,1,0,0,0,0,0,0,0,0,0.59,0.4778227,0.56339234
0,0,0,0,0,0,1,0,0,0,0,0,0.1,0.31302857,0.26868114
0,1,1,1,0,0,0,0,1,1,0,0,0.56,0.46067852,0.5083339
1,1,1,1,0,1,0,0,0,0,0,0,0.28,0.32646936,0.30760446
0,1,1,1,0,0,0,0,0,0,0,0,0.11,0.29732418,0.27404004
0,1,1,1,0,0,0,0,0,0,0,0,0.58,0.31517717,0.29717246
0,0,0,1,0,0,0,0,0,0,0,1,0.21,0.274497,0.1884179
0,1,1,1,0,0,0,0,0,0,0,0,0.31,0.27723354,0.24878351
0,1,1,1,0,0,0,0,1,0,0,0,0.04,0.39886355,0.42052102
0,1,1,0,0,0,0,1,0,0,1,0,0.19,0.2715694,0.21682397
0,1,1,1,0,0,0,0,0,0,0,0,0.31,0.34208995,0.33369926
0,0,1,1,0,0,0,0,0,0,0,1,0.46,0.4920264,0.54807615
0,1,1,1,0,0,0,0,1,1,0,0,0.43,0.32866138,0.31008735
0,1,1,1,0,0,1,0,0,0,0,0,0.28,0.29451308,0.266203
1,1,1,1,0,0,0,0,0,0,0,0,0.46,0.3311311,0.32902306
0,1,1,1,0,0,1,0,0,0,0,0,0.03,0.3316354,0.31534314
0,1,1,1,0,0,0,0,0,0,0,0,0.3,0.32214245,0.30640483
0,1,1,1,0,0,0,0,0,0,0,0,0.28,0.35660225,0.35481042
0,0,1,1,0,0,0,0,0,0,0,0,0.46,0.48160625,0.5354476
0,1,1,1,0,0,1,0,0,0,0,0,0.5,0.45398682,0.51262677
0,1,1,1,0,0,0,0,1,0,0,0,0.28,0.32535642,0.31815967
0,1,1,1,0,0,0,0,0,0,0,0,0.22,0.26609722,0.23556653
0,1,1,1,0,1,0,0,1,0,0,0,0.35,0.32816723,0.32321328
0,1,1,1,0,0,0,0,0,0,0,0,0.27,0.39665234,0.41697988
0,1,1,1,0,0,0,0,0,0,0,0,0.45,0.34220287,0.3338611
0,1,1,1,0,0,0,0,0,0,0,0,0.27,0.37310585,0.37975425
0,1,1,1,0,1,1,0,0,0,0,0,0.25,0.42504302,0.5060038
0,1,1,1,0,0,0,0,1,1,0,0,0.4,0.31848958,0.29748344
0,0,1,1,0,0,0,0,0,0,0,0,0.88,0.60766554,0.6926857
0,0,1,1,0,0,0,0,0,0,0,0,0.19,0.28577226,0.24918096
0,1,1,1,0,0,0,0,0,0,0,0,0.27,0.3528901,0.34935182
0,1,1,1,0,1,0,0,0,0,0,0,0.25,0.31224856,0.32076016
0,1,1,1,0,1,0,0,1,0,0,0,0.77,0.636845,0.7174789
0,0,1,1,0,0,0,0,1,1,0,0,0.22,0.30665144,0.27446637
0,0,0,1,0,0,0,0,0,0,0,0,0.32,0.47121024,0.5666336
0,0,1,1,0,0,0,0,0,0,0,1,0.54,0.39421988,0.37023422
0,1,1,1,0,0,0,0,0,0,0,0,0.4,0.3417501,0.3332124
0,1,1,1,0,0,0,0,0,0,0,0,0.21,0.34145936,0.33279622
0,1,1,1,0,0,0,0,0,0,0,0,0.36,0.34332648,0.33547357
0,1,1,1,0,0,0,0,1,1,0,0,0.24,0.3046549,0.28071088
0,1,1,1,0,0,0,0,0,0,1,0,0.94,0.6550236,0.75561005
0,1,1,1,0,0,0,0,1,1,0,0,0.04,0.33034384,0.3122004
0,1,1,1,0,0,0,0,0,1,0,0,0.23,0.3677089,0.37328506
0,1,1,1,0,0,0,0,1,1,0,0,0.61,0.40547165,0.41791314
0,0,1,1,0,0,0,0,0,0,0,1,0.44,0.30503982,0.25125086
0,0,1,1,0,0,0,0,0,0,0,0,0.04,0.41717154,0.4351368
0,1,1,1,0,0,0,0,1,0,0,0,0.52,0.33698288,0.33362764
0,1,1,1,0,0,0,0,0,0,0,0,0.14,0.27928343,0.25131088
0,1,1,0,0,0,0,0,0,1,0,0,0.41,0.3221552,0.2876456
0,1,1,1,0,0,0,0,0,0,0,0,0.21,0.30828673,0.28816593
0,1,1,1,0,0,0,0,0,0,0,0,0.42,0.45290652,0.5185259
0,1,1,0,0,0,0,0,0,0,0,0,0.48,0.4354022,0.49780282
0,1,1,1,0,0,0,0,0,0,0,0,0.25,0.275722,0.24693093
0,1,1,1,0,0,0,0,0,0,0,0,0.3,0.29003915,0.26476556
0,1,1,0,0,0,1,0,0,0,1,0,0.17,0.33567083,0.26663223
0,1,1,1,0,1,0,0,0,0,0,0,0.25,0.32298404,0.3334287
0,1,1,1,0,0,0,0,1,1,1,0,0.38,0.39281014,0.3777436
0,1,1,1,0,0,0,0,0,0,0,0,0.31,0.3701077,0.37514895
0,1,1,1,0,0,0,0,0,0,0,0,0.46,0.46711636,0.5445365
0,1,1,1,0,0,0,0,0,0,0,0,0.8,0.50668174,0.60729516
0,1,1,1,0,0,0,0,1,1,0,0,0.29,0.31633893,0.29485404
0,1,1,1,0,0,0,0,0,0,0,0,0.22,0.29849693,0.27553216
0,1,1,1,0,0,0,0,0,0,0,0,0.26,0.33746877,0.3271262
0,1,1,1,0,0,1,0,0,0,0,0,0.39,0.4373015,0.48243466
0,1,1,1,0,0,0,0,0,0,0,0,0.54,0.52419627,0.63075465
0,1,1,1,0,0,0,0,0,0,0,0,0.22,0.28616604,0.2599003
0,1,1,1,0,0,0,0,0,0,0,0,0.26,0.286829,0.2607336
0,1,1,0,0,0,0,0,0,0,0,0,0.27,0.29853877,0.27331105
0,1,1,1,0,0,0,0,0,0,0,0,0.04,0.28341275,0.25645465
0,1,1,1,0,0,0,0,0,0,0,0,0.77,0.39584604,0.41566396
0,1,1,1,0,0,0,0,0,0,0,0,0.57,0.33122686,0.31852698
0,1,1,1,0,0,0,0,0,0,0,0,0.61,0.36243948,0.3634738
0,1,1,1,0,0,0,0,1,1,0,0,0.68,0.4797651,0.54102886
0,0,1,1,0,0,0,0,0,0,0,0,0.86,0.6366685,0.7155801
0,0,1,0,0,0,1,0,0,0,0,1,0.13,0.3118164,0.24387805
0,1,1,1,0,0,0,0,1,0,0,0,0.33,0.26659203,0.2464709
0,1,1,1,0,0,0,0,0,0,0,0,0.28,0.3159642,0.29820997
0,1,1,1,0,0,0,0,0,0,0,0,0.53,0.43456236,0.48411608
0,1,1,1,0,0,0,0,0,0,0,0,0.44,0.25697994,0.22579595
0,1,1,1,0,0,0,0,0,0,0,0,1.0,0.72793597,0.811621
0,0,0,1,0,0,1,0,0,0,0,0,0.38,0.35847014,0.3821146
1,1,1,1,0,0,0,0,0,0,0,0,0.54,0.4565045,0.51935595
0,1,1,1,0,0,0,0,1,1,0,0,0.19,0.29347837,0.26802945
0,1,1,1,0,0,0,0,0,0,0,0,0.41,0.3985977,0.4201595
0,1,1,1,0,1,0,0,0,0,0,0,0.32,0.39208823,0.42089787
0,0,0,0,0,0,0,0,0,0,0,0,0.3,0.32189938,0.26840505
0,1,1,1,0,0,0,0,0,0,0,0,1.0,0.7461747,0.8218094
0,1,1,1,0,0,0,0,0,0,0,0,0.11,0.26082334,0.22976968
0,1,1,1,0,0,1,0,0,0,0,0,0.27,0.32024392,0.29990798
0,1,1,1,0,0,0,0,1,1,0,0,0.24,0.29299277,0.26749915
0,1,1,1,0,1,0,1,0,1,1,0,0.28,0.3015143,0.30162096
0,1,1,1,0,1,0,0,0,0,0,0,0.35,0.3425556,0.35739365
0,0,1,0,0,1,0,0,0,0,0,0,0.03,0.33532616,0.26323205
0,1,1,1,0,0,0,0,0,0,0,0,0.38,0.4793496,0.5660098
0,1,1,1,0,0,0,0,0,0,0,0,0.68,0.35794312,0.35679168
0,1,1,1,0,0,0,0,0,0,0,0,0.08,0.30033237,0.27787763
0,1,1,1,0,0,0,0,0,0,0,0,0.41,0.4103853,0.4404382
0,1,1,1,0,0,0,0,0,0,0,0,0.31,0.34363085,0.33591104
0,1,1,1,0,0,0,0,0,0,0,0,0.8,0.42085433,0.4591728
0,0,1,0,0,0,1,0,0,0,0,1,0.46,0.39251202,0.3656903
0,1,1,1,0,0,0,0,1,0,0,0,0.37,0.36572796,0.37282306
0,1,1,1,0,0,0,0,0,0,0,0,0.51,0.34388068,0.33627033
0,1,1,1,0,0,0,0,0,0,0,0,0.28,0.29735947,0.27408487
0,0,1,1,0,0,1,0,0,0,0,0,0.32,0.37591633,0.39437443
0,1,1,1,0,0,0,0,1,0,0,0,0.66,0.41750994,0.44868118
0,1,1,1,0,0,0,0,0,0,0,0,0.17,0.27418956,0.24506588
0,1,1,0,0,0,0,0,1,1,0,0,0.53,0.47278777,0.59330666
0,0,0,0,0,0,1,0,0,0,0,0,0.2,0.3052604,0.25735435
0,0,1,1,0,0,0,0,0,0,0,1,0.51,0.52663624,0.61720854
0,1,1,1,0,0,0,0,1,1,0,0,0.27,0.40111,0.41129223
0,0,1,1,0,0,0,0,1,1,0,1,0.47,0.40161481,0.4096911
1,1,1,1,0,1,0,0,0,0,0,0,0.32,0.32887974,0.3106343
0,0,1,1,0,0,0,0,0,0,0,0,0.28,0.35506666,0.3436502
0,1,1,1,0,0,0,0,0,0,0,0,0.3,0.60105914,0.7112187
0,0,1,1,0,0,0,0,1,0,0,1,0.35,0.3113052,0.27305895
0,1,1,1,0,0,1,0,0,0,0,0,0.27,0.27630123,0.24437368
0,1,1,1,0,0,0,0,0,0,0,0,0.96,0.42029333,0.4581647
0,1,1,1,0,0,0,0,1,1,0,0,0.64,0.55268365,0.639318
0,0,0,1,0,0,0,0,0,0,0,0,0.63,0.6273568,0.7303526
0,1,1,1,0,0,0,0,0,0,0,0,0.83,0.51224643,0.6150769
0,1,1,1,0,0,0,0,0,1,0,0,0.38,0.30342722,0.28586057
0,1,1,1,0,0,0,0,0,0,0,0,1.0,0.5636754,0.6773748
0,1,1,1,0,0,0,0,0,0,0,0,0.55,0.35714513,0.35561195
0,1,1,1,0,0,0,0,0,0,0,0,0.56,0.40315613,0.42780066
0,0,0,1,0,0,0,0,0,0,0,0,0.22,0.33707246,0.3229536
1,1,1,1,0,0,0,0,0,0,0,0,0.34,0.3650856,0.3783237
0,1,1,1,0,1,0,0,0,0,0,0,0.35,0.26128617,0.26408225
0,1,1,1,0,0,0,0,0,0,0,0,0.2,0.40802336,0.43626165
0,0,1,1,0,0,1,0,0,0,0,0,0.6,0.5737833,0.68255967
0,0,1,1,0,0,1,0,0,0,0,0,0.73,0.5257991,0.6192417
0,0,0,1,0,0,0,0,0,0,0,0,0.25,0.34928772,0.3419138
0,1,1,0,0,0,1,1,0,0,1,0,0.38,0.3855936,0.3487933
0,0,1,1,0,0,0,0,0,0,0,0,0.74,0.5369574,0.61787444
0,1,1,1,0,0,0,0,1,1,0,0,0.29,0.34241438,0.32755032
0,1,1,1,0,0,1,0,0,0,0,0,0.46,0.31524175,0.2931574
0,0,1,1,0,0,0,0,0,0,0,0,0.38,0.41482773,0.4315082
0,1,1,1,0,0,0,0,0,0,0,0,0.18,0.3454749,0.33856747
0,1,1,0,0,0,0,1,0,0,1,0,0.45,0.38828316,0.38473278
0,1,1,1,0,0,0,0,0,0,0,0,0.31,0.43513757,0.48517308
0,1,1,1,0,0,0,0,0,0,0,0,0.23,0.37400025,0.3811323
0,0,0,0,0,0,0,0,0,0,0,0,0.3,0.310187,0.25244883
0,0,1,1,0,0,0,0,0,0,0,1,0.44,0.4278079,0.42520732
0,1,1,1,0,0,0,0,0,0,0,0,0.31,0.38053364,0.391256
0,1,1,1,0,0,0,0,0,0,0,0,0.2,0.31523404,0.29724735
0,1,1,1,0,0,0,0,0,0,0,0,0.4,0.35182875,0.3477984
0,1,1,1,0,0,0,0,0,0,0,0,0.5,0.30182165,0.2797897
0,1,1,0,0,0,0,0,1,1,0,0,0.51,0.37443978,0.39298594
0,1,1,1,0,0,0,0,0,0,0,0,0.44,0.36256745,0.3636674
0,1,1,1,0,0,0,0,0,0,0,0,0.31,0.27191103,0.24231789
0,1,1,1,0,0,0,0,0,0,0,0,0.31,0.39018375,0.40646142
0,0,0,1,0,0,0,0,0,0,0,1,0.15,0.26010326,0.17528558
0,1,1,1,0,0,0,0,0,0,0,0,0.7,0.34391937,0.33632594
0,1,1,1,0,0,0,0,1,1,0,0,0.2,0.27954072,0.25317854
0,1,1,1,0,0,0,0,1,0,0,0,0.2,0.37180364,0.38140935
0,1,1,1,0,0,0,0,0,0,0,0,0.3,0.46754044,0.545295
