Id,Subject Focus,Eyes,Face,Near,Action,Accessory,Group,Collage,Human,Occlusion,Info,Blur,Pawpularity
train_1,,,,,,,,,,,,,1
train_2,,,,,,,,,,,,,1
train_3,,,,,,,,,,,,,1
train_4,,,,,,,,,,,,,5
train_5,,,,,,,,,,,,,1
train_6,,,,,,,,,,,,,1
train_7,,,,,,,,,,,,,5
train_8,,,,,,,,,,,,,1
train_9,,,,,,,,,,,,,5
train_10,,,,,,,,,,,,,5
train_11,,,,,,,,,,,,,5
train_12,,,,,,,,,,,,,2
train_13,,,,,,,,,,,,,5
train_14,,,,,,,,,,,,,5
train_15,,,,,,,,,,,,,4
train_16,,,,,,,,,,,,,5
train_17,,,,,,,,,,,,,1
train_18,,,,,,,,,,,,,5
train_19,,,,,,,,,,,,,1
train_20,,,,,,,,,,,,,1
train_21,,,,,,,,,,,,,5
train_22,,,,,,,,,,,,,1
train_23,,,,,,,,,,,,,1
train_24,,,,,,,,,,,,,5
train_25,,,,,,,,,,,,,5
train_26,,,,,,,,,,,,,1
train_27,,,,,,,,,,,,,1
train_28,,,,,,,,,,,,,1
train_29,,,,,,,,,,,,,1
train_30,,,,,,,,,,,,,5
train_31,,,,,,,,,,,,,5
train_32,,,,,,,,,,,,,5
train_33,,,,,,,,,,,,,5
train_34,,,,,,,,,,,,,5
train_35,,,,,,,,,,,,,5
train_36,,,,,,,,,,,,,1
train_37,,,,,,,,,,,,,3
train_38,,,,,,,,,,,,,2
train_39,,,,,,,,,,,,,5
train_40,,,,,,,,,,,,,5
train_41,,,,,,,,,,,,,1
train_42,,,,,,,,,,,,,5
train_43,,,,,,,,,,,,,5
train_44,,,,,,,,,,,,,2
train_45,,,,,,,,,,,,,5
train_46,,,,,,,,,,,,,5
train_47,,,,,,,,,,,,,5
train_48,,,,,,,,,,,,,5
train_49,,,,,,,,,,,,,5
train_50,,,,,,,,,,,,,5
train_51,,,,,,,,,,,,,4
train_52,,,,,,,,,,,,,4
train_53,,,,,,,,,,,,,1
train_54,,,,,,,,,,,,,5
train_55,,,,,,,,,,,,,1
train_56,,,,,,,,,,,,,1
train_57,,,,,,,,,,,,,1
train_58,,,,,,,,,,,,,1
train_59,,,,,,,,,,,,,4
train_60,,,,,,,,,,,,,5
train_61,,,,,,,,,,,,,1
train_62,,,,,,,,,,,,,1
train_63,,,,,,,,,,,,,5
train_64,,,,,,,,,,,,,1
train_65,,,,,,,,,,,,,2
train_66,,,,,,,,,,,,,5
train_67,,,,,,,,,,,,,3
train_68,,,,,,,,,,,,,1
train_69,,,,,,,,,,,,,1
train_70,,,,,,,,,,,,,3
train_71,,,,,,,,,,,,,1
train_72,,,,,,,,,,,,,5
train_73,,,,,,,,,,,,,5
train_74,,,,,,,,,,,,,5
train_75,,,,,,,,,,,,,1
train_76,,,,,,,,,,,,,5
train_77,,,,,,,,,,,,,5
train_78,,,,,,,,,,,,,5
train_79,,,,,,,,,,,,,5
train_80,,,,,,,,,,,,,5
train_81,,,,,,,,,,,,,1
train_82,,,,,,,,,,,,,5
train_83,,,,,,,,,,,,,5
train_84,,,,,,,,,,,,,3
train_85,,,,,,,,,,,,,5
train_86,,,,,,,,,,,,,1
train_87,,,,,,,,,,,,,1
train_88,,,,,,,,,,,,,1
train_89,,,,,,,,,,,,,1
train_90,,,,,,,,,,,,,1
train_91,,,,,,,,,,,,,5
train_92,,,,,,,,,,,,,4
train_93,,,,,,,,,,,,,1
train_94,,,,,,,,,,,,,5
train_95,,,,,,,,,,,,,2
train_96,,,,,,,,,,,,,1
train_97,,,,,,,,,,,,,5
train_98,,,,,,,,,,,,,1
train_99,,,,,,,,,,,,,5
train_100,,,,,,,,,,,,,1
train_101,,,,,,,,,,,,,5
train_102,,,,,,,,,,,,,1
train_103,,,,,,,,,,,,,5
train_104,,,,,,,,,,,,,1
train_105,,,,,,,,,,,,,1
train_106,,,,,,,,,,,,,5
train_107,,,,,,,,,,,,,1
train_108,,,,,,,,,,,,,5
train_109,,,,,,,,,,,,,3
train_110,,,,,,,,,,,,,5
train_111,,,,,,,,,,,,,1
train_112,,,,,,,,,,,,,1
train_113,,,,,,,,,,,,,1
train_114,,,,,,,,,,,,,5
train_115,,,,,,,,,,,,,5
train_116,,,,,,,,,,,,,1
train_117,,,,,,,,,,,,,5
train_118,,,,,,,,,,,,,5
train_119,,,,,,,,,,,,,1
train_120,,,,,,,,,,,,,5
train_121,,,,,,,,,,,,,1
train_122,,,,,,,,,,,,,5
train_123,,,,,,,,,,,,,1
train_124,,,,,,,,,,,,,5
train_125,,,,,,,,,,,,,1
train_126,,,,,,,,,,,,,5
train_127,,,,,,,,,,,,,1
train_128,,,,,,,,,,,,,5
train_129,,,,,,,,,,,,,5
train_130,,,,,,,,,,,,,1
train_131,,,,,,,,,,,,,5
train_132,,,,,,,,,,,,,5
train_133,,,,,,,,,,,,,5
train_134,,,,,,,,,,,,,1
train_135,,,,,,,,,,,,,5
train_136,,,,,,,,,,,,,1
train_137,,,,,,,,,,,,,1
train_138,,,,,,,,,,,,,5
train_139,,,,,,,,,,,,,5
train_140,,,,,,,,,,,,,1
train_141,,,,,,,,,,,,,1
train_142,,,,,,,,,,,,,1
train_143,,,,,,,,,,,,,5
train_144,,,,,,,,,,,,,5
train_145,,,,,,,,,,,,,1
train_146,,,,,,,,,,,,,5
train_147,,,,,,,,,,,,,5
train_148,,,,,,,,,,,,,3
train_149,,,,,,,,,,,,,5
train_150,,,,,,,,,,,,,1
train_151,,,,,,,,,,,,,5
train_152,,,,,,,,,,,,,5
train_153,,,,,,,,,,,,,1
train_154,,,,,,,,,,,,,1
train_155,,,,,,,,,,,,,2
train_156,,,,,,,,,,,,,5
train_157,,,,,,,,,,,,,5
train_158,,,,,,,,,,,,,2
train_159,,,,,,,,,,,,,1
train_160,,,,,,,,,,,,,1
train_161,,,,,,,,,,,,,5
train_162,,,,,,,,,,,,,5
train_163,,,,,,,,,,,,,5
train_164,,,,,,,,,,,,,5
train_165,,,,,,,,,,,,,1
train_166,,,,,,,,,,,,,2
train_167,,,,,,,,,,,,,1
train_168,,,,,,,,,,,,,3
train_169,,,,,,,,,,,,,1
train_170,,,,,,,,,,,,,1
train_171,,,,,,,,,,,,,5
train_172,,,,,,,,,,,,,5
train_173,,,,,,,,,,,,,5
train_174,,,,,,,,,,,,,1
train_175,,,,,,,,,,,,,5
train_176,,,,,,,,,,,,,1
train_177,,,,,,,,,,,,,5
train_178,,,,,,,,,,,,,1
train_179,,,,,,,,,,,,,5
train_180,,,,,,,,,,,,,5
train_181,,,,,,,,,,,,,5
train_182,,,,,,,,,,,,,1
train_183,,,,,,,,,,,,,1
train_184,,,,,,,,,,,,,5
train_185,,,,,,,,,,,,,4
train_186,,,,,,,,,,,,,4
train_187,,,,,,,,,,,,,5
train_188,,,,,,,,,,,,,1
train_189,,,,,,,,,,,,,5
train_190,,,,,,,,,,,,,5
train_191,,,,,,,,,,,,,5
train_192,,,,,,,,,,,,,3
train_193,,,,,,,,,,,,,1
train_194,,,,,,,,,,,,,5
train_195,,,,,,,,,,,,,5
train_196,,,,,,,,,,,,,3
train_197,,,,,,,,,,,,,5
train_198,,,,,,,,,,,,,1
train_199,,,,,,,,,,,,,5
train_200,,,,,,,,,,,,,1
train_201,,,,,,,,,,,,,1
train_202,,,,,,,,,,,,,5
train_203,,,,,,,,,,,,,1
train_204,,,,,,,,,,,,,1
train_205,,,,,,,,,,,,,1
train_206,,,,,,,,,,,,,5
train_207,,,,,,,,,,,,,1
train_208,,,,,,,,,,,,,3
train_209,,,,,,,,,,,,,5
train_210,,,,,,,,,,,,,1
train_211,,,,,,,,,,,,,1
train_212,,,,,,,,,,,,,5
train_213,,,,,,,,,,,,,5
train_214,,,,,,,,,,,,,5
train_215,,,,,,,,,,,,,5
train_216,,,,,,,,,,,,,1
train_217,,,,,,,,,,,,,1
train_218,,,,,,,,,,,,,5
train_219,,,,,,,,,,,,,1
train_220,,,,,,,,,,,,,1
train_221,,,,,,,,,,,,,5
train_222,,,,,,,,,,,,,5
train_223,,,,,,,,,,,,,1
train_224,,,,,,,,,,,,,1
train_225,,,,,,,,,,,,,1
train_226,,,,,,,,,,,,,5
train_227,,,,,,,,,,,,,1
train_228,,,,,,,,,,,,,1
train_229,,,,,,,,,,,,,5
train_230,,,,,,,,,,,,,4
train_231,,,,,,,,,,,,,5
train_232,,,,,,,,,,,,,2
train_233,,,,,,,,,,,,,5
train_234,,,,,,,,,,,,,5
train_235,,,,,,,,,,,,,5
train_236,,,,,,,,,,,,,1
train_237,,,,,,,,,,,,,1
train_238,,,,,,,,,,,,,1
train_239,,,,,,,,,,,,,5
train_240,,,,,,,,,,,,,5
train_241,,,,,,,,,,,,,4
train_242,,,,,,,,,,,,,1
train_243,,,,,,,,,,,,,1
train_244,,,,,,,,,,,,,5
train_245,,,,,,,,,,,,,1
train_246,,,,,,,,,,,,,5
train_247,,,,,,,,,,,,,5
train_248,,,,,,,,,,,,,1
train_249,,,,,,,,,,,,,1
train_250,,,,,,,,,,,,,1
train_251,,,,,,,,,,,,,1
train_252,,,,,,,,,,,,,5
train_253,,,,,,,,,,,,,5
train_254,,,,,,,,,,,,,1
train_255,,,,,,,,,,,,,1
train_256,,,,,,,,,,,,,1
train_257,,,,,,,,,,,,,1
train_258,,,,,,,,,,,,,2
train_259,,,,,,,,,,,,,5
train_260,,,,,,,,,,,,,1
train_261,,,,,,,,,,,,,1
train_262,,,,,,,,,,,,,1
train_263,,,,,,,,,,,,,5
train_264,,,,,,,,,,,,,1
train_265,,,,,,,,,,,,,5
train_266,,,,,,,,,,,,,1
train_267,,,,,,,,,,,,,5
train_268,,,,,,,,,,,,,5
train_269,,,,,,,,,,,,,5
train_270,,,,,,,,,,,,,5
train_271,,,,,,,,,,,,,5
train_272,,,,,,,,,,,,,1
train_273,,,,,,,,,,,,,5
train_274,,,,,,,,,,,,,1
train_275,,,,,,,,,,,,,5
train_276,,,,,,,,,,,,,1
train_277,,,,,,,,,,,,,1
train_278,,,,,,,,,,,,,1
train_279,,,,,,,,,,,,,1
train_280,,,,,,,,,,,,,5
train_281,,,,,,,,,,,,,5
train_282,,,,,,,,,,,,,5
train_283,,,,,,,,,,,,,5
train_284,,,,,,,,,,,,,1
train_285,,,,,,,,,,,,,1
train_286,,,,,,,,,,,,,1
train_287,,,,,,,,,,,,,5
train_288,,,,,,,,,,,,,5
train_289,,,,,,,,,,,,,5
train_290,,,,,,,,,,,,,5
train_291,,,,,,,,,,,,,4
train_292,,,,,,,,,,,,,4
train_293,,,,,,,,,,,,,5
train_294,,,,,,,,,,,,,4
train_295,,,,,,,,,,,,,1
train_296,,,,,,,,,,,,,3
train_297,,,,,,,,,,,,,5
train_298,,,,,,,,,,,,,1
train_299,,,,,,,,,,,,,1
train_300,,,,,,,,,,,,,5
train_301,,,,,,,,,,,,,5
train_302,,,,,,,,,,,,,1
train_303,,,,,,,,,,,,,1
train_304,,,,,,,,,,,,,1
train_305,,,,,,,,,,,,,1
train_306,,,,,,,,,,,,,5
train_307,,,,,,,,,,,,,5
train_308,,,,,,,,,,,,,4
train_309,,,,,,,,,,,,,1
train_310,,,,,,,,,,,,,5
train_311,,,,,,,,,,,,,1
train_312,,,,,,,,,,,,,1
train_313,,,,,,,,,,,,,1
train_314,,,,,,,,,,,,,1
train_315,,,,,,,,,,,,,1
train_316,,,,,,,,,,,,,5
train_317,,,,,,,,,,,,,1
train_318,,,,,,,,,,,,,5
train_319,,,,,,,,,,,,,1
train_320,,,,,,,,,,,,,5
train_321,,,,,,,,,,,,,1
train_322,,,,,,,,,,,,,1
train_323,,,,,,,,,,,,,5
train_324,,,,,,,,,,,,,5
train_325,,,,,,,,,,,,,5
train_326,,,,,,,,,,,,,1
train_327,,,,,,,,,,,,,1
train_328,,,,,,,,,,,,,1
train_329,,,,,,,,,,,,,5
train_330,,,,,,,,,,,,,5
train_331,,,,,,,,,,,,,3
train_332,,,,,,,,,,,,,1
train_333,,,,,,,,,,,,,5
train_334,,,,,,,,,,,,,5
train_335,,,,,,,,,,,,,1
train_336,,,,,,,,,,,,,1
train_337,,,,,,,,,,,,,5
train_338,,,,,,,,,,,,,1
train_339,,,,,,,,,,,,,1
train_340,,,,,,,,,,,,,1
train_341,,,,,,,,,,,,,1
train_342,,,,,,,,,,,,,1
train_343,,,,,,,,,,,,,2
train_344,,,,,,,,,,,,,5
train_345,,,,,,,,,,,,,5
train_346,,,,,,,,,,,,,1
train_347,,,,,,,,,,,,,5
train_348,,,,,,,,,,,,,5
train_349,,,,,,,,,,,,,5
train_350,,,,,,,,,,,,,1
train_351,,,,,,,,,,,,,5
train_352,,,,,,,,,,,,,1
train_353,,,,,,,,,,,,,5
train_354,,,,,,,,,,,,,2
train_355,,,,,,,,,,,,,5
train_356,,,,,,,,,,,,,1
train_357,,,,,,,,,,,,,5
train_358,,,,,,,,,,,,,5
train_359,,,,,,,,,,,,,1
train_360,,,,,,,,,,,,,5
train_361,,,,,,,,,,,,,5
train_362,,,,,,,,,,,,,1
train_363,,,,,,,,,,,,,1
train_364,,,,,,,,,,,,,1
train_365,,,,,,,,,,,,,5
train_366,,,,,,,,,,,,,3
train_367,,,,,,,,,,,,,5
train_368,,,,,,,,,,,,,5
train_369,,,,,,,,,,,,,5
train_370,,,,,,,,,,,,,1
train_371,,,,,,,,,,,,,2
train_372,,,,,,,,,,,,,1
train_373,,,,,,,,,,,,,1
train_374,,,,,,,,,,,,,1
train_375,,,,,,,,,,,,,5
train_376,,,,,,,,,,,,,1
train_377,,,,,,,,,,,,,2
train_378,,,,,,,,,,,,,5
train_379,,,,,,,,,,,,,1
train_380,,,,,,,,,,,,,5
train_381,,,,,,,,,,,,,1
train_382,,,,,,,,,,,,,5
train_383,,,,,,,,,,,,,3
train_384,,,,,,,,,,,,,1
train_385,,,,,,,,,,,,,1
train_386,,,,,,,,,,,,,5
train_387,,,,,,,,,,,,,5
train_388,,,,,,,,,,,,,1
train_389,,,,,,,,,,,,,5
train_390,,,,,,,,,,,,,1
train_391,,,,,,,,,,,,,5
train_392,,,,,,,,,,,,,1
train_393,,,,,,,,,,,,,4
train_394,,,,,,,,,,,,,5
train_395,,,,,,,,,,,,,5
train_396,,,,,,,,,,,,,5
train_397,,,,,,,,,,,,,5
train_398,,,,,,,,,,,,,1
train_399,,,,,,,,,,,,,1
train_400,,,,,,,,,,,,,2
train_401,,,,,,,,,,,,,5
train_402,,,,,,,,,,,,,3
train_403,,,,,,,,,,,,,5
train_404,,,,,,,,,,,,,4
train_405,,,,,,,,,,,,,5
train_406,,,,,,,,,,,,,2
train_407,,,,,,,,,,,,,5
train_408,,,,,,,,,,,,,5
train_409,,,,,,,,,,,,,1
train_410,,,,,,,,,,,,,5
train_411,,,,,,,,,,,,,4
train_412,,,,,,,,,,,,,5
train_413,,,,,,,,,,,,,1
train_414,,,,,,,,,,,,,4
train_415,,,,,,,,,,,,,1
train_416,,,,,,,,,,,,,1
train_417,,,,,,,,,,,,,1
train_418,,,,,,,,,,,,,1
train_419,,,,,,,,,,,,,5
train_420,,,,,,,,,,,,,5
train_421,,,,,,,,,,,,,1
train_422,,,,,,,,,,,,,1
train_423,,,,,,,,,,,,,5
train_424,,,,,,,,,,,,,1
train_425,,,,,,,,,,,,,4
train_426,,,,,,,,,,,,,5
train_427,,,,,,,,,,,,,5
train_428,,,,,,,,,,,,,1
train_429,,,,,,,,,,,,,5
train_430,,,,,,,,,,,,,5
train_431,,,,,,,,,,,,,5
train_432,,,,,,,,,,,,,5
train_433,,,,,,,,,,,,,1
train_434,,,,,,,,,,,,,3
train_435,,,,,,,,,,,,,5
train_436,,,,,,,,,,,,,5
train_437,,,,,,,,,,,,,5
train_438,,,,,,,,,,,,,1
train_439,,,,,,,,,,,,,1
train_440,,,,,,,,,,,,,5
train_441,,,,,,,,,,,,,1
train_442,,,,,,,,,,,,,1
train_443,,,,,,,,,,,,,2
train_444,,,,,,,,,,,,,1
train_445,,,,,,,,,,,,,5
train_446,,,,,,,,,,,,,1
train_447,,,,,,,,,,,,,5
train_448,,,,,,,,,,,,,5
train_449,,,,,,,,,,,,,1
train_450,,,,,,,,,,,,,1
train_451,,,,,,,,,,,,,5
train_452,,,,,,,,,,,,,5
train_453,,,,,,,,,,,,,1
train_454,,,,,,,,,,,,,1
train_455,,,,,,,,,,,,,1
train_456,,,,,,,,,,,,,1
train_457,,,,,,,,,,,,,2
train_458,,,,,,,,,,,,,5
train_459,,,,,,,,,,,,,1
train_460,,,,,,,,,,,,,1
train_461,,,,,,,,,,,,,5
train_462,,,,,,,,,,,,,5
train_463,,,,,,,,,,,,,1
train_464,,,,,,,,,,,,,4
train_465,,,,,,,,,,,,,1
train_466,,,,,,,,,,,,,5
train_467,,,,,,,,,,,,,1
train_468,,,,,,,,,,,,,5
train_469,,,,,,,,,,,,,5
train_470,,,,,,,,,,,,,5
train_471,,,,,,,,,,,,,1
train_472,,,,,,,,,,,,,1
train_473,,,,,,,,,,,,,1
train_474,,,,,,,,,,,,,5
train_475,,,,,,,,,,,,,5
train_476,,,,,,,,,,,,,1
train_477,,,,,,,,,,,,,2
train_478,,,,,,,,,,,,,5
train_479,,,,,,,,,,,,,1
train_480,,,,,,,,,,,,,1
train_481,,,,,,,,,,,,,5
train_482,,,,,,,,,,,,,5
train_483,,,,,,,,,,,,,5
train_484,,,,,,,,,,,,,3
train_485,,,,,,,,,,,,,5
train_486,,,,,,,,,,,,,1
train_487,,,,,,,,,,,,,5
train_488,,,,,,,,,,,,,5
train_489,,,,,,,,,,,,,5
train_490,,,,,,,,,,,,,5
train_491,,,,,,,,,,,,,1
train_492,,,,,,,,,,,,,5
train_493,,,,,,,,,,,,,5
train_494,,,,,,,,,,,,,1
train_495,,,,,,,,,,,,,5
train_496,,,,,,,,,,,,,1
train_497,,,,,,,,,,,,,2
train_498,,,,,,,,,,,,,2
train_499,,,,,,,,,,,,,5
train_500,,,,,,,,,,,,,1
train_501,,,,,,,,,,,,,4
train_502,,,,,,,,,,,,,1
train_503,,,,,,,,,,,,,1
train_504,,,,,,,,,,,,,1
train_505,,,,,,,,,,,,,1
train_506,,,,,,,,,,,,,4
train_507,,,,,,,,,,,,,1
train_508,,,,,,,,,,,,,5
train_509,,,,,,,,,,,,,5
train_510,,,,,,,,,,,,,5
train_511,,,,,,,,,,,,,1
train_512,,,,,,,,,,,,,1
train_513,,,,,,,,,,,,,1
train_514,,,,,,,,,,,,,3
train_515,,,,,,,,,,,,,5
train_516,,,,,,,,,,,,,5
train_517,,,,,,,,,,,,,1
train_518,,,,,,,,,,,,,5
train_519,,,,,,,,,,,,,1
train_520,,,,,,,,,,,,,2
train_521,,,,,,,,,,,,,5
train_522,,,,,,,,,,,,,5
train_523,,,,,,,,,,,,,1
train_524,,,,,,,,,,,,,5
train_525,,,,,,,,,,,,,5
train_526,,,,,,,,,,,,,1
train_527,,,,,,,,,,,,,1
train_528,,,,,,,,,,,,,5
train_529,,,,,,,,,,,,,3
train_530,,,,,,,,,,,,,5
train_531,,,,,,,,,,,,,5
train_532,,,,,,,,,,,,,5
train_533,,,,,,,,,,,,,1
train_534,,,,,,,,,,,,,1
train_535,,,,,,,,,,,,,5
train_536,,,,,,,,,,,,,1
train_537,,,,,,,,,,,,,5
train_538,,,,,,,,,,,,,1
train_539,,,,,,,,,,,,,1
train_540,,,,,,,,,,,,,1
train_541,,,,,,,,,,,,,5
train_542,,,,,,,,,,,,,1
train_543,,,,,,,,,,,,,1
train_544,,,,,,,,,,,,,1
train_545,,,,,,,,,,,,,5
train_546,,,,,,,,,,,,,2
train_547,,,,,,,,,,,,,4
train_548,,,,,,,,,,,,,1
train_549,,,,,,,,,,,,,5
train_550,,,,,,,,,,,,,5
train_551,,,,,,,,,,,,,1
train_552,,,,,,,,,,,,,5
train_553,,,,,,,,,,,,,5
train_554,,,,,,,,,,,,,1
train_555,,,,,,,,,,,,,1
train_556,,,,,,,,,,,,,3
train_557,,,,,,,,,,,,,1
train_558,,,,,,,,,,,,,2
train_559,,,,,,,,,,,,,1
train_560,,,,,,,,,,,,,3
train_561,,,,,,,,,,,,,1
train_562,,,,,,,,,,,,,5
train_563,,,,,,,,,,,,,5
train_564,,,,,,,,,,,,,1
train_565,,,,,,,,,,,,,5
train_566,,,,,,,,,,,,,1
train_567,,,,,,,,,,,,,5
train_568,,,,,,,,,,,,,5
train_569,,,,,,,,,,,,,5
train_570,,,,,,,,,,,,,5
train_571,,,,,,,,,,,,,5
train_572,,,,,,,,,,,,,5
train_573,,,,,,,,,,,,,1
train_574,,,,,,,,,,,,,5
train_575,,,,,,,,,,,,,3
train_576,,,,,,,,,,,,,5
train_577,,,,,,,,,,,,,5
train_578,,,,,,,,,,,,,1
train_579,,,,,,,,,,,,,5
train_580,,,,,,,,,,,,,1
train_581,,,,,,,,,,,,,5
train_582,,,,,,,,,,,,,5
train_583,,,,,,,,,,,,,5
train_584,,,,,,,,,,,,,2
train_585,,,,,,,,,,,,,1
train_586,,,,,,,,,,,,,5
train_587,,,,,,,,,,,,,2
train_588,,,,,,,,,,,,,1
train_589,,,,,,,,,,,,,1
train_590,,,,,,,,,,,,,1
train_591,,,,,,,,,,,,,5
train_592,,,,,,,,,,,,,1
train_593,,,,,,,,,,,,,1
train_594,,,,,,,,,,,,,5
train_595,,,,,,,,,,,,,1
train_596,,,,,,,,,,,,,5
train_597,,,,,,,,,,,,,5
train_598,,,,,,,,,,,,,2
train_599,,,,,,,,,,,,,1
train_600,,,,,,,,,,,,,5
train_601,,,,,,,,,,,,,4
train_602,,,,,,,,,,,,,1
train_603,,,,,,,,,,,,,1
train_604,,,,,,,,,,,,,1
train_605,,,,,,,,,,,,,1
train_606,,,,,,,,,,,,,1
train_607,,,,,,,,,,,,,2
train_608,,,,,,,,,,,,,5
train_609,,,,,,,,,,,,,5
train_610,,,,,,,,,,,,,1
train_611,,,,,,,,,,,,,2
train_612,,,,,,,,,,,,,5
train_613,,,,,,,,,,,,,2
train_614,,,,,,,,,,,,,1
train_615,,,,,,,,,,,,,5
train_616,,,,,,,,,,,,,5
train_617,,,,,,,,,,,,,5
train_618,,,,,,,,,,,,,4
train_619,,,,,,,,,,,,,5
train_620,,,,,,,,,,,,,2
train_621,,,,,,,,,,,,,5
train_622,,,,,,,,,,,,,2
train_623,,,,,,,,,,,,,1
train_624,,,,,,,,,,,,,5
train_625,,,,,,,,,,,,,1
train_626,,,,,,,,,,,,,5
train_627,,,,,,,,,,,,,5
train_628,,,,,,,,,,,,,5
train_629,,,,,,,,,,,,,5
train_630,,,,,,,,,,,,,1
train_631,,,,,,,,,,,,,5
train_632,,,,,,,,,,,,,5
train_633,,,,,,,,,,,,,5
train_634,,,,,,,,,,,,,5
train_635,,,,,,,,,,,,,5
train_636,,,,,,,,,,,,,1
train_637,,,,,,,,,,,,,3
train_638,,,,,,,,,,,,,5
train_639,,,,,,,,,,,,,5
train_640,,,,,,,,,,,,,1
train_641,,,,,,,,,,,,,1
train_642,,,,,,,,,,,,,2
train_643,,,,,,,,,,,,,5
train_644,,,,,,,,,,,,,5
train_645,,,,,,,,,,,,,1
train_646,,,,,,,,,,,,,1
train_647,,,,,,,,,,,,,1
train_648,,,,,,,,,,,,,1
train_649,,,,,,,,,,,,,1
train_650,,,,,,,,,,,,,1
train_651,,,,,,,,,,,,,2
train_652,,,,,,,,,,,,,1
train_653,,,,,,,,,,,,,5
train_654,,,,,,,,,,,,,1
train_655,,,,,,,,,,,,,3
train_656,,,,,,,,,,,,,1
train_657,,,,,,,,,,,,,4
train_658,,,,,,,,,,,,,1
train_659,,,,,,,,,,,,,1
train_660,,,,,,,,,,,,,1
train_661,,,,,,,,,,,,,5
train_662,,,,,,,,,,,,,5
train_663,,,,,,,,,,,,,5
train_664,,,,,,,,,,,,,5
train_665,,,,,,,,,,,,,1
train_666,,,,,,,,,,,,,5
train_667,,,,,,,,,,,,,1
train_668,,,,,,,,,,,,,5
train_669,,,,,,,,,,,,,5
train_670,,,,,,,,,,,,,3
train_671,,,,,,,,,,,,,5
train_672,,,,,,,,,,,,,5
train_673,,,,,,,,,,,,,5
train_674,,,,,,,,,,,,,2
train_675,,,,,,,,,,,,,1
train_676,,,,,,,,,,,,,5
train_677,,,,,,,,,,,,,5
train_678,,,,,,,,,,,,,5
train_679,,,,,,,,,,,,,5
train_680,,,,,,,,,,,,,1
train_681,,,,,,,,,,,,,3
train_682,,,,,,,,,,,,,5
train_683,,,,,,,,,,,,,1
train_684,,,,,,,,,,,,,2
train_685,,,,,,,,,,,,,5
train_686,,,,,,,,,,,,,5
train_687,,,,,,,,,,,,,5
train_688,,,,,,,,,,,,,5
train_689,,,,,,,,,,,,,1
train_690,,,,,,,,,,,,,5
train_691,,,,,,,,,,,,,1
train_692,,,,,,,,,,,,,1
train_693,,,,,,,,,,,,,5
train_694,,,,,,,,,,,,,1
train_695,,,,,,,,,,,,,5
train_696,,,,,,,,,,,,,1
train_697,,,,,,,,,,,,,1
train_698,,,,,,,,,,,,,5
train_699,,,,,,,,,,,,,5
train_700,,,,,,,,,,,,,5
train_701,,,,,,,,,,,,,1
train_702,,,,,,,,,,,,,1
train_703,,,,,,,,,,,,,5
train_704,,,,,,,,,,,,,5
train_705,,,,,,,,,,,,,1
train_706,,,,,,,,,,,,,5
train_707,,,,,,,,,,,,,2
train_708,,,,,,,,,,,,,5
train_709,,,,,,,,,,,,,1
train_710,,,,,,,,,,,,,2
train_711,,,,,,,,,,,,,5
train_712,,,,,,,,,,,,,5
train_713,,,,,,,,,,,,,5
train_714,,,,,,,,,,,,,5
train_715,,,,,,,,,,,,,3
train_716,,,,,,,,,,,,,1
train_717,,,,,,,,,,,,,5
train_718,,,,,,,,,,,,,5
train_719,,,,,,,,,,,,,5
train_720,,,,,,,,,,,,,5
train_721,,,,,,,,,,,,,1
train_722,,,,,,,,,,,,,5
train_723,,,,,,,,,,,,,5
train_724,,,,,,,,,,,,,5
train_725,,,,,,,,,,,,,5
train_726,,,,,,,,,,,,,1
train_727,,,,,,,,,,,,,5
train_728,,,,,,,,,,,,,5
train_729,,,,,,,,,,,,,5
train_730,,,,,,,,,,,,,5
train_731,,,,,,,,,,,,,5
train_732,,,,,,,,,,,,,5
train_733,,,,,,,,,,,,,5
train_734,,,,,,,,,,,,,1
train_735,,,,,,,,,,,,,1
train_736,,,,,,,,,,,,,1
train_737,,,,,,,,,,,,,1
train_738,,,,,,,,,,,,,1
train_739,,,,,,,,,,,,,1
train_740,,,,,,,,,,,,,5
train_741,,,,,,,,,,,,,1
train_742,,,,,,,,,,,,,1
train_743,,,,,,,,,,,,,1
train_744,,,,,,,,,,,,,1
train_745,,,,,,,,,,,,,5
train_746,,,,,,,,,,,,,5
train_747,,,,,,,,,,,,,4
train_748,,,,,,,,,,,,,5
train_749,,,,,,,,,,,,,5
train_750,,,,,,,,,,,,,5
train_751,,,,,,,,,,,,,5
train_752,,,,,,,,,,,,,1
train_753,,,,,,,,,,,,,5
train_754,,,,,,,,,,,,,1
train_755,,,,,,,,,,,,,1
train_756,,,,,,,,,,,,,1
train_757,,,,,,,,,,,,,5
train_758,,,,,,,,,,,,,1
train_759,,,,,,,,,,,,,5
train_760,,,,,,,,,,,,,1
train_761,,,,,,,,,,,,,1
train_762,,,,,,,,,,,,,5
train_763,,,,,,,,,,,,,1
train_764,,,,,,,,,,,,,2
train_765,,,,,,,,,,,,,1
train_766,,,,,,,,,,,,,5
train_767,,,,,,,,,,,,,1
train_768,,,,,,,,,,,,,4
train_769,,,,,,,,,,,,,1
train_770,,,,,,,,,,,,,1
train_771,,,,,,,,,,,,,5
train_772,,,,,,,,,,,,,1
train_773,,,,,,,,,,,,,5
train_774,,,,,,,,,,,,,5
train_775,,,,,,,,,,,,,1
train_776,,,,,,,,,,,,,1
train_777,,,,,,,,,,,,,1
train_778,,,,,,,,,,,,,1
train_779,,,,,,,,,,,,,5
train_780,,,,,,,,,,,,,5
train_781,,,,,,,,,,,,,4
train_782,,,,,,,,,,,,,1
train_783,,,,,,,,,,,,,1
train_784,,,,,,,,,,,,,5
train_785,,,,,,,,,,,,,5
train_786,,,,,,,,,,,,,5
train_787,,,,,,,,,,,,,1
train_788,,,,,,,,,,,,,1
train_789,,,,,,,,,,,,,5
train_790,,,,,,,,,,,,,1
train_791,,,,,,,,,,,,,5
train_792,,,,,,,,,,,,,5
train_793,,,,,,,,,,,,,5
train_794,,,,,,,,,,,,,5
train_795,,,,,,,,,,,,,5
train_796,,,,,,,,,,,,,1
train_797,,,,,,,,,,,,,1
train_798,,,,,,,,,,,,,5
train_799,,,,,,,,,,,,,5
train_800,,,,,,,,,,,,,5
train_801,,,,,,,,,,,,,5
train_802,,,,,,,,,,,,,4
train_803,,,,,,,,,,,,,5
train_804,,,,,,,,,,,,,1
train_805,,,,,,,,,,,,,1
train_806,,,,,,,,,,,,,5
train_807,,,,,,,,,,,,,5
train_808,,,,,,,,,,,,,5
train_809,,,,,,,,,,,,,1
train_810,,,,,,,,,,,,,1
train_811,,,,,,,,,,,,,1
train_812,,,,,,,,,,,,,5
train_813,,,,,,,,,,,,,5
train_814,,,,,,,,,,,,,3
train_815,,,,,,,,,,,,,1
train_816,,,,,,,,,,,,,5
train_817,,,,,,,,,,,,,5
train_818,,,,,,,,,,,,,2
train_819,,,,,,,,,,,,,5
train_820,,,,,,,,,,,,,4
train_821,,,,,,,,,,,,,5
train_822,,,,,,,,,,,,,5
train_823,,,,,,,,,,,,,5
train_824,,,,,,,,,,,,,2
train_825,,,,,,,,,,,,,5
train_826,,,,,,,,,,,,,1
train_827,,,,,,,,,,,,,5
train_828,,,,,,,,,,,,,1
train_829,,,,,,,,,,,,,1
train_830,,,,,,,,,,,,,1
train_831,,,,,,,,,,,,,5
train_832,,,,,,,,,,,,,5
train_833,,,,,,,,,,,,,3
train_834,,,,,,,,,,,,,5
train_835,,,,,,,,,,,,,5
train_836,,,,,,,,,,,,,5
train_837,,,,,,,,,,,,,5
train_838,,,,,,,,,,,,,1
train_839,,,,,,,,,,,,,1
train_840,,,,,,,,,,,,,1
train_841,,,,,,,,,,,,,1
train_842,,,,,,,,,,,,,1
train_843,,,,,,,,,,,,,1
train_844,,,,,,,,,,,,,5
train_845,,,,,,,,,,,,,3
train_846,,,,,,,,,,,,,5
train_847,,,,,,,,,,,,,5
train_848,,,,,,,,,,,,,5
train_849,,,,,,,,,,,,,1
train_850,,,,,,,,,,,,,1
train_851,,,,,,,,,,,,,1
train_852,,,,,,,,,,,,,5
train_853,,,,,,,,,,,,,1
train_854,,,,,,,,,,,,,1
train_855,,,,,,,,,,,,,1
train_856,,,,,,,,,,,,,1
train_857,,,,,,,,,,,,,5
train_858,,,,,,,,,,,,,5
train_859,,,,,,,,,,,,,1
train_860,,,,,,,,,,,,,1
train_861,,,,,,,,,,,,,5
train_862,,,,,,,,,,,,,5
train_863,,,,,,,,,,,,,1
train_864,,,,,,,,,,,,,2
train_865,,,,,,,,,,,,,5
train_866,,,,,,,,,,,,,1
train_867,,,,,,,,,,,,,1
train_868,,,,,,,,,,,,,1
train_869,,,,,,,,,,,,,5
train_870,,,,,,,,,,,,,5
train_871,,,,,,,,,,,,,5
train_872,,,,,,,,,,,,,5
train_873,,,,,,,,,,,,,1
train_874,,,,,,,,,,,,,5
train_875,,,,,,,,,,,,,5
train_876,,,,,,,,,,,,,5
train_877,,,,,,,,,,,,,5
train_878,,,,,,,,,,,,,5
train_879,,,,,,,,,,,,,5
train_880,,,,,,,,,,,,,5
train_881,,,,,,,,,,,,,5
train_882,,,,,,,,,,,,,5
train_883,,,,,,,,,,,,,1
train_884,,,,,,,,,,,,,5
train_885,,,,,,,,,,,,,1
train_886,,,,,,,,,,,,,5
train_887,,,,,,,,,,,,,5
train_888,,,,,,,,,,,,,1
train_889,,,,,,,,,,,,,1
train_890,,,,,,,,,,,,,5
train_891,,,,,,,,,,,,,1
train_892,,,,,,,,,,,,,1
train_893,,,,,,,,,,,,,5
train_894,,,,,,,,,,,,,5
train_895,,,,,,,,,,,,,1
train_896,,,,,,,,,,,,,5
train_897,,,,,,,,,,,,,1
train_898,,,,,,,,,,,,,3
train_899,,,,,,,,,,,,,1
train_900,,,,,,,,,,,,,1
train_901,,,,,,,,,,,,,
train_902,,,,,,,,,,,,,
train_903,,,,,,,,,,,,,
train_904,,,,,,,,,,,,,
train_905,,,,,,,,,,,,,
train_906,,,,,,,,,,,,,
train_907,,,,,,,,,,,,,
train_908,,,,,,,,,,,,,
train_909,,,,,,,,,,,,,
train_910,,,,,,,,,,,,,
train_911,,,,,,,,,,,,,
train_912,,,,,,,,,,,,,
train_913,,,,,,,,,,,,,
train_914,,,,,,,,,,,,,
train_915,,,,,,,,,,,,,
train_916,,,,,,,,,,,,,
train_917,,,,,,,,,,,,,
train_918,,,,,,,,,,,,,
train_919,,,,,,,,,,,,,
train_920,,,,,,,,,,,,,
train_921,,,,,,,,,,,,,
train_922,,,,,,,,,,,,,
train_923,,,,,,,,,,,,,
train_924,,,,,,,,,,,,,
train_925,,,,,,,,,,,,,
train_926,,,,,,,,,,,,,
train_927,,,,,,,,,,,,,
train_928,,,,,,,,,,,,,
train_929,,,,,,,,,,,,,
train_930,,,,,,,,,,,,,
train_931,,,,,,,,,,,,,
train_932,,,,,,,,,,,,,
train_933,,,,,,,,,,,,,
train_934,,,,,,,,,,,,,
train_935,,,,,,,,,,,,,
train_936,,,,,,,,,,,,,
train_937,,,,,,,,,,,,,
train_938,,,,,,,,,,,,,
train_939,,,,,,,,,,,,,
train_940,,,,,,,,,,,,,
train_941,,,,,,,,,,,,,
train_942,,,,,,,,,,,,,
train_943,,,,,,,,,,,,,
train_944,,,,,,,,,,,,,
train_945,,,,,,,,,,,,,
train_946,,,,,,,,,,,,,
train_947,,,,,,,,,,,,,
train_948,,,,,,,,,,,,,
train_949,,,,,,,,,,,,,
train_950,,,,,,,,,,,,,
train_951,,,,,,,,,,,,,
train_952,,,,,,,,,,,,,
train_953,,,,,,,,,,,,,
train_954,,,,,,,,,,,,,
train_955,,,,,,,,,,,,,
train_956,,,,,,,,,,,,,
train_957,,,,,,,,,,,,,
train_958,,,,,,,,,,,,,
train_959,,,,,,,,,,,,,
train_960,,,,,,,,,,,,,
train_961,,,,,,,,,,,,,
train_962,,,,,,,,,,,,,
train_963,,,,,,,,,,,,,
train_964,,,,,,,,,,,,,
train_965,,,,,,,,,,,,,
train_966,,,,,,,,,,,,,
train_967,,,,,,,,,,,,,
train_968,,,,,,,,,,,,,
train_969,,,,,,,,,,,,,
train_970,,,,,,,,,,,,,
train_971,,,,,,,,,,,,,
train_972,,,,,,,,,,,,,
train_973,,,,,,,,,,,,,
train_974,,,,,,,,,,,,,
train_975,,,,,,,,,,,,,
train_976,,,,,,,,,,,,,
train_977,,,,,,,,,,,,,
train_978,,,,,,,,,,,,,
train_979,,,,,,,,,,,,,
train_980,,,,,,,,,,,,,
train_981,,,,,,,,,,,,,
train_982,,,,,,,,,,,,,
train_983,,,,,,,,,,,,,
train_984,,,,,,,,,,,,,
train_985,,,,,,,,,,,,,
train_986,,,,,,,,,,,,,
train_987,,,,,,,,,,,,,
train_988,,,,,,,,,,,,,
train_989,,,,,,,,,,,,,
train_990,,,,,,,,,,,,,
train_991,,,,,,,,,,,,,
train_992,,,,,,,,,,,,,
train_993,,,,,,,,,,,,,
train_994,,,,,,,,,,,,,
train_995,,,,,,,,,,,,,
train_996,,,,,,,,,,,,,
train_997,,,,,,,,,,,,,
train_998,,,,,,,,,,,,,
train_999,,,,,,,,,,,,,
train_1000,,,,,,,,,,,,,
train_1001,,,,,,,,,,,,,
train_1002,,,,,,,,,,,,,
train_1003,,,,,,,,,,,,,
train_1004,,,,,,,,,,,,,
train_1005,,,,,,,,,,,,,
train_1006,,,,,,,,,,,,,
train_1007,,,,,,,,,,,,,
train_1008,,,,,,,,,,,,,
train_1009,,,,,,,,,,,,,
train_1010,,,,,,,,,,,,,
train_1011,,,,,,,,,,,,,
train_1012,,,,,,,,,,,,,
train_1013,,,,,,,,,,,,,
train_1014,,,,,,,,,,,,,
train_1015,,,,,,,,,,,,,
train_1016,,,,,,,,,,,,,
train_1017,,,,,,,,,,,,,
train_1018,,,,,,,,,,,,,
train_1019,,,,,,,,,,,,,
train_1020,,,,,,,,,,,,,
train_1021,,,,,,,,,,,,,
train_1022,,,,,,,,,,,,,
train_1023,,,,,,,,,,,,,
train_1024,,,,,,,,,,,,,
train_1025,,,,,,,,,,,,,
train_1026,,,,,,,,,,,,,
train_1027,,,,,,,,,,,,,
train_1028,,,,,,,,,,,,,
train_1029,,,,,,,,,,,,,
train_1030,,,,,,,,,,,,,
train_1031,,,,,,,,,,,,,
train_1032,,,,,,,,,,,,,
train_1033,,,,,,,,,,,,,
train_1034,,,,,,,,,,,,,
train_1035,,,,,,,,,,,,,
train_1036,,,,,,,,,,,,,
train_1037,,,,,,,,,,,,,
train_1038,,,,,,,,,,,,,
train_1039,,,,,,,,,,,,,
train_1040,,,,,,,,,,,,,
train_1041,,,,,,,,,,,,,
train_1042,,,,,,,,,,,,,
train_1043,,,,,,,,,,,,,
train_1044,,,,,,,,,,,,,
train_1045,,,,,,,,,,,,,
train_1046,,,,,,,,,,,,,
train_1047,,,,,,,,,,,,,
train_1048,,,,,,,,,,,,,
train_1049,,,,,,,,,,,,,
train_1050,,,,,,,,,,,,,
train_1051,,,,,,,,,,,,,
train_1052,,,,,,,,,,,,,
train_1053,,,,,,,,,,,,,
train_1054,,,,,,,,,,,,,
train_1055,,,,,,,,,,,,,
train_1056,,,,,,,,,,,,,
train_1057,,,,,,,,,,,,,
train_1058,,,,,,,,,,,,,
train_1059,,,,,,,,,,,,,
train_1060,,,,,,,,,,,,,
train_1061,,,,,,,,,,,,,
train_1062,,,,,,,,,,,,,
train_1063,,,,,,,,,,,,,
train_1064,,,,,,,,,,,,,
train_1065,,,,,,,,,,,,,
train_1066,,,,,,,,,,,,,
train_1067,,,,,,,,,,,,,
train_1068,,,,,,,,,,,,,
train_1069,,,,,,,,,,,,,
train_1070,,,,,,,,,,,,,
train_1071,,,,,,,,,,,,,
train_1072,,,,,,,,,,,,,
train_1073,,,,,,,,,,,,,
train_1074,,,,,,,,,,,,,
train_1075,,,,,,,,,,,,,
train_1076,,,,,,,,,,,,,
train_1077,,,,,,,,,,,,,
train_1078,,,,,,,,,,,,,
train_1079,,,,,,,,,,,,,
train_1080,,,,,,,,,,,,,
train_1081,,,,,,,,,,,,,
train_1082,,,,,,,,,,,,,
train_1083,,,,,,,,,,,,,
train_1084,,,,,,,,,,,,,
train_1085,,,,,,,,,,,,,
train_1086,,,,,,,,,,,,,
train_1087,,,,,,,,,,,,,
train_1088,,,,,,,,,,,,,
train_1089,,,,,,,,,,,,,
train_1090,,,,,,,,,,,,,
train_1091,,,,,,,,,,,,,
train_1092,,,,,,,,,,,,,
train_1093,,,,,,,,,,,,,
train_1094,,,,,,,,,,,,,
train_1095,,,,,,,,,,,,,
train_1096,,,,,,,,,,,,,
train_1097,,,,,,,,,,,,,
train_1098,,,,,,,,,,,,,
train_1099,,,,,,,,,,,,,
train_1100,,,,,,,,,,,,,
train_1101,,,,,,,,,,,,,
train_1102,,,,,,,,,,,,,
train_1103,,,,,,,,,,,,,
train_1104,,,,,,,,,,,,,
train_1105,,,,,,,,,,,,,
train_1106,,,,,,,,,,,,,
train_1107,,,,,,,,,,,,,
train_1108,,,,,,,,,,,,,
train_1109,,,,,,,,,,,,,
train_1110,,,,,,,,,,,,,
train_1111,,,,,,,,,,,,,
train_1112,,,,,,,,,,,,,
train_1113,,,,,,,,,,,,,
train_1114,,,,,,,,,,,,,
train_1115,,,,,,,,,,,,,
train_1116,,,,,,,,,,,,,
train_1117,,,,,,,,,,,,,
train_1118,,,,,,,,,,,,,
train_1119,,,,,,,,,,,,,
train_1120,,,,,,,,,,,,,
train_1121,,,,,,,,,,,,,
train_1122,,,,,,,,,,,,,
train_1123,,,,,,,,,,,,,
train_1124,,,,,,,,,,,,,
train_1125,,,,,,,,,,,,,
train_1126,,,,,,,,,,,,,
train_1127,,,,,,,,,,,,,
train_1128,,,,,,,,,,,,,
train_1129,,,,,,,,,,,,,
train_1130,,,,,,,,,,,,,
train_1131,,,,,,,,,,,,,
train_1132,,,,,,,,,,,,,
train_1133,,,,,,,,,,,,,
train_1134,,,,,,,,,,,,,
train_1135,,,,,,,,,,,,,
train_1136,,,,,,,,,,,,,
train_1137,,,,,,,,,,,,,
train_1138,,,,,,,,,,,,,
train_1139,,,,,,,,,,,,,
train_1140,,,,,,,,,,,,,
train_1141,,,,,,,,,,,,,
train_1142,,,,,,,,,,,,,
train_1143,,,,,,,,,,,,,
train_1144,,,,,,,,,,,,,
train_1145,,,,,,,,,,,,,
train_1146,,,,,,,,,,,,,
train_1147,,,,,,,,,,,,,
train_1148,,,,,,,,,,,,,
train_1149,,,,,,,,,,,,,
train_1150,,,,,,,,,,,,,
train_1151,,,,,,,,,,,,,
train_1152,,,,,,,,,,,,,
train_1153,,,,,,,,,,,,,
train_1154,,,,,,,,,,,,,
train_1155,,,,,,,,,,,,,
train_1156,,,,,,,,,,,,,
train_1157,,,,,,,,,,,,,
train_1158,,,,,,,,,,,,,
train_1159,,,,,,,,,,,,,
train_1160,,,,,,,,,,,,,
train_1161,,,,,,,,,,,,,
train_1162,,,,,,,,,,,,,
train_1163,,,,,,,,,,,,,
train_1164,,,,,,,,,,,,,
train_1165,,,,,,,,,,,,,
train_1166,,,,,,,,,,,,,
train_1167,,,,,,,,,,,,,
train_1168,,,,,,,,,,,,,
train_1169,,,,,,,,,,,,,
train_1170,,,,,,,,,,,,,
train_1171,,,,,,,,,,,,,
train_1172,,,,,,,,,,,,,
train_1173,,,,,,,,,,,,,
train_1174,,,,,,,,,,,,,
train_1175,,,,,,,,,,,,,
train_1176,,,,,,,,,,,,,
train_1177,,,,,,,,,,,,,
train_1178,,,,,,,,,,,,,
train_1179,,,,,,,,,,,,,
train_1180,,,,,,,,,,,,,
train_1181,,,,,,,,,,,,,
train_1182,,,,,,,,,,,,,
train_1183,,,,,,,,,,,,,
train_1184,,,,,,,,,,,,,
train_1185,,,,,,,,,,,,,
train_1186,,,,,,,,,,,,,
train_1187,,,,,,,,,,,,,
train_1188,,,,,,,,,,,,,
train_1189,,,,,,,,,,,,,
train_1190,,,,,,,,,,,,,
train_1191,,,,,,,,,,,,,
train_1192,,,,,,,,,,,,,
train_1193,,,,,,,,,,,,,
train_1194,,,,,,,,,,,,,
train_1195,,,,,,,,,,,,,
train_1196,,,,,,,,,,,,,
train_1197,,,,,,,,,,,,,
train_1198,,,,,,,,,,,,,
train_1199,,,,,,,,,,,,,
train_1200,,,,,,,,,,,,,
train_1201,,,,,,,,,,,,,
train_1202,,,,,,,,,,,,,
train_1203,,,,,,,,,,,,,
train_1204,,,,,,,,,,,,,
train_1205,,,,,,,,,,,,,
train_1206,,,,,,,,,,,,,
train_1207,,,,,,,,,,,,,
train_1208,,,,,,,,,,,,,
train_1209,,,,,,,,,,,,,
train_1210,,,,,,,,,,,,,
train_1211,,,,,,,,,,,,,
train_1212,,,,,,,,,,,,,
train_1213,,,,,,,,,,,,,
train_1214,,,,,,,,,,,,,
train_1215,,,,,,,,,,,,,
train_1216,,,,,,,,,,,,,
train_1217,,,,,,,,,,,,,
train_1218,,,,,,,,,,,,,
train_1219,,,,,,,,,,,,,
train_1220,,,,,,,,,,,,,
train_1221,,,,,,,,,,,,,
train_1222,,,,,,,,,,,,,
train_1223,,,,,,,,,,,,,
train_1224,,,,,,,,,,,,,
train_1225,,,,,,,,,,,,,
train_1226,,,,,,,,,,,,,
train_1227,,,,,,,,,,,,,
train_1228,,,,,,,,,,,,,
train_1229,,,,,,,,,,,,,
train_1230,,,,,,,,,,,,,
train_1231,,,,,,,,,,,,,
train_1232,,,,,,,,,,,,,
train_1233,,,,,,,,,,,,,
train_1234,,,,,,,,,,,,,
train_1235,,,,,,,,,,,,,
train_1236,,,,,,,,,,,,,
train_1237,,,,,,,,,,,,,
train_1238,,,,,,,,,,,,,
train_1239,,,,,,,,,,,,,
train_1240,,,,,,,,,,,,,
train_1241,,,,,,,,,,,,,
train_1242,,,,,,,,,,,,,
train_1243,,,,,,,,,,,,,
train_1244,,,,,,,,,,,,,
train_1245,,,,,,,,,,,,,
train_1246,,,,,,,,,,,,,
train_1247,,,,,,,,,,,,,
train_1248,,,,,,,,,,,,,
train_1249,,,,,,,,,,,,,
train_1250,,,,,,,,,,,,,
train_1251,,,,,,,,,,,,,
train_1252,,,,,,,,,,,,,
train_1253,,,,,,,,,,,,,
train_1254,,,,,,,,,,,,,
train_1255,,,,,,,,,,,,,
train_1256,,,,,,,,,,,,,
train_1257,,,,,,,,,,,,,
train_1258,,,,,,,,,,,,,
train_1259,,,,,,,,,,,,,
train_1260,,,,,,,,,,,,,
train_1261,,,,,,,,,,,,,
train_1262,,,,,,,,,,,,,
train_1263,,,,,,,,,,,,,
train_1264,,,,,,,,,,,,,
train_1265,,,,,,,,,,,,,
train_1266,,,,,,,,,,,,,
train_1267,,,,,,,,,,,,,
train_1268,,,,,,,,,,,,,
train_1269,,,,,,,,,,,,,
train_1270,,,,,,,,,,,,,
train_1271,,,,,,,,,,,,,
train_1272,,,,,,,,,,,,,
train_1273,,,,,,,,,,,,,
train_1274,,,,,,,,,,,,,
train_1275,,,,,,,,,,,,,
train_1276,,,,,,,,,,,,,
train_1277,,,,,,,,,,,,,
train_1278,,,,,,,,,,,,,
train_1279,,,,,,,,,,,,,
train_1280,,,,,,,,,,,,,
train_1281,,,,,,,,,,,,,
train_1282,,,,,,,,,,,,,
train_1283,,,,,,,,,,,,,
train_1284,,,,,,,,,,,,,
train_1285,,,,,,,,,,,,,
train_1286,,,,,,,,,,,,,
train_1287,,,,,,,,,,,,,
train_1288,,,,,,,,,,,,,
train_1289,,,,,,,,,,,,,
train_1290,,,,,,,,,,,,,
train_1291,,,,,,,,,,,,,
train_1292,,,,,,,,,,,,,
train_1293,,,,,,,,,,,,,
train_1294,,,,,,,,,,,,,
train_1295,,,,,,,,,,,,,
train_1296,,,,,,,,,,,,,
train_1297,,,,,,,,,,,,,
train_1298,,,,,,,,,,,,,
train_1299,,,,,,,,,,,,,
train_1300,,,,,,,,,,,,,
train_1301,,,,,,,,,,,,,
train_1302,,,,,,,,,,,,,
train_1303,,,,,,,,,,,,,
train_1304,,,,,,,,,,,,,
train_1305,,,,,,,,,,,,,
train_1306,,,,,,,,,,,,,
train_1307,,,,,,,,,,,,,
train_1308,,,,,,,,,,,,,
train_1309,,,,,,,,,,,,,
train_1310,,,,,,,,,,,,,
train_1311,,,,,,,,,,,,,
train_1312,,,,,,,,,,,,,
train_1313,,,,,,,,,,,,,
train_1314,,,,,,,,,,,,,
train_1315,,,,,,,,,,,,,
train_1316,,,,,,,,,,,,,
train_1317,,,,,,,,,,,,,
train_1318,,,,,,,,,,,,,
train_1319,,,,,,,,,,,,,
train_1320,,,,,,,,,,,,,
train_1321,,,,,,,,,,,,,
train_1322,,,,,,,,,,,,,
train_1323,,,,,,,,,,,,,
train_1324,,,,,,,,,,,,,
train_1325,,,,,,,,,,,,,
train_1326,,,,,,,,,,,,,
train_1327,,,,,,,,,,,,,
train_1328,,,,,,,,,,,,,
train_1329,,,,,,,,,,,,,
train_1330,,,,,,,,,,,,,
train_1331,,,,,,,,,,,,,
train_1332,,,,,,,,,,,,,
train_1333,,,,,,,,,,,,,
train_1334,,,,,,,,,,,,,
train_1335,,,,,,,,,,,,,
train_1336,,,,,,,,,,,,,
train_1337,,,,,,,,,,,,,
train_1338,,,,,,,,,,,,,
train_1339,,,,,,,,,,,,,
train_1340,,,,,,,,,,,,,
train_1341,,,,,,,,,,,,,
train_1342,,,,,,,,,,,,,
train_1343,,,,,,,,,,,,,
train_1344,,,,,,,,,,,,,
train_1345,,,,,,,,,,,,,
train_1346,,,,,,,,,,,,,
train_1347,,,,,,,,,,,,,
train_1348,,,,,,,,,,,,,
train_1349,,,,,,,,,,,,,
train_1350,,,,,,,,,,,,,
train_1351,,,,,,,,,,,,,
train_1352,,,,,,,,,,,,,
train_1353,,,,,,,,,,,,,
train_1354,,,,,,,,,,,,,
train_1355,,,,,,,,,,,,,
train_1356,,,,,,,,,,,,,
train_1357,,,,,,,,,,,,,
train_1358,,,,,,,,,,,,,
train_1359,,,,,,,,,,,,,
train_1360,,,,,,,,,,,,,
train_1361,,,,,,,,,,,,,
train_1362,,,,,,,,,,,,,
train_1363,,,,,,,,,,,,,
train_1364,,,,,,,,,,,,,
train_1365,,,,,,,,,,,,,
train_1366,,,,,,,,,,,,,
train_1367,,,,,,,,,,,,,
train_1368,,,,,,,,,,,,,
train_1369,,,,,,,,,,,,,
train_1370,,,,,,,,,,,,,
train_1371,,,,,,,,,,,,,
train_1372,,,,,,,,,,,,,
train_1373,,,,,,,,,,,,,
train_1374,,,,,,,,,,,,,
train_1375,,,,,,,,,,,,,
train_1376,,,,,,,,,,,,,
train_1377,,,,,,,,,,,,,
train_1378,,,,,,,,,,,,,
train_1379,,,,,,,,,,,,,
train_1380,,,,,,,,,,,,,
train_1381,,,,,,,,,,,,,
train_1382,,,,,,,,,,,,,
train_1383,,,,,,,,,,,,,
train_1384,,,,,,,,,,,,,
train_1385,,,,,,,,,,,,,
train_1386,,,,,,,,,,,,,
train_1387,,,,,,,,,,,,,
train_1388,,,,,,,,,,,,,
train_1389,,,,,,,,,,,,,
train_1390,,,,,,,,,,,,,
train_1391,,,,,,,,,,,,,
train_1392,,,,,,,,,,,,,
train_1393,,,,,,,,,,,,,
train_1394,,,,,,,,,,,,,
train_1395,,,,,,,,,,,,,
train_1396,,,,,,,,,,,,,
train_1397,,,,,,,,,,,,,
train_1398,,,,,,,,,,,,,
train_1399,,,,,,,,,,,,,
train_1400,,,,,,,,,,,,,
train_1401,,,,,,,,,,,,,
train_1402,,,,,,,,,,,,,
train_1403,,,,,,,,,,,,,
train_1404,,,,,,,,,,,,,
train_1405,,,,,,,,,,,,,
train_1406,,,,,,,,,,,,,
train_1407,,,,,,,,,,,,,
train_1408,,,,,,,,,,,,,
train_1409,,,,,,,,,,,,,
train_1410,,,,,,,,,,,,,
train_1411,,,,,,,,,,,,,
train_1412,,,,,,,,,,,,,
train_1413,,,,,,,,,,,,,
train_1414,,,,,,,,,,,,,
train_1415,,,,,,,,,,,,,
train_1416,,,,,,,,,,,,,
train_1417,,,,,,,,,,,,,
train_1418,,,,,,,,,,,,,
train_1419,,,,,,,,,,,,,
train_1420,,,,,,,,,,,,,
train_1421,,,,,,,,,,,,,
train_1422,,,,,,,,,,,,,
train_1423,,,,,,,,,,,,,
train_1424,,,,,,,,,,,,,
train_1425,,,,,,,,,,,,,
train_1426,,,,,,,,,,,,,
train_1427,,,,,,,,,,,,,
train_1428,,,,,,,,,,,,,
train_1429,,,,,,,,,,,,,
train_1430,,,,,,,,,,,,,
train_1431,,,,,,,,,,,,,
train_1432,,,,,,,,,,,,,
train_1433,,,,,,,,,,,,,
train_1434,,,,,,,,,,,,,
train_1435,,,,,,,,,,,,,
train_1436,,,,,,,,,,,,,
train_1437,,,,,,,,,,,,,
train_1438,,,,,,,,,,,,,
train_1439,,,,,,,,,,,,,
train_1440,,,,,,,,,,,,,
train_1441,,,,,,,,,,,,,
train_1442,,,,,,,,,,,,,
train_1443,,,,,,,,,,,,,
train_1444,,,,,,,,,,,,,
train_1445,,,,,,,,,,,,,
train_1446,,,,,,,,,,,,,
train_1447,,,,,,,,,,,,,
train_1448,,,,,,,,,,,,,
train_1449,,,,,,,,,,,,,
train_1450,,,,,,,,,,,,,
train_1451,,,,,,,,,,,,,
train_1452,,,,,,,,,,,,,
train_1453,,,,,,,,,,,,,
train_1454,,,,,,,,,,,,,
train_1455,,,,,,,,,,,,,
train_1456,,,,,,,,,,,,,
train_1457,,,,,,,,,,,,,
train_1458,,,,,,,,,,,,,
train_1459,,,,,,,,,,,,,
train_1460,,,,,,,,,,,,,
train_1461,,,,,,,,,,,,,
train_1462,,,,,,,,,,,,,
train_1463,,,,,,,,,,,,,
train_1464,,,,,,,,,,,,,
train_1465,,,,,,,,,,,,,
train_1466,,,,,,,,,,,,,
train_1467,,,,,,,,,,,,,
train_1468,,,,,,,,,,,,,
train_1469,,,,,,,,,,,,,
train_1470,,,,,,,,,,,,,
train_1471,,,,,,,,,,,,,
train_1472,,,,,,,,,,,,,
train_1473,,,,,,,,,,,,,
train_1474,,,,,,,,,,,,,
train_1475,,,,,,,,,,,,,
train_1476,,,,,,,,,,,,,
train_1477,,,,,,,,,,,,,
train_1478,,,,,,,,,,,,,
train_1479,,,,,,,,,,,,,
train_1480,,,,,,,,,,,,,
train_1481,,,,,,,,,,,,,
train_1482,,,,,,,,,,,,,
train_1483,,,,,,,,,,,,,
train_1484,,,,,,,,,,,,,
train_1485,,,,,,,,,,,,,
train_1486,,,,,,,,,,,,,
train_1487,,,,,,,,,,,,,
train_1488,,,,,,,,,,,,,
train_1489,,,,,,,,,,,,,
train_1490,,,,,,,,,,,,,
train_1491,,,,,,,,,,,,,
train_1492,,,,,,,,,,,,,
train_1493,,,,,,,,,,,,,
train_1494,,,,,,,,,,,,,
train_1495,,,,,,,,,,,,,
train_1496,,,,,,,,,,,,,
train_1497,,,,,,,,,,,,,
train_1498,,,,,,,,,,,,,
train_1499,,,,,,,,,,,,,
train_1500,,,,,,,,,,,,,
train_1501,,,,,,,,,,,,,
train_1502,,,,,,,,,,,,,
train_1503,,,,,,,,,,,,,
train_1504,,,,,,,,,,,,,
train_1505,,,,,,,,,,,,,
train_1506,,,,,,,,,,,,,
train_1507,,,,,,,,,,,,,
train_1508,,,,,,,,,,,,,
train_1509,,,,,,,,,,,,,
train_1510,,,,,,,,,,,,,
train_1511,,,,,,,,,,,,,
train_1512,,,,,,,,,,,,,
train_1513,,,,,,,,,,,,,
train_1514,,,,,,,,,,,,,
train_1515,,,,,,,,,,,,,
train_1516,,,,,,,,,,,,,
train_1517,,,,,,,,,,,,,
train_1518,,,,,,,,,,,,,
train_1519,,,,,,,,,,,,,
train_1520,,,,,,,,,,,,,
train_1521,,,,,,,,,,,,,
train_1522,,,,,,,,,,,,,
train_1523,,,,,,,,,,,,,
train_1524,,,,,,,,,,,,,
train_1525,,,,,,,,,,,,,
train_1526,,,,,,,,,,,,,
train_1527,,,,,,,,,,,,,
train_1528,,,,,,,,,,,,,
train_1529,,,,,,,,,,,,,
train_1530,,,,,,,,,,,,,
train_1531,,,,,,,,,,,,,
train_1532,,,,,,,,,,,,,
train_1533,,,,,,,,,,,,,
train_1534,,,,,,,,,,,,,
train_1535,,,,,,,,,,,,,
train_1536,,,,,,,,,,,,,
train_1537,,,,,,,,,,,,,
train_1538,,,,,,,,,,,,,
train_1539,,,,,,,,,,,,,
train_1540,,,,,,,,,,,,,
train_1541,,,,,,,,,,,,,
train_1542,,,,,,,,,,,,,
train_1543,,,,,,,,,,,,,
train_1544,,,,,,,,,,,,,
train_1545,,,,,,,,,,,,,
train_1546,,,,,,,,,,,,,
train_1547,,,,,,,,,,,,,
train_1548,,,,,,,,,,,,,
train_1549,,,,,,,,,,,,,
train_1550,,,,,,,,,,,,,
train_1551,,,,,,,,,,,,,
train_1552,,,,,,,,,,,,,
train_1553,,,,,,,,,,,,,
train_1554,,,,,,,,,,,,,
train_1555,,,,,,,,,,,,,
train_1556,,,,,,,,,,,,,
train_1557,,,,,,,,,,,,,
train_1558,,,,,,,,,,,,,
train_1559,,,,,,,,,,,,,
train_1560,,,,,,,,,,,,,
train_1561,,,,,,,,,,,,,
train_1562,,,,,,,,,,,,,
train_1563,,,,,,,,,,,,,
train_1564,,,,,,,,,,,,,
train_1565,,,,,,,,,,,,,
train_1566,,,,,,,,,,,,,
train_1567,,,,,,,,,,,,,
train_1568,,,,,,,,,,,,,
train_1569,,,,,,,,,,,,,
train_1570,,,,,,,,,,,,,
train_1571,,,,,,,,,,,,,
train_1572,,,,,,,,,,,,,
train_1573,,,,,,,,,,,,,
train_1574,,,,,,,,,,,,,
train_1575,,,,,,,,,,,,,
train_1576,,,,,,,,,,,,,
train_1577,,,,,,,,,,,,,
train_1578,,,,,,,,,,,,,
train_1579,,,,,,,,,,,,,
train_1580,,,,,,,,,,,,,
train_1581,,,,,,,,,,,,,
train_1582,,,,,,,,,,,,,
train_1583,,,,,,,,,,,,,
train_1584,,,,,,,,,,,,,
train_1585,,,,,,,,,,,,,
train_1586,,,,,,,,,,,,,
train_1587,,,,,,,,,,,,,
train_1588,,,,,,,,,,,,,
train_1589,,,,,,,,,,,,,
train_1590,,,,,,,,,,,,,
train_1591,,,,,,,,,,,,,
train_1592,,,,,,,,,,,,,
train_1593,,,,,,,,,,,,,
train_1594,,,,,,,,,,,,,
train_1595,,,,,,,,,,,,,
train_1596,,,,,,,,,,,,,
train_1597,,,,,,,,,,,,,
train_1598,,,,,,,,,,,,,
train_1599,,,,,,,,,,,,,
train_1600,,,,,,,,,,,,,
train_1601,,,,,,,,,,,,,
train_1602,,,,,,,,,,,,,
train_1603,,,,,,,,,,,,,
train_1604,,,,,,,,,,,,,
train_1605,,,,,,,,,,,,,
train_1606,,,,,,,,,,,,,
train_1607,,,,,,,,,,,,,
train_1608,,,,,,,,,,,,,
train_1609,,,,,,,,,,,,,
train_1610,,,,,,,,,,,,,
train_1611,,,,,,,,,,,,,
train_1612,,,,,,,,,,,,,
train_1613,,,,,,,,,,,,,
train_1614,,,,,,,,,,,,,
train_1615,,,,,,,,,,,,,
train_1616,,,,,,,,,,,,,
train_1617,,,,,,,,,,,,,
train_1618,,,,,,,,,,,,,
train_1619,,,,,,,,,,,,,
train_1620,,,,,,,,,,,,,
train_1621,,,,,,,,,,,,,
train_1622,,,,,,,,,,,,,
train_1623,,,,,,,,,,,,,
train_1624,,,,,,,,,,,,,
train_1625,,,,,,,,,,,,,
train_1626,,,,,,,,,,,,,
train_1627,,,,,,,,,,,,,
train_1628,,,,,,,,,,,,,
train_1629,,,,,,,,,,,,,
train_1630,,,,,,,,,,,,,
train_1631,,,,,,,,,,,,,
train_1632,,,,,,,,,,,,,
train_1633,,,,,,,,,,,,,
train_1634,,,,,,,,,,,,,
train_1635,,,,,,,,,,,,,
train_1636,,,,,,,,,,,,,
train_1637,,,,,,,,,,,,,
train_1638,,,,,,,,,,,,,
train_1639,,,,,,,,,,,,,
train_1640,,,,,,,,,,,,,
train_1641,,,,,,,,,,,,,
train_1642,,,,,,,,,,,,,
train_1643,,,,,,,,,,,,,
train_1644,,,,,,,,,,,,,
train_1645,,,,,,,,,,,,,
train_1646,,,,,,,,,,,,,
train_1647,,,,,,,,,,,,,
train_1648,,,,,,,,,,,,,
train_1649,,,,,,,,,,,,,
train_1650,,,,,,,,,,,,,
train_1651,,,,,,,,,,,,,
train_1652,,,,,,,,,,,,,
train_1653,,,,,,,,,,,,,
train_1654,,,,,,,,,,,,,
train_1655,,,,,,,,,,,,,
train_1656,,,,,,,,,,,,,
train_1657,,,,,,,,,,,,,
train_1658,,,,,,,,,,,,,
train_1659,,,,,,,,,,,,,
train_1660,,,,,,,,,,,,,
train_1661,,,,,,,,,,,,,
train_1662,,,,,,,,,,,,,
train_1663,,,,,,,,,,,,,
train_1664,,,,,,,,,,,,,
train_1665,,,,,,,,,,,,,
train_1666,,,,,,,,,,,,,
train_1667,,,,,,,,,,,,,
train_1668,,,,,,,,,,,,,
train_1669,,,,,,,,,,,,,
train_1670,,,,,,,,,,,,,
train_1671,,,,,,,,,,,,,
train_1672,,,,,,,,,,,,,
train_1673,,,,,,,,,,,,,
train_1674,,,,,,,,,,,,,
train_1675,,,,,,,,,,,,,
train_1676,,,,,,,,,,,,,
train_1677,,,,,,,,,,,,,
train_1678,,,,,,,,,,,,,
train_1679,,,,,,,,,,,,,
train_1680,,,,,,,,,,,,,
train_1681,,,,,,,,,,,,,
train_1682,,,,,,,,,,,,,
train_1683,,,,,,,,,,,,,
train_1684,,,,,,,,,,,,,
train_1685,,,,,,,,,,,,,
train_1686,,,,,,,,,,,,,
train_1687,,,,,,,,,,,,,
train_1688,,,,,,,,,,,,,
train_1689,,,,,,,,,,,,,
train_1690,,,,,,,,,,,,,
train_1691,,,,,,,,,,,,,
train_1692,,,,,,,,,,,,,
train_1693,,,,,,,,,,,,,
train_1694,,,,,,,,,,,,,
train_1695,,,,,,,,,,,,,
train_1696,,,,,,,,,,,,,
train_1697,,,,,,,,,,,,,
train_1698,,,,,,,,,,,,,
train_1699,,,,,,,,,,,,,
train_1700,,,,,,,,,,,,,
train_1701,,,,,,,,,,,,,
train_1702,,,,,,,,,,,,,
train_1703,,,,,,,,,,,,,
train_1704,,,,,,,,,,,,,
train_1705,,,,,,,,,,,,,
train_1706,,,,,,,,,,,,,
train_1707,,,,,,,,,,,,,
train_1708,,,,,,,,,,,,,
train_1709,,,,,,,,,,,,,
train_1710,,,,,,,,,,,,,
train_1711,,,,,,,,,,,,,
train_1712,,,,,,,,,,,,,
train_1713,,,,,,,,,,,,,
train_1714,,,,,,,,,,,,,
train_1715,,,,,,,,,,,,,
train_1716,,,,,,,,,,,,,
train_1717,,,,,,,,,,,,,
train_1718,,,,,,,,,,,,,
train_1719,,,,,,,,,,,,,
train_1720,,,,,,,,,,,,,
train_1721,,,,,,,,,,,,,
train_1722,,,,,,,,,,,,,
train_1723,,,,,,,,,,,,,
train_1724,,,,,,,,,,,,,
train_1725,,,,,,,,,,,,,
train_1726,,,,,,,,,,,,,
train_1727,,,,,,,,,,,,,
train_1728,,,,,,,,,,,,,
train_1729,,,,,,,,,,,,,
train_1730,,,,,,,,,,,,,
train_1731,,,,,,,,,,,,,
train_1732,,,,,,,,,,,,,
train_1733,,,,,,,,,,,,,
train_1734,,,,,,,,,,,,,
train_1735,,,,,,,,,,,,,
train_1736,,,,,,,,,,,,,
train_1737,,,,,,,,,,,,,
train_1738,,,,,,,,,,,,,
train_1739,,,,,,,,,,,,,
train_1740,,,,,,,,,,,,,
train_1741,,,,,,,,,,,,,
train_1742,,,,,,,,,,,,,
train_1743,,,,,,,,,,,,,
train_1744,,,,,,,,,,,,,
train_1745,,,,,,,,,,,,,
train_1746,,,,,,,,,,,,,
train_1747,,,,,,,,,,,,,
train_1748,,,,,,,,,,,,,
train_1749,,,,,,,,,,,,,
train_1750,,,,,,,,,,,,,
train_1751,,,,,,,,,,,,,
train_1752,,,,,,,,,,,,,
train_1753,,,,,,,,,,,,,
train_1754,,,,,,,,,,,,,
train_1755,,,,,,,,,,,,,
train_1756,,,,,,,,,,,,,
train_1757,,,,,,,,,,,,,
train_1758,,,,,,,,,,,,,
train_1759,,,,,,,,,,,,,
train_1760,,,,,,,,,,,,,
train_1761,,,,,,,,,,,,,
train_1762,,,,,,,,,,,,,
train_1763,,,,,,,,,,,,,
train_1764,,,,,,,,,,,,,
train_1765,,,,,,,,,,,,,
train_1766,,,,,,,,,,,,,
train_1767,,,,,,,,,,,,,
train_1768,,,,,,,,,,,,,
train_1769,,,,,,,,,,,,,
train_1770,,,,,,,,,,,,,
train_1771,,,,,,,,,,,,,
train_1772,,,,,,,,,,,,,
train_1773,,,,,,,,,,,,,
train_1774,,,,,,,,,,,,,
train_1775,,,,,,,,,,,,,
train_1776,,,,,,,,,,,,,
train_1777,,,,,,,,,,,,,
train_1778,,,,,,,,,,,,,
train_1779,,,,,,,,,,,,,
train_1780,,,,,,,,,,,,,
train_1781,,,,,,,,,,,,,
train_1782,,,,,,,,,,,,,
train_1783,,,,,,,,,,,,,
train_1784,,,,,,,,,,,,,
train_1785,,,,,,,,,,,,,
train_1786,,,,,,,,,,,,,
train_1787,,,,,,,,,,,,,
train_1788,,,,,,,,,,,,,
train_1789,,,,,,,,,,,,,
train_1790,,,,,,,,,,,,,
train_1791,,,,,,,,,,,,,
train_1792,,,,,,,,,,,,,
train_1793,,,,,,,,,,,,,
train_1794,,,,,,,,,,,,,
train_1795,,,,,,,,,,,,,
train_1796,,,,,,,,,,,,,
train_1797,,,,,,,,,,,,,
train_1798,,,,,,,,,,,,,
train_1799,,,,,,,,,,,,,
train_1800,,,,,,,,,,,,,
train_1801,,,,,,,,,,,,,
train_1802,,,,,,,,,,,,,
train_1803,,,,,,,,,,,,,
train_1804,,,,,,,,,,,,,
train_1805,,,,,,,,,,,,,
train_1806,,,,,,,,,,,,,
train_1807,,,,,,,,,,,,,
train_1808,,,,,,,,,,,,,
train_1809,,,,,,,,,,,,,
train_1810,,,,,,,,,,,,,
train_1811,,,,,,,,,,,,,
train_1812,,,,,,,,,,,,,
train_1813,,,,,,,,,,,,,
train_1814,,,,,,,,,,,,,
train_1815,,,,,,,,,,,,,
train_1816,,,,,,,,,,,,,
train_1817,,,,,,,,,,,,,
train_1818,,,,,,,,,,,,,
train_1819,,,,,,,,,,,,,
train_1820,,,,,,,,,,,,,
train_1821,,,,,,,,,,,,,
train_1822,,,,,,,,,,,,,
train_1823,,,,,,,,,,,,,
train_1824,,,,,,,,,,,,,
train_1825,,,,,,,,,,,,,
train_1826,,,,,,,,,,,,,
train_1827,,,,,,,,,,,,,
train_1828,,,,,,,,,,,,,
train_1829,,,,,,,,,,,,,
train_1830,,,,,,,,,,,,,
train_1831,,,,,,,,,,,,,
train_1832,,,,,,,,,,,,,
train_1833,,,,,,,,,,,,,
train_1834,,,,,,,,,,,,,
train_1835,,,,,,,,,,,,,
train_1836,,,,,,,,,,,,,
train_1837,,,,,,,,,,,,,
train_1838,,,,,,,,,,,,,
train_1839,,,,,,,,,,,,,
train_1840,,,,,,,,,,,,,
train_1841,,,,,,,,,,,,,
train_1842,,,,,,,,,,,,,
train_1843,,,,,,,,,,,,,
train_1844,,,,,,,,,,,,,
train_1845,,,,,,,,,,,,,
train_1846,,,,,,,,,,,,,
train_1847,,,,,,,,,,,,,
train_1848,,,,,,,,,,,,,
train_1849,,,,,,,,,,,,,
train_1850,,,,,,,,,,,,,
train_1851,,,,,,,,,,,,,
train_1852,,,,,,,,,,,,,
train_1853,,,,,,,,,,,,,
train_1854,,,,,,,,,,,,,
train_1855,,,,,,,,,,,,,
train_1856,,,,,,,,,,,,,
train_1857,,,,,,,,,,,,,
train_1858,,,,,,,,,,,,,
train_1859,,,,,,,,,,,,,
train_1860,,,,,,,,,,,,,
train_1861,,,,,,,,,,,,,
train_1862,,,,,,,,,,,,,
train_1863,,,,,,,,,,,,,
train_1864,,,,,,,,,,,,,
train_1865,,,,,,,,,,,,,
train_1866,,,,,,,,,,,,,
train_1867,,,,,,,,,,,,,
train_1868,,,,,,,,,,,,,
train_1869,,,,,,,,,,,,,
train_1870,,,,,,,,,,,,,
train_1871,,,,,,,,,,,,,
train_1872,,,,,,,,,,,,,
train_1873,,,,,,,,,,,,,
train_1874,,,,,,,,,,,,,
train_1875,,,,,,,,,,,,,
train_1876,,,,,,,,,,,,,
train_1877,,,,,,,,,,,,,
train_1878,,,,,,,,,,,,,
train_1879,,,,,,,,,,,,,
train_1880,,,,,,,,,,,,,
train_1881,,,,,,,,,,,,,
train_1882,,,,,,,,,,,,,
train_1883,,,,,,,,,,,,,
train_1884,,,,,,,,,,,,,
train_1885,,,,,,,,,,,,,
train_1886,,,,,,,,,,,,,
train_1887,,,,,,,,,,,,,
train_1888,,,,,,,,,,,,,
train_1889,,,,,,,,,,,,,
train_1890,,,,,,,,,,,,,
train_1891,,,,,,,,,,,,,
train_1892,,,,,,,,,,,,,
train_1893,,,,,,,,,,,,,
train_1894,,,,,,,,,,,,,
train_1895,,,,,,,,,,,,,
train_1896,,,,,,,,,,,,,
train_1897,,,,,,,,,,,,,
train_1898,,,,,,,,,,,,,
train_1899,,,,,,,,,,,,,
train_1900,,,,,,,,,,,,,
train_1901,,,,,,,,,,,,,
train_1902,,,,,,,,,,,,,
train_1903,,,,,,,,,,,,,
train_1904,,,,,,,,,,,,,
train_1905,,,,,,,,,,,,,
train_1906,,,,,,,,,,,,,
train_1907,,,,,,,,,,,,,
train_1908,,,,,,,,,,,,,
train_1909,,,,,,,,,,,,,
train_1910,,,,,,,,,,,,,
train_1911,,,,,,,,,,,,,
train_1912,,,,,,,,,,,,,
train_1913,,,,,,,,,,,,,
train_1914,,,,,,,,,,,,,
train_1915,,,,,,,,,,,,,
train_1916,,,,,,,,,,,,,
train_1917,,,,,,,,,,,,,
train_1918,,,,,,,,,,,,,
train_1919,,,,,,,,,,,,,
train_1920,,,,,,,,,,,,,
train_1921,,,,,,,,,,,,,
train_1922,,,,,,,,,,,,,
train_1923,,,,,,,,,,,,,
train_1924,,,,,,,,,,,,,
train_1925,,,,,,,,,,,,,
train_1926,,,,,,,,,,,,,
train_1927,,,,,,,,,,,,,
train_1928,,,,,,,,,,,,,
train_1929,,,,,,,,,,,,,
train_1930,,,,,,,,,,,,,
train_1931,,,,,,,,,,,,,
train_1932,,,,,,,,,,,,,
train_1933,,,,,,,,,,,,,
train_1934,,,,,,,,,,,,,
train_1935,,,,,,,,,,,,,
train_1936,,,,,,,,,,,,,
train_1937,,,,,,,,,,,,,
train_1938,,,,,,,,,,,,,
train_1939,,,,,,,,,,,,,
train_1940,,,,,,,,,,,,,
train_1941,,,,,,,,,,,,,
train_1942,,,,,,,,,,,,,
train_1943,,,,,,,,,,,,,
train_1944,,,,,,,,,,,,,
train_1945,,,,,,,,,,,,,
train_1946,,,,,,,,,,,,,
train_1947,,,,,,,,,,,,,
train_1948,,,,,,,,,,,,,
train_1949,,,,,,,,,,,,,
train_1950,,,,,,,,,,,,,
train_1951,,,,,,,,,,,,,
train_1952,,,,,,,,,,,,,
train_1953,,,,,,,,,,,,,
train_1954,,,,,,,,,,,,,
train_1955,,,,,,,,,,,,,
train_1956,,,,,,,,,,,,,
train_1957,,,,,,,,,,,,,
train_1958,,,,,,,,,,,,,
train_1959,,,,,,,,,,,,,
train_1960,,,,,,,,,,,,,
train_1961,,,,,,,,,,,,,
train_1962,,,,,,,,,,,,,
train_1963,,,,,,,,,,,,,
train_1964,,,,,,,,,,,,,
train_1965,,,,,,,,,,,,,
train_1966,,,,,,,,,,,,,
train_1967,,,,,,,,,,,,,
train_1968,,,,,,,,,,,,,
train_1969,,,,,,,,,,,,,
train_1970,,,,,,,,,,,,,
train_1971,,,,,,,,,,,,,
train_1972,,,,,,,,,,,,,
train_1973,,,,,,,,,,,,,
train_1974,,,,,,,,,,,,,
train_1975,,,,,,,,,,,,,
train_1976,,,,,,,,,,,,,
train_1977,,,,,,,,,,,,,
train_1978,,,,,,,,,,,,,
train_1979,,,,,,,,,,,,,
train_1980,,,,,,,,,,,,,
train_1981,,,,,,,,,,,,,
train_1982,,,,,,,,,,,,,
train_1983,,,,,,,,,,,,,
train_1984,,,,,,,,,,,,,
train_1985,,,,,,,,,,,,,
train_1986,,,,,,,,,,,,,
train_1987,,,,,,,,,,,,,
train_1988,,,,,,,,,,,,,
train_1989,,,,,,,,,,,,,
train_1990,,,,,,,,,,,,,
train_1991,,,,,,,,,,,,,
train_1992,,,,,,,,,,,,,
train_1993,,,,,,,,,,,,,
train_1994,,,,,,,,,,,,,
train_1995,,,,,,,,,,,,,
train_1996,,,,,,,,,,,,,
train_1997,,,,,,,,,,,,,
train_1998,,,,,,,,,,,,,
train_1999,,,,,,,,,,,,,
train_2000,,,,,,,,,,,,,
train_2001,,,,,,,,,,,,,
train_2002,,,,,,,,,,,,,
train_2003,,,,,,,,,,,,,
train_2004,,,,,,,,,,,,,
train_2005,,,,,,,,,,,,,
train_2006,,,,,,,,,,,,,
train_2007,,,,,,,,,,,,,
train_2008,,,,,,,,,,,,,
train_2009,,,,,,,,,,,,,
train_2010,,,,,,,,,,,,,
train_2011,,,,,,,,,,,,,
train_2012,,,,,,,,,,,,,
train_2013,,,,,,,,,,,,,
train_2014,,,,,,,,,,,,,
train_2015,,,,,,,,,,,,,
train_2016,,,,,,,,,,,,,
train_2017,,,,,,,,,,,,,
train_2018,,,,,,,,,,,,,
train_2019,,,,,,,,,,,,,
train_2020,,,,,,,,,,,,,
train_2021,,,,,,,,,,,,,
train_2022,,,,,,,,,,,,,
train_2023,,,,,,,,,,,,,
train_2024,,,,,,,,,,,,,
train_2025,,,,,,,,,,,,,
train_2026,,,,,,,,,,,,,
train_2027,,,,,,,,,,,,,
train_2028,,,,,,,,,,,,,
train_2029,,,,,,,,,,,,,
train_2030,,,,,,,,,,,,,
train_2031,,,,,,,,,,,,,
train_2032,,,,,,,,,,,,,
train_2033,,,,,,,,,,,,,
train_2034,,,,,,,,,,,,,
train_2035,,,,,,,,,,,,,
train_2036,,,,,,,,,,,,,
train_2037,,,,,,,,,,,,,
train_2038,,,,,,,,,,,,,
train_2039,,,,,,,,,,,,,
train_2040,,,,,,,,,,,,,
train_2041,,,,,,,,,,,,,
train_2042,,,,,,,,,,,,,
train_2043,,,,,,,,,,,,,
train_2044,,,,,,,,,,,,,
train_2045,,,,,,,,,,,,,
train_2046,,,,,,,,,,,,,
train_2047,,,,,,,,,,,,,
train_2048,,,,,,,,,,,,,
train_2049,,,,,,,,,,,,,
train_2050,,,,,,,,,,,,,
train_2051,,,,,,,,,,,,,
train_2052,,,,,,,,,,,,,
train_2053,,,,,,,,,,,,,
train_2054,,,,,,,,,,,,,
train_2055,,,,,,,,,,,,,
train_2056,,,,,,,,,,,,,
train_2057,,,,,,,,,,,,,
train_2058,,,,,,,,,,,,,
train_2059,,,,,,,,,,,,,
train_2060,,,,,,,,,,,,,
train_2061,,,,,,,,,,,,,
train_2062,,,,,,,,,,,,,
train_2063,,,,,,,,,,,,,
train_2064,,,,,,,,,,,,,
train_2065,,,,,,,,,,,,,
train_2066,,,,,,,,,,,,,
train_2067,,,,,,,,,,,,,
train_2068,,,,,,,,,,,,,
train_2069,,,,,,,,,,,,,
train_2070,,,,,,,,,,,,,
train_2071,,,,,,,,,,,,,
train_2072,,,,,,,,,,,,,
train_2073,,,,,,,,,,,,,
train_2074,,,,,,,,,,,,,
train_2075,,,,,,,,,,,,,
train_2076,,,,,,,,,,,,,
train_2077,,,,,,,,,,,,,
train_2078,,,,,,,,,,,,,
train_2079,,,,,,,,,,,,,
train_2080,,,,,,,,,,,,,
train_2081,,,,,,,,,,,,,
train_2082,,,,,,,,,,,,,
train_2083,,,,,,,,,,,,,
train_2084,,,,,,,,,,,,,
train_2085,,,,,,,,,,,,,
train_2086,,,,,,,,,,,,,
train_2087,,,,,,,,,,,,,
train_2088,,,,,,,,,,,,,
train_2089,,,,,,,,,,,,,
train_2090,,,,,,,,,,,,,
train_2091,,,,,,,,,,,,,
train_2092,,,,,,,,,,,,,
train_2093,,,,,,,,,,,,,
train_2094,,,,,,,,,,,,,
train_2095,,,,,,,,,,,,,
train_2096,,,,,,,,,,,,,
train_2097,,,,,,,,,,,,,
train_2098,,,,,,,,,,,,,
train_2099,,,,,,,,,,,,,
train_2100,,,,,,,,,,,,,
train_2101,,,,,,,,,,,,,
train_2102,,,,,,,,,,,,,
train_2103,,,,,,,,,,,,,
train_2104,,,,,,,,,,,,,
train_2105,,,,,,,,,,,,,
train_2106,,,,,,,,,,,,,
train_2107,,,,,,,,,,,,,
train_2108,,,,,,,,,,,,,
train_2109,,,,,,,,,,,,,
train_2110,,,,,,,,,,,,,
train_2111,,,,,,,,,,,,,
train_2112,,,,,,,,,,,,,
train_2113,,,,,,,,,,,,,
train_2114,,,,,,,,,,,,,
train_2115,,,,,,,,,,,,,
train_2116,,,,,,,,,,,,,
train_2117,,,,,,,,,,,,,
train_2118,,,,,,,,,,,,,
train_2119,,,,,,,,,,,,,
train_2120,,,,,,,,,,,,,
train_2121,,,,,,,,,,,,,
train_2122,,,,,,,,,,,,,
train_2123,,,,,,,,,,,,,
train_2124,,,,,,,,,,,,,
train_2125,,,,,,,,,,,,,
train_2126,,,,,,,,,,,,,
train_2127,,,,,,,,,,,,,
train_2128,,,,,,,,,,,,,
train_2129,,,,,,,,,,,,,
train_2130,,,,,,,,,,,,,
train_2131,,,,,,,,,,,,,
train_2132,,,,,,,,,,,,,
train_2133,,,,,,,,,,,,,
train_2134,,,,,,,,,,,,,
train_2135,,,,,,,,,,,,,
train_2136,,,,,,,,,,,,,
train_2137,,,,,,,,,,,,,
train_2138,,,,,,,,,,,,,
train_2139,,,,,,,,,,,,,
train_2140,,,,,,,,,,,,,
train_2141,,,,,,,,,,,,,
train_2142,,,,,,,,,,,,,
train_2143,,,,,,,,,,,,,
train_2144,,,,,,,,,,,,,
train_2145,,,,,,,,,,,,,
train_2146,,,,,,,,,,,,,
train_2147,,,,,,,,,,,,,
train_2148,,,,,,,,,,,,,
train_2149,,,,,,,,,,,,,
train_2150,,,,,,,,,,,,,
train_2151,,,,,,,,,,,,,
train_2152,,,,,,,,,,,,,
train_2153,,,,,,,,,,,,,
train_2154,,,,,,,,,,,,,
train_2155,,,,,,,,,,,,,
train_2156,,,,,,,,,,,,,
train_2157,,,,,,,,,,,,,
train_2158,,,,,,,,,,,,,
train_2159,,,,,,,,,,,,,
train_2160,,,,,,,,,,,,,
train_2161,,,,,,,,,,,,,
train_2162,,,,,,,,,,,,,
train_2163,,,,,,,,,,,,,
train_2164,,,,,,,,,,,,,
train_2165,,,,,,,,,,,,,
train_2166,,,,,,,,,,,,,
train_2167,,,,,,,,,,,,,
train_2168,,,,,,,,,,,,,
train_2169,,,,,,,,,,,,,
train_2170,,,,,,,,,,,,,
train_2171,,,,,,,,,,,,,
train_2172,,,,,,,,,,,,,
train_2173,,,,,,,,,,,,,
train_2174,,,,,,,,,,,,,
train_2175,,,,,,,,,,,,,
train_2176,,,,,,,,,,,,,
train_2177,,,,,,,,,,,,,
train_2178,,,,,,,,,,,,,
train_2179,,,,,,,,,,,,,
train_2180,,,,,,,,,,,,,
train_2181,,,,,,,,,,,,,
train_2182,,,,,,,,,,,,,
train_2183,,,,,,,,,,,,,
train_2184,,,,,,,,,,,,,
train_2185,,,,,,,,,,,,,
train_2186,,,,,,,,,,,,,
train_2187,,,,,,,,,,,,,
train_2188,,,,,,,,,,,,,
train_2189,,,,,,,,,,,,,
train_2190,,,,,,,,,,,,,
train_2191,,,,,,,,,,,,,
train_2192,,,,,,,,,,,,,
train_2193,,,,,,,,,,,,,
train_2194,,,,,,,,,,,,,
train_2195,,,,,,,,,,,,,
train_2196,,,,,,,,,,,,,
train_2197,,,,,,,,,,,,,
train_2198,,,,,,,,,,,,,
train_2199,,,,,,,,,,,,,
train_2200,,,,,,,,,,,,,
train_2201,,,,,,,,,,,,,
train_2202,,,,,,,,,,,,,
train_2203,,,,,,,,,,,,,
train_2204,,,,,,,,,,,,,
train_2205,,,,,,,,,,,,,
train_2206,,,,,,,,,,,,,
train_2207,,,,,,,,,,,,,
train_2208,,,,,,,,,,,,,
train_2209,,,,,,,,,,,,,
train_2210,,,,,,,,,,,,,
train_2211,,,,,,,,,,,,,
train_2212,,,,,,,,,,,,,
train_2213,,,,,,,,,,,,,
train_2214,,,,,,,,,,,,,
train_2215,,,,,,,,,,,,,
train_2216,,,,,,,,,,,,,
train_2217,,,,,,,,,,,,,
train_2218,,,,,,,,,,,,,
train_2219,,,,,,,,,,,,,
train_2220,,,,,,,,,,,,,
train_2221,,,,,,,,,,,,,
train_2222,,,,,,,,,,,,,
train_2223,,,,,,,,,,,,,
train_2224,,,,,,,,,,,,,
train_2225,,,,,,,,,,,,,
train_2226,,,,,,,,,,,,,
train_2227,,,,,,,,,,,,,
train_2228,,,,,,,,,,,,,
train_2229,,,,,,,,,,,,,
train_2230,,,,,,,,,,,,,
train_2231,,,,,,,,,,,,,
train_2232,,,,,,,,,,,,,
train_2233,,,,,,,,,,,,,
train_2234,,,,,,,,,,,,,
train_2235,,,,,,,,,,,,,
train_2236,,,,,,,,,,,,,
train_2237,,,,,,,,,,,,,
train_2238,,,,,,,,,,,,,
train_2239,,,,,,,,,,,,,
train_2240,,,,,,,,,,,,,
train_2241,,,,,,,,,,,,,
train_2242,,,,,,,,,,,,,
train_2243,,,,,,,,,,,,,
train_2244,,,,,,,,,,,,,
train_2245,,,,,,,,,,,,,
train_2246,,,,,,,,,,,,,
train_2247,,,,,,,,,,,,,
train_2248,,,,,,,,,,,,,
train_2249,,,,,,,,,,,,,
train_2250,,,,,,,,,,,,,
train_2251,,,,,,,,,,,,,
train_2252,,,,,,,,,,,,,
train_2253,,,,,,,,,,,,,
train_2254,,,,,,,,,,,,,
train_2255,,,,,,,,,,,,,
train_2256,,,,,,,,,,,,,
train_2257,,,,,,,,,,,,,
train_2258,,,,,,,,,,,,,
train_2259,,,,,,,,,,,,,
train_2260,,,,,,,,,,,,,
train_2261,,,,,,,,,,,,,
train_2262,,,,,,,,,,,,,
train_2263,,,,,,,,,,,,,
train_2264,,,,,,,,,,,,,
train_2265,,,,,,,,,,,,,
train_2266,,,,,,,,,,,,,
train_2267,,,,,,,,,,,,,
train_2268,,,,,,,,,,,,,
train_2269,,,,,,,,,,,,,
train_2270,,,,,,,,,,,,,
train_2271,,,,,,,,,,,,,
train_2272,,,,,,,,,,,,,
train_2273,,,,,,,,,,,,,
train_2274,,,,,,,,,,,,,
train_2275,,,,,,,,,,,,,
train_2276,,,,,,,,,,,,,
train_2277,,,,,,,,,,,,,
train_2278,,,,,,,,,,,,,
train_2279,,,,,,,,,,,,,
train_2280,,,,,,,,,,,,,
train_2281,,,,,,,,,,,,,
train_2282,,,,,,,,,,,,,
train_2283,,,,,,,,,,,,,
train_2284,,,,,,,,,,,,,
train_2285,,,,,,,,,,,,,
train_2286,,,,,,,,,,,,,
train_2287,,,,,,,,,,,,,
train_2288,,,,,,,,,,,,,
train_2289,,,,,,,,,,,,,
train_2290,,,,,,,,,,,,,
train_2291,,,,,,,,,,,,,
train_2292,,,,,,,,,,,,,
train_2293,,,,,,,,,,,,,
train_2294,,,,,,,,,,,,,
train_2295,,,,,,,,,,,,,
train_2296,,,,,,,,,,,,,
train_2297,,,,,,,,,,,,,
train_2298,,,,,,,,,,,,,
train_2299,,,,,,,,,,,,,
train_2300,,,,,,,,,,,,,
train_2301,,,,,,,,,,,,,
train_2302,,,,,,,,,,,,,
train_2303,,,,,,,,,,,,,
train_2304,,,,,,,,,,,,,
train_2305,,,,,,,,,,,,,
train_2306,,,,,,,,,,,,,
train_2307,,,,,,,,,,,,,
train_2308,,,,,,,,,,,,,
train_2309,,,,,,,,,,,,,
train_2310,,,,,,,,,,,,,
train_2311,,,,,,,,,,,,,
train_2312,,,,,,,,,,,,,
train_2313,,,,,,,,,,,,,
train_2314,,,,,,,,,,,,,
train_2315,,,,,,,,,,,,,
train_2316,,,,,,,,,,,,,
train_2317,,,,,,,,,,,,,
train_2318,,,,,,,,,,,,,
train_2319,,,,,,,,,,,,,
train_2320,,,,,,,,,,,,,
train_2321,,,,,,,,,,,,,
train_2322,,,,,,,,,,,,,
train_2323,,,,,,,,,,,,,
train_2324,,,,,,,,,,,,,
train_2325,,,,,,,,,,,,,
train_2326,,,,,,,,,,,,,
train_2327,,,,,,,,,,,,,
train_2328,,,,,,,,,,,,,
train_2329,,,,,,,,,,,,,
train_2330,,,,,,,,,,,,,
train_2331,,,,,,,,,,,,,
train_2332,,,,,,,,,,,,,
train_2333,,,,,,,,,,,,,
train_2334,,,,,,,,,,,,,
train_2335,,,,,,,,,,,,,
train_2336,,,,,,,,,,,,,
train_2337,,,,,,,,,,,,,
train_2338,,,,,,,,,,,,,
train_2339,,,,,,,,,,,,,
train_2340,,,,,,,,,,,,,
train_2341,,,,,,,,,,,,,
train_2342,,,,,,,,,,,,,
train_2343,,,,,,,,,,,,,
train_2344,,,,,,,,,,,,,
train_2345,,,,,,,,,,,,,
train_2346,,,,,,,,,,,,,
train_2347,,,,,,,,,,,,,
train_2348,,,,,,,,,,,,,
train_2349,,,,,,,,,,,,,
train_2350,,,,,,,,,,,,,
train_2351,,,,,,,,,,,,,
train_2352,,,,,,,,,,,,,
train_2353,,,,,,,,,,,,,
train_2354,,,,,,,,,,,,,
train_2355,,,,,,,,,,,,,
train_2356,,,,,,,,,,,,,
train_2357,,,,,,,,,,,,,
train_2358,,,,,,,,,,,,,
train_2359,,,,,,,,,,,,,
train_2360,,,,,,,,,,,,,
train_2361,,,,,,,,,,,,,
train_2362,,,,,,,,,,,,,
train_2363,,,,,,,,,,,,,
train_2364,,,,,,,,,,,,,
train_2365,,,,,,,,,,,,,
train_2366,,,,,,,,,,,,,
train_2367,,,,,,,,,,,,,
train_2368,,,,,,,,,,,,,
train_2369,,,,,,,,,,,,,
train_2370,,,,,,,,,,,,,
train_2371,,,,,,,,,,,,,
train_2372,,,,,,,,,,,,,
train_2373,,,,,,,,,,,,,
train_2374,,,,,,,,,,,,,
train_2375,,,,,,,,,,,,,
train_2376,,,,,,,,,,,,,
train_2377,,,,,,,,,,,,,
train_2378,,,,,,,,,,,,,
train_2379,,,,,,,,,,,,,
train_2380,,,,,,,,,,,,,
train_2381,,,,,,,,,,,,,
train_2382,,,,,,,,,,,,,
train_2383,,,,,,,,,,,,,
train_2384,,,,,,,,,,,,,
train_2385,,,,,,,,,,,,,
train_2386,,,,,,,,,,,,,
train_2387,,,,,,,,,,,,,
train_2388,,,,,,,,,,,,,
train_2389,,,,,,,,,,,,,
train_2390,,,,,,,,,,,,,
train_2391,,,,,,,,,,,,,
train_2392,,,,,,,,,,,,,
train_2393,,,,,,,,,,,,,
train_2394,,,,,,,,,,,,,
train_2395,,,,,,,,,,,,,
train_2396,,,,,,,,,,,,,
train_2397,,,,,,,,,,,,,
train_2398,,,,,,,,,,,,,
train_2399,,,,,,,,,,,,,
train_2400,,,,,,,,,,,,,
train_2401,,,,,,,,,,,,,
train_2402,,,,,,,,,,,,,
train_2403,,,,,,,,,,,,,
train_2404,,,,,,,,,,,,,
train_2405,,,,,,,,,,,,,
train_2406,,,,,,,,,,,,,
train_2407,,,,,,,,,,,,,
train_2408,,,,,,,,,,,,,
train_2409,,,,,,,,,,,,,
train_2410,,,,,,,,,,,,,
train_2411,,,,,,,,,,,,,
train_2412,,,,,,,,,,,,,
train_2413,,,,,,,,,,,,,
train_2414,,,,,,,,,,,,,
train_2415,,,,,,,,,,,,,
train_2416,,,,,,,,,,,,,
train_2417,,,,,,,,,,,,,
train_2418,,,,,,,,,,,,,
train_2419,,,,,,,,,,,,,
train_2420,,,,,,,,,,,,,
train_2421,,,,,,,,,,,,,
train_2422,,,,,,,,,,,,,
train_2423,,,,,,,,,,,,,
train_2424,,,,,,,,,,,,,
train_2425,,,,,,,,,,,,,
train_2426,,,,,,,,,,,,,
train_2427,,,,,,,,,,,,,
train_2428,,,,,,,,,,,,,
train_2429,,,,,,,,,,,,,
train_2430,,,,,,,,,,,,,
train_2431,,,,,,,,,,,,,
train_2432,,,,,,,,,,,,,
train_2433,,,,,,,,,,,,,
train_2434,,,,,,,,,,,,,
train_2435,,,,,,,,,,,,,
train_2436,,,,,,,,,,,,,
train_2437,,,,,,,,,,,,,
train_2438,,,,,,,,,,,,,
train_2439,,,,,,,,,,,,,
train_2440,,,,,,,,,,,,,
train_2441,,,,,,,,,,,,,
train_2442,,,,,,,,,,,,,
train_2443,,,,,,,,,,,,,
train_2444,,,,,,,,,,,,,
train_2445,,,,,,,,,,,,,
train_2446,,,,,,,,,,,,,
train_2447,,,,,,,,,,,,,
train_2448,,,,,,,,,,,,,
train_2449,,,,,,,,,,,,,
train_2450,,,,,,,,,,,,,
train_2451,,,,,,,,,,,,,
train_2452,,,,,,,,,,,,,
train_2453,,,,,,,,,,,,,
train_2454,,,,,,,,,,,,,
train_2455,,,,,,,,,,,,,
train_2456,,,,,,,,,,,,,
train_2457,,,,,,,,,,,,,
train_2458,,,,,,,,,,,,,
train_2459,,,,,,,,,,,,,
train_2460,,,,,,,,,,,,,
train_2461,,,,,,,,,,,,,
train_2462,,,,,,,,,,,,,
train_2463,,,,,,,,,,,,,
train_2464,,,,,,,,,,,,,
train_2465,,,,,,,,,,,,,
train_2466,,,,,,,,,,,,,
train_2467,,,,,,,,,,,,,
train_2468,,,,,,,,,,,,,
train_2469,,,,,,,,,,,,,
train_2470,,,,,,,,,,,,,
train_2471,,,,,,,,,,,,,
train_2472,,,,,,,,,,,,,
train_2473,,,,,,,,,,,,,
train_2474,,,,,,,,,,,,,
train_2475,,,,,,,,,,,,,
train_2476,,,,,,,,,,,,,
train_2477,,,,,,,,,,,,,
train_2478,,,,,,,,,,,,,
train_2479,,,,,,,,,,,,,
train_2480,,,,,,,,,,,,,
train_2481,,,,,,,,,,,,,
train_2482,,,,,,,,,,,,,
train_2483,,,,,,,,,,,,,
train_2484,,,,,,,,,,,,,
train_2485,,,,,,,,,,,,,
train_2486,,,,,,,,,,,,,
train_2487,,,,,,,,,,,,,
train_2488,,,,,,,,,,,,,
train_2489,,,,,,,,,,,,,
train_2490,,,,,,,,,,,,,
train_2491,,,,,,,,,,,,,
train_2492,,,,,,,,,,,,,
train_2493,,,,,,,,,,,,,
train_2494,,,,,,,,,,,,,
train_2495,,,,,,,,,,,,,
train_2496,,,,,,,,,,,,,
train_2497,,,,,,,,,,,,,
train_2498,,,,,,,,,,,,,
train_2499,,,,,,,,,,,,,
train_2500,,,,,,,,,,,,,
train_2501,,,,,,,,,,,,,
train_2502,,,,,,,,,,,,,
train_2503,,,,,,,,,,,,,
train_2504,,,,,,,,,,,,,
train_2505,,,,,,,,,,,,,
train_2506,,,,,,,,,,,,,
train_2507,,,,,,,,,,,,,
train_2508,,,,,,,,,,,,,
train_2509,,,,,,,,,,,,,
train_2510,,,,,,,,,,,,,
train_2511,,,,,,,,,,,,,
train_2512,,,,,,,,,,,,,
train_2513,,,,,,,,,,,,,
train_2514,,,,,,,,,,,,,
train_2515,,,,,,,,,,,,,
train_2516,,,,,,,,,,,,,
train_2517,,,,,,,,,,,,,
train_2518,,,,,,,,,,,,,
train_2519,,,,,,,,,,,,,
train_2520,,,,,,,,,,,,,
train_2521,,,,,,,,,,,,,
train_2522,,,,,,,,,,,,,
train_2523,,,,,,,,,,,,,
train_2524,,,,,,,,,,,,,
train_2525,,,,,,,,,,,,,
train_2526,,,,,,,,,,,,,
train_2527,,,,,,,,,,,,,
train_2528,,,,,,,,,,,,,
train_2529,,,,,,,,,,,,,
train_2530,,,,,,,,,,,,,
train_2531,,,,,,,,,,,,,
train_2532,,,,,,,,,,,,,
train_2533,,,,,,,,,,,,,
train_2534,,,,,,,,,,,,,
train_2535,,,,,,,,,,,,,
train_2536,,,,,,,,,,,,,
train_2537,,,,,,,,,,,,,
train_2538,,,,,,,,,,,,,
train_2539,,,,,,,,,,,,,
train_2540,,,,,,,,,,,,,
train_2541,,,,,,,,,,,,,
train_2542,,,,,,,,,,,,,
train_2543,,,,,,,,,,,,,
train_2544,,,,,,,,,,,,,
train_2545,,,,,,,,,,,,,
train_2546,,,,,,,,,,,,,
train_2547,,,,,,,,,,,,,
train_2548,,,,,,,,,,,,,
train_2549,,,,,,,,,,,,,
train_2550,,,,,,,,,,,,,
train_2551,,,,,,,,,,,,,
train_2552,,,,,,,,,,,,,
train_2553,,,,,,,,,,,,,
train_2554,,,,,,,,,,,,,
train_2555,,,,,,,,,,,,,
train_2556,,,,,,,,,,,,,
train_2557,,,,,,,,,,,,,
train_2558,,,,,,,,,,,,,
train_2559,,,,,,,,,,,,,
train_2560,,,,,,,,,,,,,
train_2561,,,,,,,,,,,,,
train_2562,,,,,,,,,,,,,
train_2563,,,,,,,,,,,,,
train_2564,,,,,,,,,,,,,
train_2565,,,,,,,,,,,,,
train_2566,,,,,,,,,,,,,
train_2567,,,,,,,,,,,,,
train_2568,,,,,,,,,,,,,
train_2569,,,,,,,,,,,,,
train_2570,,,,,,,,,,,,,
train_2571,,,,,,,,,,,,,
train_2572,,,,,,,,,,,,,
train_2573,,,,,,,,,,,,,
train_2574,,,,,,,,,,,,,
train_2575,,,,,,,,,,,,,
train_2576,,,,,,,,,,,,,
train_2577,,,,,,,,,,,,,
train_2578,,,,,,,,,,,,,
train_2579,,,,,,,,,,,,,
train_2580,,,,,,,,,,,,,
train_2581,,,,,,,,,,,,,
train_2582,,,,,,,,,,,,,
train_2583,,,,,,,,,,,,,
train_2584,,,,,,,,,,,,,
train_2585,,,,,,,,,,,,,
train_2586,,,,,,,,,,,,,
train_2587,,,,,,,,,,,,,
train_2588,,,,,,,,,,,,,
train_2589,,,,,,,,,,,,,
train_2590,,,,,,,,,,,,,
train_2591,,,,,,,,,,,,,
train_2592,,,,,,,,,,,,,
train_2593,,,,,,,,,,,,,
train_2594,,,,,,,,,,,,,
train_2595,,,,,,,,,,,,,
train_2596,,,,,,,,,,,,,
train_2597,,,,,,,,,,,,,
train_2598,,,,,,,,,,,,,
train_2599,,,,,,,,,,,,,
train_2600,,,,,,,,,,,,,
train_2601,,,,,,,,,,,,,
train_2602,,,,,,,,,,,,,
train_2603,,,,,,,,,,,,,
train_2604,,,,,,,,,,,,,
train_2605,,,,,,,,,,,,,
train_2606,,,,,,,,,,,,,
train_2607,,,,,,,,,,,,,
train_2608,,,,,,,,,,,,,
train_2609,,,,,,,,,,,,,
train_2610,,,,,,,,,,,,,
train_2611,,,,,,,,,,,,,
train_2612,,,,,,,,,,,,,
train_2613,,,,,,,,,,,,,
train_2614,,,,,,,,,,,,,
train_2615,,,,,,,,,,,,,
train_2616,,,,,,,,,,,,,
train_2617,,,,,,,,,,,,,
train_2618,,,,,,,,,,,,,
train_2619,,,,,,,,,,,,,
train_2620,,,,,,,,,,,,,
train_2621,,,,,,,,,,,,,
train_2622,,,,,,,,,,,,,
train_2623,,,,,,,,,,,,,
train_2624,,,,,,,,,,,,,
train_2625,,,,,,,,,,,,,
train_2626,,,,,,,,,,,,,
train_2627,,,,,,,,,,,,,
train_2628,,,,,,,,,,,,,
train_2629,,,,,,,,,,,,,
train_2630,,,,,,,,,,,,,
train_2631,,,,,,,,,,,,,
train_2632,,,,,,,,,,,,,
train_2633,,,,,,,,,,,,,
train_2634,,,,,,,,,,,,,
train_2635,,,,,,,,,,,,,
train_2636,,,,,,,,,,,,,
train_2637,,,,,,,,,,,,,
train_2638,,,,,,,,,,,,,
train_2639,,,,,,,,,,,,,
train_2640,,,,,,,,,,,,,
train_2641,,,,,,,,,,,,,
train_2642,,,,,,,,,,,,,
train_2643,,,,,,,,,,,,,
train_2644,,,,,,,,,,,,,
train_2645,,,,,,,,,,,,,
train_2646,,,,,,,,,,,,,
train_2647,,,,,,,,,,,,,
train_2648,,,,,,,,,,,,,
train_2649,,,,,,,,,,,,,
train_2650,,,,,,,,,,,,,
train_2651,,,,,,,,,,,,,
train_2652,,,,,,,,,,,,,
train_2653,,,,,,,,,,,,,
train_2654,,,,,,,,,,,,,
train_2655,,,,,,,,,,,,,
train_2656,,,,,,,,,,,,,
train_2657,,,,,,,,,,,,,
train_2658,,,,,,,,,,,,,
train_2659,,,,,,,,,,,,,
train_2660,,,,,,,,,,,,,
train_2661,,,,,,,,,,,,,
train_2662,,,,,,,,,,,,,
train_2663,,,,,,,,,,,,,
train_2664,,,,,,,,,,,,,
train_2665,,,,,,,,,,,,,
train_2666,,,,,,,,,,,,,
train_2667,,,,,,,,,,,,,
train_2668,,,,,,,,,,,,,
train_2669,,,,,,,,,,,,,
train_2670,,,,,,,,,,,,,
train_2671,,,,,,,,,,,,,
train_2672,,,,,,,,,,,,,
train_2673,,,,,,,,,,,,,
train_2674,,,,,,,,,,,,,
train_2675,,,,,,,,,,,,,
train_2676,,,,,,,,,,,,,
train_2677,,,,,,,,,,,,,
train_2678,,,,,,,,,,,,,
train_2679,,,,,,,,,,,,,
train_2680,,,,,,,,,,,,,
train_2681,,,,,,,,,,,,,
train_2682,,,,,,,,,,,,,
train_2683,,,,,,,,,,,,,
train_2684,,,,,,,,,,,,,
train_2685,,,,,,,,,,,,,
train_2686,,,,,,,,,,,,,
train_2687,,,,,,,,,,,,,
train_2688,,,,,,,,,,,,,
train_2689,,,,,,,,,,,,,
train_2690,,,,,,,,,,,,,
train_2691,,,,,,,,,,,,,
train_2692,,,,,,,,,,,,,
train_2693,,,,,,,,,,,,,
train_2694,,,,,,,,,,,,,
train_2695,,,,,,,,,,,,,
train_2696,,,,,,,,,,,,,
train_2697,,,,,,,,,,,,,
train_2698,,,,,,,,,,,,,
train_2699,,,,,,,,,,,,,
train_2700,,,,,,,,,,,,,
train_2701,,,,,,,,,,,,,
train_2702,,,,,,,,,,,,,
train_2703,,,,,,,,,,,,,
train_2704,,,,,,,,,,,,,
train_2705,,,,,,,,,,,,,
train_2706,,,,,,,,,,,,,
train_2707,,,,,,,,,,,,,
train_2708,,,,,,,,,,,,,
train_2709,,,,,,,,,,,,,
train_2710,,,,,,,,,,,,,
train_2711,,,,,,,,,,,,,
train_2712,,,,,,,,,,,,,
train_2713,,,,,,,,,,,,,
train_2714,,,,,,,,,,,,,
train_2715,,,,,,,,,,,,,
train_2716,,,,,,,,,,,,,
train_2717,,,,,,,,,,,,,
train_2718,,,,,,,,,,,,,
train_2719,,,,,,,,,,,,,
train_2720,,,,,,,,,,,,,
train_2721,,,,,,,,,,,,,
train_2722,,,,,,,,,,,,,
train_2723,,,,,,,,,,,,,
train_2724,,,,,,,,,,,,,
train_2725,,,,,,,,,,,,,
train_2726,,,,,,,,,,,,,
train_2727,,,,,,,,,,,,,
train_2728,,,,,,,,,,,,,
train_2729,,,,,,,,,,,,,
train_2730,,,,,,,,,,,,,
train_2731,,,,,,,,,,,,,
train_2732,,,,,,,,,,,,,
train_2733,,,,,,,,,,,,,
train_2734,,,,,,,,,,,,,
train_2735,,,,,,,,,,,,,
train_2736,,,,,,,,,,,,,
train_2737,,,,,,,,,,,,,
train_2738,,,,,,,,,,,,,
train_2739,,,,,,,,,,,,,
train_2740,,,,,,,,,,,,,
train_2741,,,,,,,,,,,,,
train_2742,,,,,,,,,,,,,
train_2743,,,,,,,,,,,,,
train_2744,,,,,,,,,,,,,
train_2745,,,,,,,,,,,,,
train_2746,,,,,,,,,,,,,
train_2747,,,,,,,,,,,,,
train_2748,,,,,,,,,,,,,
train_2749,,,,,,,,,,,,,
train_2750,,,,,,,,,,,,,
train_2751,,,,,,,,,,,,,
train_2752,,,,,,,,,,,,,
train_2753,,,,,,,,,,,,,
train_2754,,,,,,,,,,,,,
train_2755,,,,,,,,,,,,,
train_2756,,,,,,,,,,,,,
train_2757,,,,,,,,,,,,,
train_2758,,,,,,,,,,,,,
train_2759,,,,,,,,,,,,,
train_2760,,,,,,,,,,,,,
train_2761,,,,,,,,,,,,,
train_2762,,,,,,,,,,,,,
train_2763,,,,,,,,,,,,,
train_2764,,,,,,,,,,,,,
train_2765,,,,,,,,,,,,,
train_2766,,,,,,,,,,,,,
train_2767,,,,,,,,,,,,,
train_2768,,,,,,,,,,,,,
train_2769,,,,,,,,,,,,,
train_2770,,,,,,,,,,,,,
train_2771,,,,,,,,,,,,,
train_2772,,,,,,,,,,,,,
train_2773,,,,,,,,,,,,,
train_2774,,,,,,,,,,,,,
train_2775,,,,,,,,,,,,,
train_2776,,,,,,,,,,,,,
train_2777,,,,,,,,,,,,,
train_2778,,,,,,,,,,,,,
train_2779,,,,,,,,,,,,,
train_2780,,,,,,,,,,,,,
train_2781,,,,,,,,,,,,,
train_2782,,,,,,,,,,,,,
train_2783,,,,,,,,,,,,,
train_2784,,,,,,,,,,,,,
train_2785,,,,,,,,,,,,,
train_2786,,,,,,,,,,,,,
train_2787,,,,,,,,,,,,,
train_2788,,,,,,,,,,,,,
train_2789,,,,,,,,,,,,,
train_2790,,,,,,,,,,,,,
train_2791,,,,,,,,,,,,,
train_2792,,,,,,,,,,,,,
train_2793,,,,,,,,,,,,,
train_2794,,,,,,,,,,,,,
train_2795,,,,,,,,,,,,,
train_2796,,,,,,,,,,,,,
train_2797,,,,,,,,,,,,,
train_2798,,,,,,,,,,,,,
train_2799,,,,,,,,,,,,,
train_2800,,,,,,,,,,,,,
train_2801,,,,,,,,,,,,,
train_2802,,,,,,,,,,,,,
train_2803,,,,,,,,,,,,,
train_2804,,,,,,,,,,,,,
train_2805,,,,,,,,,,,,,
train_2806,,,,,,,,,,,,,
train_2807,,,,,,,,,,,,,
train_2808,,,,,,,,,,,,,
train_2809,,,,,,,,,,,,,
train_2810,,,,,,,,,,,,,
train_2811,,,,,,,,,,,,,
train_2812,,,,,,,,,,,,,
train_2813,,,,,,,,,,,,,
train_2814,,,,,,,,,,,,,
train_2815,,,,,,,,,,,,,
train_2816,,,,,,,,,,,,,
train_2817,,,,,,,,,,,,,
train_2818,,,,,,,,,,,,,
train_2819,,,,,,,,,,,,,
train_2820,,,,,,,,,,,,,
train_2821,,,,,,,,,,,,,
train_2822,,,,,,,,,,,,,
train_2823,,,,,,,,,,,,,
train_2824,,,,,,,,,,,,,
train_2825,,,,,,,,,,,,,
train_2826,,,,,,,,,,,,,
train_2827,,,,,,,,,,,,,
train_2828,,,,,,,,,,,,,
train_2829,,,,,,,,,,,,,
train_2830,,,,,,,,,,,,,
train_2831,,,,,,,,,,,,,
train_2832,,,,,,,,,,,,,
train_2833,,,,,,,,,,,,,
train_2834,,,,,,,,,,,,,
train_2835,,,,,,,,,,,,,
train_2836,,,,,,,,,,,,,
train_2837,,,,,,,,,,,,,
train_2838,,,,,,,,,,,,,
train_2839,,,,,,,,,,,,,
train_2840,,,,,,,,,,,,,
train_2841,,,,,,,,,,,,,
train_2842,,,,,,,,,,,,,
train_2843,,,,,,,,,,,,,
train_2844,,,,,,,,,,,,,
train_2845,,,,,,,,,,,,,
train_2846,,,,,,,,,,,,,
train_2847,,,,,,,,,,,,,
train_2848,,,,,,,,,,,,,
train_2849,,,,,,,,,,,,,
train_2850,,,,,,,,,,,,,
train_2851,,,,,,,,,,,,,
train_2852,,,,,,,,,,,,,
train_2853,,,,,,,,,,,,,
train_2854,,,,,,,,,,,,,
train_2855,,,,,,,,,,,,,
train_2856,,,,,,,,,,,,,
train_2857,,,,,,,,,,,,,
train_2858,,,,,,,,,,,,,
train_2859,,,,,,,,,,,,,
train_2860,,,,,,,,,,,,,
train_2861,,,,,,,,,,,,,
train_2862,,,,,,,,,,,,,
train_2863,,,,,,,,,,,,,
train_2864,,,,,,,,,,,,,
train_2865,,,,,,,,,,,,,
train_2866,,,,,,,,,,,,,
train_2867,,,,,,,,,,,,,
train_2868,,,,,,,,,,,,,
train_2869,,,,,,,,,,,,,
train_2870,,,,,,,,,,,,,
train_2871,,,,,,,,,,,,,
train_2872,,,,,,,,,,,,,
train_2873,,,,,,,,,,,,,
train_2874,,,,,,,,,,,,,
train_2875,,,,,,,,,,,,,
train_2876,,,,,,,,,,,,,
train_2877,,,,,,,,,,,,,
train_2878,,,,,,,,,,,,,
train_2879,,,,,,,,,,,,,
train_2880,,,,,,,,,,,,,
train_2881,,,,,,,,,,,,,
train_2882,,,,,,,,,,,,,
train_2883,,,,,,,,,,,,,
train_2884,,,,,,,,,,,,,
train_2885,,,,,,,,,,,,,
train_2886,,,,,,,,,,,,,
train_2887,,,,,,,,,,,,,
train_2888,,,,,,,,,,,,,
train_2889,,,,,,,,,,,,,
train_2890,,,,,,,,,,,,,
train_2891,,,,,,,,,,,,,
train_2892,,,,,,,,,,,,,
train_2893,,,,,,,,,,,,,
train_2894,,,,,,,,,,,,,
train_2895,,,,,,,,,,,,,
train_2896,,,,,,,,,,,,,
train_2897,,,,,,,,,,,,,
train_2898,,,,,,,,,,,,,
train_2899,,,,,,,,,,,,,
train_2900,,,,,,,,,,,,,
train_2901,,,,,,,,,,,,,
train_2902,,,,,,,,,,,,,
train_2903,,,,,,,,,,,,,
train_2904,,,,,,,,,,,,,
train_2905,,,,,,,,,,,,,
train_2906,,,,,,,,,,,,,
train_2907,,,,,,,,,,,,,
train_2908,,,,,,,,,,,,,
train_2909,,,,,,,,,,,,,
train_2910,,,,,,,,,,,,,
train_2911,,,,,,,,,,,,,
train_2912,,,,,,,,,,,,,
train_2913,,,,,,,,,,,,,
train_2914,,,,,,,,,,,,,
train_2915,,,,,,,,,,,,,
train_2916,,,,,,,,,,,,,
train_2917,,,,,,,,,,,,,
train_2918,,,,,,,,,,,,,
train_2919,,,,,,,,,,,,,
train_2920,,,,,,,,,,,,,
train_2921,,,,,,,,,,,,,
train_2922,,,,,,,,,,,,,
train_2923,,,,,,,,,,,,,
train_2924,,,,,,,,,,,,,
train_2925,,,,,,,,,,,,,
train_2926,,,,,,,,,,,,,
train_2927,,,,,,,,,,,,,
train_2928,,,,,,,,,,,,,
train_2929,,,,,,,,,,,,,
train_2930,,,,,,,,,,,,,
train_2931,,,,,,,,,,,,,
train_2932,,,,,,,,,,,,,
train_2933,,,,,,,,,,,,,
train_2934,,,,,,,,,,,,,
train_2935,,,,,,,,,,,,,
train_2936,,,,,,,,,,,,,
train_2937,,,,,,,,,,,,,
train_2938,,,,,,,,,,,,,
train_2939,,,,,,,,,,,,,
train_2940,,,,,,,,,,,,,
train_2941,,,,,,,,,,,,,
train_2942,,,,,,,,,,,,,
train_2943,,,,,,,,,,,,,
train_2944,,,,,,,,,,,,,
train_2945,,,,,,,,,,,,,
train_2946,,,,,,,,,,,,,
train_2947,,,,,,,,,,,,,
train_2948,,,,,,,,,,,,,
train_2949,,,,,,,,,,,,,
train_2950,,,,,,,,,,,,,
train_2951,,,,,,,,,,,,,
train_2952,,,,,,,,,,,,,
train_2953,,,,,,,,,,,,,
train_2954,,,,,,,,,,,,,
train_2955,,,,,,,,,,,,,
train_2956,,,,,,,,,,,,,
train_2957,,,,,,,,,,,,,
train_2958,,,,,,,,,,,,,
train_2959,,,,,,,,,,,,,
train_2960,,,,,,,,,,,,,
train_2961,,,,,,,,,,,,,
train_2962,,,,,,,,,,,,,
train_2963,,,,,,,,,,,,,
train_2964,,,,,,,,,,,,,
train_2965,,,,,,,,,,,,,
train_2966,,,,,,,,,,,,,
train_2967,,,,,,,,,,,,,
train_2968,,,,,,,,,,,,,
train_2969,,,,,,,,,,,,,
train_2970,,,,,,,,,,,,,
train_2971,,,,,,,,,,,,,
train_2972,,,,,,,,,,,,,
train_2973,,,,,,,,,,,,,
train_2974,,,,,,,,,,,,,
train_2975,,,,,,,,,,,,,
train_2976,,,,,,,,,,,,,
train_2977,,,,,,,,,,,,,
train_2978,,,,,,,,,,,,,
train_2979,,,,,,,,,,,,,
train_2980,,,,,,,,,,,,,
train_2981,,,,,,,,,,,,,
train_2982,,,,,,,,,,,,,
train_2983,,,,,,,,,,,,,
train_2984,,,,,,,,,,,,,
train_2985,,,,,,,,,,,,,
train_2986,,,,,,,,,,,,,
train_2987,,,,,,,,,,,,,
train_2988,,,,,,,,,,,,,
train_2989,,,,,,,,,,,,,
train_2990,,,,,,,,,,,,,
train_2991,,,,,,,,,,,,,
train_2992,,,,,,,,,,,,,
train_2993,,,,,,,,,,,,,
train_2994,,,,,,,,,,,,,
train_2995,,,,,,,,,,,,,
train_2996,,,,,,,,,,,,,
train_2997,,,,,,,,,,,,,
train_2998,,,,,,,,,,,,,
train_2999,,,,,,,,,,,,,
train_3000,,,,,,,,,,,,,
train_3001,,,,,,,,,,,,,
train_3002,,,,,,,,,,,,,
train_3003,,,,,,,,,,,,,
train_3004,,,,,,,,,,,,,
train_3005,,,,,,,,,,,,,
train_3006,,,,,,,,,,,,,
train_3007,,,,,,,,,,,,,
train_3008,,,,,,,,,,,,,
train_3009,,,,,,,,,,,,,
train_3010,,,,,,,,,,,,,
train_3011,,,,,,,,,,,,,
train_3012,,,,,,,,,,,,,
train_3013,,,,,,,,,,,,,
train_3014,,,,,,,,,,,,,
train_3015,,,,,,,,,,,,,
train_3016,,,,,,,,,,,,,
train_3017,,,,,,,,,,,,,
train_3018,,,,,,,,,,,,,
train_3019,,,,,,,,,,,,,
train_3020,,,,,,,,,,,,,
train_3021,,,,,,,,,,,,,
train_3022,,,,,,,,,,,,,
train_3023,,,,,,,,,,,,,
train_3024,,,,,,,,,,,,,
train_3025,,,,,,,,,,,,,
train_3026,,,,,,,,,,,,,
train_3027,,,,,,,,,,,,,
train_3028,,,,,,,,,,,,,
train_3029,,,,,,,,,,,,,
train_3030,,,,,,,,,,,,,
train_3031,,,,,,,,,,,,,
train_3032,,,,,,,,,,,,,
train_3033,,,,,,,,,,,,,
train_3034,,,,,,,,,,,,,
train_3035,,,,,,,,,,,,,
train_3036,,,,,,,,,,,,,
train_3037,,,,,,,,,,,,,
train_3038,,,,,,,,,,,,,
train_3039,,,,,,,,,,,,,
train_3040,,,,,,,,,,,,,
train_3041,,,,,,,,,,,,,
train_3042,,,,,,,,,,,,,
train_3043,,,,,,,,,,,,,
train_3044,,,,,,,,,,,,,
train_3045,,,,,,,,,,,,,
train_3046,,,,,,,,,,,,,
train_3047,,,,,,,,,,,,,
train_3048,,,,,,,,,,,,,
train_3049,,,,,,,,,,,,,
train_3050,,,,,,,,,,,,,
train_3051,,,,,,,,,,,,,
train_3052,,,,,,,,,,,,,
train_3053,,,,,,,,,,,,,
train_3054,,,,,,,,,,,,,
train_3055,,,,,,,,,,,,,
train_3056,,,,,,,,,,,,,
train_3057,,,,,,,,,,,,,
train_3058,,,,,,,,,,,,,
train_3059,,,,,,,,,,,,,
train_3060,,,,,,,,,,,,,
train_3061,,,,,,,,,,,,,
train_3062,,,,,,,,,,,,,
train_3063,,,,,,,,,,,,,
train_3064,,,,,,,,,,,,,
train_3065,,,,,,,,,,,,,
train_3066,,,,,,,,,,,,,
train_3067,,,,,,,,,,,,,
train_3068,,,,,,,,,,,,,
train_3069,,,,,,,,,,,,,
train_3070,,,,,,,,,,,,,
train_3071,,,,,,,,,,,,,
train_3072,,,,,,,,,,,,,
train_3073,,,,,,,,,,,,,
train_3074,,,,,,,,,,,,,
train_3075,,,,,,,,,,,,,
train_3076,,,,,,,,,,,,,
train_3077,,,,,,,,,,,,,
train_3078,,,,,,,,,,,,,
train_3079,,,,,,,,,,,,,
train_3080,,,,,,,,,,,,,
train_3081,,,,,,,,,,,,,
train_3082,,,,,,,,,,,,,
train_3083,,,,,,,,,,,,,
train_3084,,,,,,,,,,,,,
train_3085,,,,,,,,,,,,,
train_3086,,,,,,,,,,,,,
train_3087,,,,,,,,,,,,,
train_3088,,,,,,,,,,,,,
train_3089,,,,,,,,,,,,,
train_3090,,,,,,,,,,,,,
train_3091,,,,,,,,,,,,,
train_3092,,,,,,,,,,,,,
train_3093,,,,,,,,,,,,,
train_3094,,,,,,,,,,,,,
train_3095,,,,,,,,,,,,,
train_3096,,,,,,,,,,,,,
train_3097,,,,,,,,,,,,,
train_3098,,,,,,,,,,,,,
train_3099,,,,,,,,,,,,,
train_3100,,,,,,,,,,,,,
train_3101,,,,,,,,,,,,,
train_3102,,,,,,,,,,,,,
train_3103,,,,,,,,,,,,,
train_3104,,,,,,,,,,,,,
train_3105,,,,,,,,,,,,,
train_3106,,,,,,,,,,,,,
train_3107,,,,,,,,,,,,,
train_3108,,,,,,,,,,,,,
train_3109,,,,,,,,,,,,,
train_3110,,,,,,,,,,,,,
train_3111,,,,,,,,,,,,,
train_3112,,,,,,,,,,,,,
train_3113,,,,,,,,,,,,,
train_3114,,,,,,,,,,,,,
train_3115,,,,,,,,,,,,,
train_3116,,,,,,,,,,,,,
train_3117,,,,,,,,,,,,,
train_3118,,,,,,,,,,,,,
train_3119,,,,,,,,,,,,,
train_3120,,,,,,,,,,,,,
train_3121,,,,,,,,,,,,,
train_3122,,,,,,,,,,,,,
train_3123,,,,,,,,,,,,,
train_3124,,,,,,,,,,,,,
train_3125,,,,,,,,,,,,,
train_3126,,,,,,,,,,,,,
train_3127,,,,,,,,,,,,,
train_3128,,,,,,,,,,,,,
train_3129,,,,,,,,,,,,,
train_3130,,,,,,,,,,,,,
train_3131,,,,,,,,,,,,,
train_3132,,,,,,,,,,,,,
train_3133,,,,,,,,,,,,,
train_3134,,,,,,,,,,,,,
train_3135,,,,,,,,,,,,,
train_3136,,,,,,,,,,,,,
train_3137,,,,,,,,,,,,,
train_3138,,,,,,,,,,,,,
train_3139,,,,,,,,,,,,,
train_3140,,,,,,,,,,,,,
train_3141,,,,,,,,,,,,,
train_3142,,,,,,,,,,,,,
train_3143,,,,,,,,,,,,,
train_3144,,,,,,,,,,,,,
train_3145,,,,,,,,,,,,,
train_3146,,,,,,,,,,,,,
train_3147,,,,,,,,,,,,,
train_3148,,,,,,,,,,,,,
train_3149,,,,,,,,,,,,,
train_3150,,,,,,,,,,,,,
train_3151,,,,,,,,,,,,,
train_3152,,,,,,,,,,,,,
train_3153,,,,,,,,,,,,,
train_3154,,,,,,,,,,,,,
train_3155,,,,,,,,,,,,,
train_3156,,,,,,,,,,,,,
train_3157,,,,,,,,,,,,,
train_3158,,,,,,,,,,,,,
train_3159,,,,,,,,,,,,,
train_3160,,,,,,,,,,,,,
train_3161,,,,,,,,,,,,,
train_3162,,,,,,,,,,,,,
train_3163,,,,,,,,,,,,,
train_3164,,,,,,,,,,,,,
train_3165,,,,,,,,,,,,,
train_3166,,,,,,,,,,,,,
train_3167,,,,,,,,,,,,,
train_3168,,,,,,,,,,,,,
train_3169,,,,,,,,,,,,,
train_3170,,,,,,,,,,,,,
train_3171,,,,,,,,,,,,,
train_3172,,,,,,,,,,,,,
train_3173,,,,,,,,,,,,,
train_3174,,,,,,,,,,,,,
train_3175,,,,,,,,,,,,,
train_3176,,,,,,,,,,,,,
train_3177,,,,,,,,,,,,,
train_3178,,,,,,,,,,,,,
train_3179,,,,,,,,,,,,,
train_3180,,,,,,,,,,,,,
train_3181,,,,,,,,,,,,,
train_3182,,,,,,,,,,,,,
train_3183,,,,,,,,,,,,,
train_3184,,,,,,,,,,,,,
train_3185,,,,,,,,,,,,,
train_3186,,,,,,,,,,,,,
train_3187,,,,,,,,,,,,,
train_3188,,,,,,,,,,,,,
train_3189,,,,,,,,,,,,,
train_3190,,,,,,,,,,,,,
train_3191,,,,,,,,,,,,,
train_3192,,,,,,,,,,,,,
train_3193,,,,,,,,,,,,,
train_3194,,,,,,,,,,,,,
train_3195,,,,,,,,,,,,,
train_3196,,,,,,,,,,,,,
train_3197,,,,,,,,,,,,,
train_3198,,,,,,,,,,,,,
train_3199,,,,,,,,,,,,,
train_3200,,,,,,,,,,,,,
train_3201,,,,,,,,,,,,,
train_3202,,,,,,,,,,,,,
train_3203,,,,,,,,,,,,,
train_3204,,,,,,,,,,,,,
train_3205,,,,,,,,,,,,,
train_3206,,,,,,,,,,,,,
train_3207,,,,,,,,,,,,,
train_3208,,,,,,,,,,,,,
train_3209,,,,,,,,,,,,,
train_3210,,,,,,,,,,,,,
train_3211,,,,,,,,,,,,,
train_3212,,,,,,,,,,,,,
train_3213,,,,,,,,,,,,,
train_3214,,,,,,,,,,,,,
train_3215,,,,,,,,,,,,,
train_3216,,,,,,,,,,,,,
train_3217,,,,,,,,,,,,,
train_3218,,,,,,,,,,,,,
train_3219,,,,,,,,,,,,,
train_3220,,,,,,,,,,,,,
train_3221,,,,,,,,,,,,,
train_3222,,,,,,,,,,,,,
train_3223,,,,,,,,,,,,,
train_3224,,,,,,,,,,,,,
train_3225,,,,,,,,,,,,,
train_3226,,,,,,,,,,,,,
train_3227,,,,,,,,,,,,,
train_3228,,,,,,,,,,,,,
train_3229,,,,,,,,,,,,,
train_3230,,,,,,,,,,,,,
train_3231,,,,,,,,,,,,,
train_3232,,,,,,,,,,,,,
train_3233,,,,,,,,,,,,,
train_3234,,,,,,,,,,,,,
train_3235,,,,,,,,,,,,,
train_3236,,,,,,,,,,,,,
train_3237,,,,,,,,,,,,,
train_3238,,,,,,,,,,,,,
train_3239,,,,,,,,,,,,,
train_3240,,,,,,,,,,,,,
train_3241,,,,,,,,,,,,,
train_3242,,,,,,,,,,,,,
train_3243,,,,,,,,,,,,,
train_3244,,,,,,,,,,,,,
train_3245,,,,,,,,,,,,,
train_3246,,,,,,,,,,,,,
train_3247,,,,,,,,,,,,,
train_3248,,,,,,,,,,,,,
train_3249,,,,,,,,,,,,,
train_3250,,,,,,,,,,,,,
train_3251,,,,,,,,,,,,,
train_3252,,,,,,,,,,,,,
train_3253,,,,,,,,,,,,,
train_3254,,,,,,,,,,,,,
train_3255,,,,,,,,,,,,,
train_3256,,,,,,,,,,,,,
train_3257,,,,,,,,,,,,,
train_3258,,,,,,,,,,,,,
train_3259,,,,,,,,,,,,,
train_3260,,,,,,,,,,,,,
train_3261,,,,,,,,,,,,,
train_3262,,,,,,,,,,,,,
train_3263,,,,,,,,,,,,,
train_3264,,,,,,,,,,,,,
train_3265,,,,,,,,,,,,,
train_3266,,,,,,,,,,,,,
train_3267,,,,,,,,,,,,,
train_3268,,,,,,,,,,,,,
train_3269,,,,,,,,,,,,,
train_3270,,,,,,,,,,,,,
train_3271,,,,,,,,,,,,,
train_3272,,,,,,,,,,,,,
train_3273,,,,,,,,,,,,,
train_3274,,,,,,,,,,,,,
train_3275,,,,,,,,,,,,,
train_3276,,,,,,,,,,,,,
train_3277,,,,,,,,,,,,,
train_3278,,,,,,,,,,,,,
train_3279,,,,,,,,,,,,,
train_3280,,,,,,,,,,,,,
train_3281,,,,,,,,,,,,,
train_3282,,,,,,,,,,,,,
train_3283,,,,,,,,,,,,,
train_3284,,,,,,,,,,,,,
train_3285,,,,,,,,,,,,,
train_3286,,,,,,,,,,,,,
train_3287,,,,,,,,,,,,,
train_3288,,,,,,,,,,,,,
train_3289,,,,,,,,,,,,,
train_3290,,,,,,,,,,,,,
train_3291,,,,,,,,,,,,,
train_3292,,,,,,,,,,,,,
train_3293,,,,,,,,,,,,,
train_3294,,,,,,,,,,,,,
train_3295,,,,,,,,,,,,,
train_3296,,,,,,,,,,,,,
train_3297,,,,,,,,,,,,,
train_3298,,,,,,,,,,,,,
train_3299,,,,,,,,,,,,,
train_3300,,,,,,,,,,,,,
train_3301,,,,,,,,,,,,,
train_3302,,,,,,,,,,,,,
train_3303,,,,,,,,,,,,,
train_3304,,,,,,,,,,,,,
train_3305,,,,,,,,,,,,,
train_3306,,,,,,,,,,,,,
train_3307,,,,,,,,,,,,,
train_3308,,,,,,,,,,,,,
train_3309,,,,,,,,,,,,,
train_3310,,,,,,,,,,,,,
train_3311,,,,,,,,,,,,,
train_3312,,,,,,,,,,,,,
train_3313,,,,,,,,,,,,,
train_3314,,,,,,,,,,,,,
train_3315,,,,,,,,,,,,,
train_3316,,,,,,,,,,,,,
train_3317,,,,,,,,,,,,,
train_3318,,,,,,,,,,,,,
train_3319,,,,,,,,,,,,,
train_3320,,,,,,,,,,,,,
train_3321,,,,,,,,,,,,,
train_3322,,,,,,,,,,,,,
train_3323,,,,,,,,,,,,,
train_3324,,,,,,,,,,,,,
train_3325,,,,,,,,,,,,,
train_3326,,,,,,,,,,,,,
train_3327,,,,,,,,,,,,,
train_3328,,,,,,,,,,,,,
train_3329,,,,,,,,,,,,,
train_3330,,,,,,,,,,,,,
train_3331,,,,,,,,,,,,,
train_3332,,,,,,,,,,,,,
train_3333,,,,,,,,,,,,,
train_3334,,,,,,,,,,,,,
train_3335,,,,,,,,,,,,,
train_3336,,,,,,,,,,,,,
train_3337,,,,,,,,,,,,,
train_3338,,,,,,,,,,,,,
train_3339,,,,,,,,,,,,,
train_3340,,,,,,,,,,,,,
train_3341,,,,,,,,,,,,,
train_3342,,,,,,,,,,,,,
train_3343,,,,,,,,,,,,,
train_3344,,,,,,,,,,,,,
train_3345,,,,,,,,,,,,,
train_3346,,,,,,,,,,,,,
train_3347,,,,,,,,,,,,,
train_3348,,,,,,,,,,,,,
train_3349,,,,,,,,,,,,,
train_3350,,,,,,,,,,,,,
train_3351,,,,,,,,,,,,,
train_3352,,,,,,,,,,,,,
train_3353,,,,,,,,,,,,,
train_3354,,,,,,,,,,,,,
train_3355,,,,,,,,,,,,,
train_3356,,,,,,,,,,,,,
train_3357,,,,,,,,,,,,,
train_3358,,,,,,,,,,,,,
train_3359,,,,,,,,,,,,,
train_3360,,,,,,,,,,,,,
train_3361,,,,,,,,,,,,,
train_3362,,,,,,,,,,,,,
train_3363,,,,,,,,,,,,,
train_3364,,,,,,,,,,,,,
train_3365,,,,,,,,,,,,,
train_3366,,,,,,,,,,,,,
train_3367,,,,,,,,,,,,,
train_3368,,,,,,,,,,,,,
train_3369,,,,,,,,,,,,,
train_3370,,,,,,,,,,,,,
train_3371,,,,,,,,,,,,,
train_3372,,,,,,,,,,,,,
train_3373,,,,,,,,,,,,,
train_3374,,,,,,,,,,,,,
train_3375,,,,,,,,,,,,,
train_3376,,,,,,,,,,,,,
train_3377,,,,,,,,,,,,,
train_3378,,,,,,,,,,,,,
train_3379,,,,,,,,,,,,,
train_3380,,,,,,,,,,,,,
train_3381,,,,,,,,,,,,,
train_3382,,,,,,,,,,,,,
train_3383,,,,,,,,,,,,,
train_3384,,,,,,,,,,,,,
train_3385,,,,,,,,,,,,,
train_3386,,,,,,,,,,,,,
train_3387,,,,,,,,,,,,,
train_3388,,,,,,,,,,,,,
train_3389,,,,,,,,,,,,,
train_3390,,,,,,,,,,,,,
train_3391,,,,,,,,,,,,,
train_3392,,,,,,,,,,,,,
train_3393,,,,,,,,,,,,,
train_3394,,,,,,,,,,,,,
train_3395,,,,,,,,,,,,,
train_3396,,,,,,,,,,,,,
train_3397,,,,,,,,,,,,,
train_3398,,,,,,,,,,,,,
train_3399,,,,,,,,,,,,,
train_3400,,,,,,,,,,,,,
train_3401,,,,,,,,,,,,,
train_3402,,,,,,,,,,,,,
train_3403,,,,,,,,,,,,,
train_3404,,,,,,,,,,,,,
train_3405,,,,,,,,,,,,,
train_3406,,,,,,,,,,,,,
train_3407,,,,,,,,,,,,,
train_3408,,,,,,,,,,,,,
train_3409,,,,,,,,,,,,,
train_3410,,,,,,,,,,,,,
train_3411,,,,,,,,,,,,,
train_3412,,,,,,,,,,,,,
train_3413,,,,,,,,,,,,,
train_3414,,,,,,,,,,,,,
train_3415,,,,,,,,,,,,,
train_3416,,,,,,,,,,,,,
train_3417,,,,,,,,,,,,,
train_3418,,,,,,,,,,,,,
train_3419,,,,,,,,,,,,,
train_3420,,,,,,,,,,,,,
train_3421,,,,,,,,,,,,,
train_3422,,,,,,,,,,,,,
train_3423,,,,,,,,,,,,,
train_3424,,,,,,,,,,,,,
train_3425,,,,,,,,,,,,,
train_3426,,,,,,,,,,,,,
train_3427,,,,,,,,,,,,,
train_3428,,,,,,,,,,,,,
train_3429,,,,,,,,,,,,,
train_3430,,,,,,,,,,,,,
train_3431,,,,,,,,,,,,,
train_3432,,,,,,,,,,,,,
train_3433,,,,,,,,,,,,,
train_3434,,,,,,,,,,,,,
train_3435,,,,,,,,,,,,,
train_3436,,,,,,,,,,,,,
train_3437,,,,,,,,,,,,,
train_3438,,,,,,,,,,,,,
train_3439,,,,,,,,,,,,,
train_3440,,,,,,,,,,,,,
train_3441,,,,,,,,,,,,,
train_3442,,,,,,,,,,,,,
train_3443,,,,,,,,,,,,,
train_3444,,,,,,,,,,,,,
train_3445,,,,,,,,,,,,,
train_3446,,,,,,,,,,,,,
train_3447,,,,,,,,,,,,,
train_3448,,,,,,,,,,,,,
train_3449,,,,,,,,,,,,,
train_3450,,,,,,,,,,,,,
train_3451,,,,,,,,,,,,,
train_3452,,,,,,,,,,,,,
train_3453,,,,,,,,,,,,,
train_3454,,,,,,,,,,,,,
train_3455,,,,,,,,,,,,,
train_3456,,,,,,,,,,,,,
train_3457,,,,,,,,,,,,,
train_3458,,,,,,,,,,,,,
train_3459,,,,,,,,,,,,,
train_3460,,,,,,,,,,,,,
train_3461,,,,,,,,,,,,,
train_3462,,,,,,,,,,,,,
train_3463,,,,,,,,,,,,,
train_3464,,,,,,,,,,,,,
train_3465,,,,,,,,,,,,,
train_3466,,,,,,,,,,,,,
train_3467,,,,,,,,,,,,,
train_3468,,,,,,,,,,,,,
train_3469,,,,,,,,,,,,,
train_3470,,,,,,,,,,,,,
train_3471,,,,,,,,,,,,,
train_3472,,,,,,,,,,,,,
train_3473,,,,,,,,,,,,,
train_3474,,,,,,,,,,,,,
train_3475,,,,,,,,,,,,,
train_3476,,,,,,,,,,,,,
train_3477,,,,,,,,,,,,,
train_3478,,,,,,,,,,,,,
train_3479,,,,,,,,,,,,,
train_3480,,,,,,,,,,,,,
train_3481,,,,,,,,,,,,,
train_3482,,,,,,,,,,,,,
train_3483,,,,,,,,,,,,,
train_3484,,,,,,,,,,,,,
train_3485,,,,,,,,,,,,,
train_3486,,,,,,,,,,,,,
train_3487,,,,,,,,,,,,,
train_3488,,,,,,,,,,,,,
train_3489,,,,,,,,,,,,,
train_3490,,,,,,,,,,,,,
train_3491,,,,,,,,,,,,,
train_3492,,,,,,,,,,,,,
train_3493,,,,,,,,,,,,,
train_3494,,,,,,,,,,,,,
train_3495,,,,,,,,,,,,,
train_3496,,,,,,,,,,,,,
train_3497,,,,,,,,,,,,,
train_3498,,,,,,,,,,,,,
train_3499,,,,,,,,,,,,,
train_3500,,,,,,,,,,,,,
train_3501,,,,,,,,,,,,,
train_3502,,,,,,,,,,,,,
train_3503,,,,,,,,,,,,,
train_3504,,,,,,,,,,,,,
train_3505,,,,,,,,,,,,,
train_3506,,,,,,,,,,,,,
train_3507,,,,,,,,,,,,,
train_3508,,,,,,,,,,,,,
train_3509,,,,,,,,,,,,,
train_3510,,,,,,,,,,,,,
train_3511,,,,,,,,,,,,,
train_3512,,,,,,,,,,,,,
train_3513,,,,,,,,,,,,,
train_3514,,,,,,,,,,,,,
train_3515,,,,,,,,,,,,,
train_3516,,,,,,,,,,,,,
train_3517,,,,,,,,,,,,,
train_3518,,,,,,,,,,,,,
train_3519,,,,,,,,,,,,,
train_3520,,,,,,,,,,,,,
train_3521,,,,,,,,,,,,,
train_3522,,,,,,,,,,,,,
train_3523,,,,,,,,,,,,,
train_3524,,,,,,,,,,,,,
train_3525,,,,,,,,,,,,,
train_3526,,,,,,,,,,,,,
train_3527,,,,,,,,,,,,,
train_3528,,,,,,,,,,,,,
train_3529,,,,,,,,,,,,,
train_3530,,,,,,,,,,,,,
train_3531,,,,,,,,,,,,,
train_3532,,,,,,,,,,,,,
train_3533,,,,,,,,,,,,,
train_3534,,,,,,,,,,,,,
train_3535,,,,,,,,,,,,,
train_3536,,,,,,,,,,,,,
train_3537,,,,,,,,,,,,,
train_3538,,,,,,,,,,,,,
train_3539,,,,,,,,,,,,,
train_3540,,,,,,,,,,,,,
train_3541,,,,,,,,,,,,,
train_3542,,,,,,,,,,,,,
train_3543,,,,,,,,,,,,,
train_3544,,,,,,,,,,,,,
train_3545,,,,,,,,,,,,,
train_3546,,,,,,,,,,,,,
train_3547,,,,,,,,,,,,,
train_3548,,,,,,,,,,,,,
train_3549,,,,,,,,,,,,,
train_3550,,,,,,,,,,,,,
train_3551,,,,,,,,,,,,,
train_3552,,,,,,,,,,,,,
train_3553,,,,,,,,,,,,,
train_3554,,,,,,,,,,,,,
train_3555,,,,,,,,,,,,,
train_3556,,,,,,,,,,,,,
train_3557,,,,,,,,,,,,,
train_3558,,,,,,,,,,,,,
train_3559,,,,,,,,,,,,,
train_3560,,,,,,,,,,,,,
train_3561,,,,,,,,,,,,,
train_3562,,,,,,,,,,,,,
train_3563,,,,,,,,,,,,,
train_3564,,,,,,,,,,,,,
train_3565,,,,,,,,,,,,,
train_3566,,,,,,,,,,,,,
train_3567,,,,,,,,,,,,,
train_3568,,,,,,,,,,,,,
train_3569,,,,,,,,,,,,,
train_3570,,,,,,,,,,,,,
train_3571,,,,,,,,,,,,,
train_3572,,,,,,,,,,,,,
train_3573,,,,,,,,,,,,,
train_3574,,,,,,,,,,,,,
train_3575,,,,,,,,,,,,,
train_3576,,,,,,,,,,,,,
train_3577,,,,,,,,,,,,,
train_3578,,,,,,,,,,,,,
train_3579,,,,,,,,,,,,,
train_3580,,,,,,,,,,,,,
train_3581,,,,,,,,,,,,,
train_3582,,,,,,,,,,,,,
train_3583,,,,,,,,,,,,,
train_3584,,,,,,,,,,,,,
train_3585,,,,,,,,,,,,,
train_3586,,,,,,,,,,,,,
train_3587,,,,,,,,,,,,,
train_3588,,,,,,,,,,,,,
train_3589,,,,,,,,,,,,,
train_3590,,,,,,,,,,,,,
train_3591,,,,,,,,,,,,,
train_3592,,,,,,,,,,,,,
train_3593,,,,,,,,,,,,,
train_3594,,,,,,,,,,,,,
train_3595,,,,,,,,,,,,,
train_3596,,,,,,,,,,,,,
train_3597,,,,,,,,,,,,,
train_3598,,,,,,,,,,,,,
train_3599,,,,,,,,,,,,,
train_3600,,,,,,,,,,,,,
train_3601,,,,,,,,,,,,,
train_3602,,,,,,,,,,,,,
train_3603,,,,,,,,,,,,,
train_3604,,,,,,,,,,,,,
train_3605,,,,,,,,,,,,,
train_3606,,,,,,,,,,,,,
train_3607,,,,,,,,,,,,,
train_3608,,,,,,,,,,,,,
train_3609,,,,,,,,,,,,,
train_3610,,,,,,,,,,,,,
train_3611,,,,,,,,,,,,,
train_3612,,,,,,,,,,,,,
train_3613,,,,,,,,,,,,,
train_3614,,,,,,,,,,,,,
train_3615,,,,,,,,,,,,,
train_3616,,,,,,,,,,,,,
train_3617,,,,,,,,,,,,,
train_3618,,,,,,,,,,,,,
train_3619,,,,,,,,,,,,,
train_3620,,,,,,,,,,,,,
train_3621,,,,,,,,,,,,,
train_3622,,,,,,,,,,,,,
train_3623,,,,,,,,,,,,,
train_3624,,,,,,,,,,,,,
train_3625,,,,,,,,,,,,,
train_3626,,,,,,,,,,,,,
train_3627,,,,,,,,,,,,,
train_3628,,,,,,,,,,,,,
train_3629,,,,,,,,,,,,,
train_3630,,,,,,,,,,,,,
train_3631,,,,,,,,,,,,,
train_3632,,,,,,,,,,,,,
train_3633,,,,,,,,,,,,,
train_3634,,,,,,,,,,,,,
train_3635,,,,,,,,,,,,,
train_3636,,,,,,,,,,,,,
train_3637,,,,,,,,,,,,,
train_3638,,,,,,,,,,,,,
train_3639,,,,,,,,,,,,,
train_3640,,,,,,,,,,,,,
train_3641,,,,,,,,,,,,,
train_3642,,,,,,,,,,,,,
train_3643,,,,,,,,,,,,,
train_3644,,,,,,,,,,,,,
train_3645,,,,,,,,,,,,,
train_3646,,,,,,,,,,,,,
train_3647,,,,,,,,,,,,,
train_3648,,,,,,,,,,,,,
train_3649,,,,,,,,,,,,,
train_3650,,,,,,,,,,,,,
train_3651,,,,,,,,,,,,,
train_3652,,,,,,,,,,,,,
train_3653,,,,,,,,,,,,,
train_3654,,,,,,,,,,,,,
train_3655,,,,,,,,,,,,,
train_3656,,,,,,,,,,,,,
train_3657,,,,,,,,,,,,,
train_3658,,,,,,,,,,,,,
train_3659,,,,,,,,,,,,,
train_3660,,,,,,,,,,,,,
train_3661,,,,,,,,,,,,,
train_3662,,,,,,,,,,,,,
train_3663,,,,,,,,,,,,,
train_3664,,,,,,,,,,,,,
train_3665,,,,,,,,,,,,,
train_3666,,,,,,,,,,,,,
train_3667,,,,,,,,,,,,,
train_3668,,,,,,,,,,,,,
train_3669,,,,,,,,,,,,,
train_3670,,,,,,,,,,,,,
train_3671,,,,,,,,,,,,,
train_3672,,,,,,,,,,,,,
train_3673,,,,,,,,,,,,,
train_3674,,,,,,,,,,,,,
train_3675,,,,,,,,,,,,,
train_3676,,,,,,,,,,,,,
train_3677,,,,,,,,,,,,,
train_3678,,,,,,,,,,,,,
train_3679,,,,,,,,,,,,,
train_3680,,,,,,,,,,,,,
train_3681,,,,,,,,,,,,,
train_3682,,,,,,,,,,,,,
train_3683,,,,,,,,,,,,,
train_3684,,,,,,,,,,,,,
train_3685,,,,,,,,,,,,,
train_3686,,,,,,,,,,,,,
train_3687,,,,,,,,,,,,,
train_3688,,,,,,,,,,,,,
train_3689,,,,,,,,,,,,,
train_3690,,,,,,,,,,,,,
train_3691,,,,,,,,,,,,,
train_3692,,,,,,,,,,,,,
train_3693,,,,,,,,,,,,,
train_3694,,,,,,,,,,,,,
train_3695,,,,,,,,,,,,,
train_3696,,,,,,,,,,,,,
train_3697,,,,,,,,,,,,,
train_3698,,,,,,,,,,,,,
train_3699,,,,,,,,,,,,,
train_3700,,,,,,,,,,,,,
train_3701,,,,,,,,,,,,,
train_3702,,,,,,,,,,,,,
train_3703,,,,,,,,,,,,,
train_3704,,,,,,,,,,,,,
train_3705,,,,,,,,,,,,,
train_3706,,,,,,,,,,,,,
train_3707,,,,,,,,,,,,,
train_3708,,,,,,,,,,,,,
train_3709,,,,,,,,,,,,,
train_3710,,,,,,,,,,,,,
train_3711,,,,,,,,,,,,,
train_3712,,,,,,,,,,,,,
train_3713,,,,,,,,,,,,,
train_3714,,,,,,,,,,,,,
train_3715,,,,,,,,,,,,,
train_3716,,,,,,,,,,,,,
train_3717,,,,,,,,,,,,,
train_3718,,,,,,,,,,,,,
train_3719,,,,,,,,,,,,,
train_3720,,,,,,,,,,,,,
train_3721,,,,,,,,,,,,,
train_3722,,,,,,,,,,,,,
train_3723,,,,,,,,,,,,,
train_3724,,,,,,,,,,,,,
train_3725,,,,,,,,,,,,,
train_3726,,,,,,,,,,,,,
train_3727,,,,,,,,,,,,,
train_3728,,,,,,,,,,,,,
train_3729,,,,,,,,,,,,,
train_3730,,,,,,,,,,,,,
train_3731,,,,,,,,,,,,,
train_3732,,,,,,,,,,,,,
train_3733,,,,,,,,,,,,,
train_3734,,,,,,,,,,,,,
train_3735,,,,,,,,,,,,,
train_3736,,,,,,,,,,,,,
train_3737,,,,,,,,,,,,,
train_3738,,,,,,,,,,,,,
train_3739,,,,,,,,,,,,,
train_3740,,,,,,,,,,,,,
train_3741,,,,,,,,,,,,,
train_3742,,,,,,,,,,,,,
train_3743,,,,,,,,,,,,,
train_3744,,,,,,,,,,,,,
train_3745,,,,,,,,,,,,,
train_3746,,,,,,,,,,,,,
train_3747,,,,,,,,,,,,,
train_3748,,,,,,,,,,,,,
train_3749,,,,,,,,,,,,,
train_3750,,,,,,,,,,,,,
train_3751,,,,,,,,,,,,,
train_3752,,,,,,,,,,,,,
train_3753,,,,,,,,,,,,,
train_3754,,,,,,,,,,,,,
train_3755,,,,,,,,,,,,,
train_3756,,,,,,,,,,,,,
train_3757,,,,,,,,,,,,,
train_3758,,,,,,,,,,,,,
train_3759,,,,,,,,,,,,,
train_3760,,,,,,,,,,,,,
train_3761,,,,,,,,,,,,,
train_3762,,,,,,,,,,,,,
train_3763,,,,,,,,,,,,,
train_3764,,,,,,,,,,,,,
train_3765,,,,,,,,,,,,,
train_3766,,,,,,,,,,,,,
train_3767,,,,,,,,,,,,,
train_3768,,,,,,,,,,,,,
train_3769,,,,,,,,,,,,,
train_3770,,,,,,,,,,,,,
train_3771,,,,,,,,,,,,,
train_3772,,,,,,,,,,,,,
train_3773,,,,,,,,,,,,,
train_3774,,,,,,,,,,,,,
train_3775,,,,,,,,,,,,,
train_3776,,,,,,,,,,,,,
train_3777,,,,,,,,,,,,,
train_3778,,,,,,,,,,,,,
train_3779,,,,,,,,,,,,,
train_3780,,,,,,,,,,,,,
train_3781,,,,,,,,,,,,,
train_3782,,,,,,,,,,,,,
train_3783,,,,,,,,,,,,,
train_3784,,,,,,,,,,,,,
train_3785,,,,,,,,,,,,,
train_3786,,,,,,,,,,,,,
train_3787,,,,,,,,,,,,,
train_3788,,,,,,,,,,,,,
train_3789,,,,,,,,,,,,,
train_3790,,,,,,,,,,,,,
train_3791,,,,,,,,,,,,,
train_3792,,,,,,,,,,,,,
train_3793,,,,,,,,,,,,,
train_3794,,,,,,,,,,,,,
train_3795,,,,,,,,,,,,,
train_3796,,,,,,,,,,,,,
train_3797,,,,,,,,,,,,,
train_3798,,,,,,,,,,,,,
train_3799,,,,,,,,,,,,,
train_3800,,,,,,,,,,,,,
train_3801,,,,,,,,,,,,,
train_3802,,,,,,,,,,,,,
train_3803,,,,,,,,,,,,,
train_3804,,,,,,,,,,,,,
train_3805,,,,,,,,,,,,,
train_3806,,,,,,,,,,,,,
train_3807,,,,,,,,,,,,,
train_3808,,,,,,,,,,,,,
train_3809,,,,,,,,,,,,,
train_3810,,,,,,,,,,,,,
train_3811,,,,,,,,,,,,,
train_3812,,,,,,,,,,,,,
train_3813,,,,,,,,,,,,,
train_3814,,,,,,,,,,,,,
train_3815,,,,,,,,,,,,,
train_3816,,,,,,,,,,,,,
train_3817,,,,,,,,,,,,,
train_3818,,,,,,,,,,,,,
train_3819,,,,,,,,,,,,,
train_3820,,,,,,,,,,,,,
train_3821,,,,,,,,,,,,,
train_3822,,,,,,,,,,,,,
train_3823,,,,,,,,,,,,,
train_3824,,,,,,,,,,,,,
train_3825,,,,,,,,,,,,,
train_3826,,,,,,,,,,,,,
train_3827,,,,,,,,,,,,,
train_3828,,,,,,,,,,,,,
train_3829,,,,,,,,,,,,,
train_3830,,,,,,,,,,,,,
train_3831,,,,,,,,,,,,,
train_3832,,,,,,,,,,,,,
train_3833,,,,,,,,,,,,,
train_3834,,,,,,,,,,,,,
train_3835,,,,,,,,,,,,,
train_3836,,,,,,,,,,,,,
train_3837,,,,,,,,,,,,,
train_3838,,,,,,,,,,,,,
train_3839,,,,,,,,,,,,,
train_3840,,,,,,,,,,,,,
train_3841,,,,,,,,,,,,,
train_3842,,,,,,,,,,,,,
train_3843,,,,,,,,,,,,,
train_3844,,,,,,,,,,,,,
train_3845,,,,,,,,,,,,,
train_3846,,,,,,,,,,,,,
train_3847,,,,,,,,,,,,,
train_3848,,,,,,,,,,,,,
train_3849,,,,,,,,,,,,,
train_3850,,,,,,,,,,,,,
train_3851,,,,,,,,,,,,,
train_3852,,,,,,,,,,,,,
train_3853,,,,,,,,,,,,,
train_3854,,,,,,,,,,,,,
train_3855,,,,,,,,,,,,,
train_3856,,,,,,,,,,,,,
train_3857,,,,,,,,,,,,,
train_3858,,,,,,,,,,,,,
train_3859,,,,,,,,,,,,,
train_3860,,,,,,,,,,,,,
train_3861,,,,,,,,,,,,,
train_3862,,,,,,,,,,,,,
train_3863,,,,,,,,,,,,,
train_3864,,,,,,,,,,,,,
train_3865,,,,,,,,,,,,,
train_3866,,,,,,,,,,,,,
train_3867,,,,,,,,,,,,,
train_3868,,,,,,,,,,,,,
train_3869,,,,,,,,,,,,,
train_3870,,,,,,,,,,,,,
train_3871,,,,,,,,,,,,,
train_3872,,,,,,,,,,,,,
train_3873,,,,,,,,,,,,,
train_3874,,,,,,,,,,,,,
train_3875,,,,,,,,,,,,,
train_3876,,,,,,,,,,,,,
train_3877,,,,,,,,,,,,,
train_3878,,,,,,,,,,,,,
train_3879,,,,,,,,,,,,,
train_3880,,,,,,,,,,,,,
train_3881,,,,,,,,,,,,,
train_3882,,,,,,,,,,,,,
train_3883,,,,,,,,,,,,,
train_3884,,,,,,,,,,,,,
train_3885,,,,,,,,,,,,,
train_3886,,,,,,,,,,,,,
train_3887,,,,,,,,,,,,,
train_3888,,,,,,,,,,,,,
train_3889,,,,,,,,,,,,,
train_3890,,,,,,,,,,,,,
train_3891,,,,,,,,,,,,,
train_3892,,,,,,,,,,,,,
train_3893,,,,,,,,,,,,,
train_3894,,,,,,,,,,,,,
train_3895,,,,,,,,,,,,,
train_3896,,,,,,,,,,,,,
train_3897,,,,,,,,,,,,,
train_3898,,,,,,,,,,,,,
train_3899,,,,,,,,,,,,,
train_3900,,,,,,,,,,,,,
train_3901,,,,,,,,,,,,,
train_3902,,,,,,,,,,,,,
train_3903,,,,,,,,,,,,,
train_3904,,,,,,,,,,,,,
train_3905,,,,,,,,,,,,,
train_3906,,,,,,,,,,,,,
train_3907,,,,,,,,,,,,,
train_3908,,,,,,,,,,,,,
train_3909,,,,,,,,,,,,,
train_3910,,,,,,,,,,,,,
train_3911,,,,,,,,,,,,,
train_3912,,,,,,,,,,,,,
train_3913,,,,,,,,,,,,,
train_3914,,,,,,,,,,,,,
train_3915,,,,,,,,,,,,,
train_3916,,,,,,,,,,,,,
train_3917,,,,,,,,,,,,,
train_3918,,,,,,,,,,,,,
train_3919,,,,,,,,,,,,,
train_3920,,,,,,,,,,,,,
train_3921,,,,,,,,,,,,,
train_3922,,,,,,,,,,,,,
train_3923,,,,,,,,,,,,,
train_3924,,,,,,,,,,,,,
train_3925,,,,,,,,,,,,,
train_3926,,,,,,,,,,,,,
train_3927,,,,,,,,,,,,,
train_3928,,,,,,,,,,,,,
train_3929,,,,,,,,,,,,,
train_3930,,,,,,,,,,,,,
train_3931,,,,,,,,,,,,,
train_3932,,,,,,,,,,,,,
train_3933,,,,,,,,,,,,,
train_3934,,,,,,,,,,,,,
train_3935,,,,,,,,,,,,,
train_3936,,,,,,,,,,,,,
train_3937,,,,,,,,,,,,,
train_3938,,,,,,,,,,,,,
train_3939,,,,,,,,,,,,,
train_3940,,,,,,,,,,,,,
train_3941,,,,,,,,,,,,,
train_3942,,,,,,,,,,,,,
train_3943,,,,,,,,,,,,,
train_3944,,,,,,,,,,,,,
train_3945,,,,,,,,,,,,,
train_3946,,,,,,,,,,,,,
train_3947,,,,,,,,,,,,,
train_3948,,,,,,,,,,,,,
train_3949,,,,,,,,,,,,,
train_3950,,,,,,,,,,,,,
train_3951,,,,,,,,,,,,,
train_3952,,,,,,,,,,,,,
train_3953,,,,,,,,,,,,,
train_3954,,,,,,,,,,,,,
train_3955,,,,,,,,,,,,,
train_3956,,,,,,,,,,,,,
train_3957,,,,,,,,,,,,,
train_3958,,,,,,,,,,,,,
train_3959,,,,,,,,,,,,,
train_3960,,,,,,,,,,,,,
train_3961,,,,,,,,,,,,,
train_3962,,,,,,,,,,,,,
train_3963,,,,,,,,,,,,,
train_3964,,,,,,,,,,,,,
train_3965,,,,,,,,,,,,,
train_3966,,,,,,,,,,,,,
train_3967,,,,,,,,,,,,,
train_3968,,,,,,,,,,,,,
train_3969,,,,,,,,,,,,,
train_3970,,,,,,,,,,,,,
train_3971,,,,,,,,,,,,,
train_3972,,,,,,,,,,,,,
train_3973,,,,,,,,,,,,,
train_3974,,,,,,,,,,,,,
train_3975,,,,,,,,,,,,,
train_3976,,,,,,,,,,,,,
train_3977,,,,,,,,,,,,,
train_3978,,,,,,,,,,,,,
train_3979,,,,,,,,,,,,,
train_3980,,,,,,,,,,,,,
train_3981,,,,,,,,,,,,,
train_3982,,,,,,,,,,,,,
train_3983,,,,,,,,,,,,,
train_3984,,,,,,,,,,,,,
train_3985,,,,,,,,,,,,,
train_3986,,,,,,,,,,,,,
train_3987,,,,,,,,,,,,,
train_3988,,,,,,,,,,,,,
train_3989,,,,,,,,,,,,,
train_3990,,,,,,,,,,,,,
train_3991,,,,,,,,,,,,,
train_3992,,,,,,,,,,,,,
train_3993,,,,,,,,,,,,,
train_3994,,,,,,,,,,,,,
train_3995,,,,,,,,,,,,,
train_3996,,,,,,,,,,,,,
train_3997,,,,,,,,,,,,,
train_3998,,,,,,,,,,,,,
train_3999,,,,,,,,,,,,,
train_4000,,,,,,,,,,,,,
train_4001,,,,,,,,,,,,,
train_4002,,,,,,,,,,,,,
train_4003,,,,,,,,,,,,,
train_4004,,,,,,,,,,,,,
train_4005,,,,,,,,,,,,,
train_4006,,,,,,,,,,,,,
train_4007,,,,,,,,,,,,,
train_4008,,,,,,,,,,,,,
train_4009,,,,,,,,,,,,,
train_4010,,,,,,,,,,,,,
train_4011,,,,,,,,,,,,,
train_4012,,,,,,,,,,,,,
train_4013,,,,,,,,,,,,,
train_4014,,,,,,,,,,,,,
train_4015,,,,,,,,,,,,,
train_4016,,,,,,,,,,,,,
train_4017,,,,,,,,,,,,,
train_4018,,,,,,,,,,,,,
train_4019,,,,,,,,,,,,,
train_4020,,,,,,,,,,,,,
train_4021,,,,,,,,,,,,,
train_4022,,,,,,,,,,,,,
train_4023,,,,,,,,,,,,,
train_4024,,,,,,,,,,,,,
train_4025,,,,,,,,,,,,,
train_4026,,,,,,,,,,,,,
train_4027,,,,,,,,,,,,,
train_4028,,,,,,,,,,,,,
train_4029,,,,,,,,,,,,,
train_4030,,,,,,,,,,,,,
train_4031,,,,,,,,,,,,,
train_4032,,,,,,,,,,,,,
train_4033,,,,,,,,,,,,,
train_4034,,,,,,,,,,,,,
train_4035,,,,,,,,,,,,,
train_4036,,,,,,,,,,,,,
train_4037,,,,,,,,,,,,,
train_4038,,,,,,,,,,,,,
train_4039,,,,,,,,,,,,,
train_4040,,,,,,,,,,,,,
train_4041,,,,,,,,,,,,,
train_4042,,,,,,,,,,,,,
train_4043,,,,,,,,,,,,,
train_4044,,,,,,,,,,,,,
train_4045,,,,,,,,,,,,,
train_4046,,,,,,,,,,,,,
train_4047,,,,,,,,,,,,,
train_4048,,,,,,,,,,,,,
train_4049,,,,,,,,,,,,,
train_4050,,,,,,,,,,,,,
train_4051,,,,,,,,,,,,,
train_4052,,,,,,,,,,,,,
train_4053,,,,,,,,,,,,,
train_4054,,,,,,,,,,,,,
train_4055,,,,,,,,,,,,,
train_4056,,,,,,,,,,,,,
train_4057,,,,,,,,,,,,,
train_4058,,,,,,,,,,,,,
train_4059,,,,,,,,,,,,,
train_4060,,,,,,,,,,,,,
train_4061,,,,,,,,,,,,,
train_4062,,,,,,,,,,,,,
train_4063,,,,,,,,,,,,,
train_4064,,,,,,,,,,,,,
train_4065,,,,,,,,,,,,,
train_4066,,,,,,,,,,,,,
train_4067,,,,,,,,,,,,,
train_4068,,,,,,,,,,,,,
train_4069,,,,,,,,,,,,,
train_4070,,,,,,,,,,,,,
train_4071,,,,,,,,,,,,,
train_4072,,,,,,,,,,,,,
train_4073,,,,,,,,,,,,,
train_4074,,,,,,,,,,,,,
train_4075,,,,,,,,,,,,,
train_4076,,,,,,,,,,,,,
train_4077,,,,,,,,,,,,,
train_4078,,,,,,,,,,,,,
train_4079,,,,,,,,,,,,,
train_4080,,,,,,,,,,,,,
train_4081,,,,,,,,,,,,,
train_4082,,,,,,,,,,,,,
train_4083,,,,,,,,,,,,,
train_4084,,,,,,,,,,,,,
train_4085,,,,,,,,,,,,,
train_4086,,,,,,,,,,,,,
train_4087,,,,,,,,,,,,,
train_4088,,,,,,,,,,,,,
train_4089,,,,,,,,,,,,,
train_4090,,,,,,,,,,,,,
train_4091,,,,,,,,,,,,,
train_4092,,,,,,,,,,,,,
train_4093,,,,,,,,,,,,,
train_4094,,,,,,,,,,,,,
train_4095,,,,,,,,,,,,,
train_4096,,,,,,,,,,,,,
train_4097,,,,,,,,,,,,,
train_4098,,,,,,,,,,,,,
train_4099,,,,,,,,,,,,,
train_4100,,,,,,,,,,,,,
train_4101,,,,,,,,,,,,,
train_4102,,,,,,,,,,,,,
train_4103,,,,,,,,,,,,,
train_4104,,,,,,,,,,,,,
train_4105,,,,,,,,,,,,,
train_4106,,,,,,,,,,,,,
train_4107,,,,,,,,,,,,,
train_4108,,,,,,,,,,,,,
train_4109,,,,,,,,,,,,,
train_4110,,,,,,,,,,,,,
train_4111,,,,,,,,,,,,,
train_4112,,,,,,,,,,,,,
train_4113,,,,,,,,,,,,,
train_4114,,,,,,,,,,,,,
train_4115,,,,,,,,,,,,,
train_4116,,,,,,,,,,,,,
train_4117,,,,,,,,,,,,,
train_4118,,,,,,,,,,,,,
train_4119,,,,,,,,,,,,,
train_4120,,,,,,,,,,,,,
train_4121,,,,,,,,,,,,,
train_4122,,,,,,,,,,,,,
train_4123,,,,,,,,,,,,,
train_4124,,,,,,,,,,,,,
train_4125,,,,,,,,,,,,,
train_4126,,,,,,,,,,,,,
train_4127,,,,,,,,,,,,,
train_4128,,,,,,,,,,,,,
train_4129,,,,,,,,,,,,,
train_4130,,,,,,,,,,,,,
train_4131,,,,,,,,,,,,,
train_4132,,,,,,,,,,,,,
train_4133,,,,,,,,,,,,,
train_4134,,,,,,,,,,,,,
train_4135,,,,,,,,,,,,,
train_4136,,,,,,,,,,,,,
train_4137,,,,,,,,,,,,,
train_4138,,,,,,,,,,,,,
train_4139,,,,,,,,,,,,,
train_4140,,,,,,,,,,,,,
train_4141,,,,,,,,,,,,,
train_4142,,,,,,,,,,,,,
train_4143,,,,,,,,,,,,,
train_4144,,,,,,,,,,,,,
train_4145,,,,,,,,,,,,,
train_4146,,,,,,,,,,,,,
train_4147,,,,,,,,,,,,,
train_4148,,,,,,,,,,,,,
train_4149,,,,,,,,,,,,,
train_4150,,,,,,,,,,,,,
train_4151,,,,,,,,,,,,,
train_4152,,,,,,,,,,,,,
train_4153,,,,,,,,,,,,,
train_4154,,,,,,,,,,,,,
train_4155,,,,,,,,,,,,,
train_4156,,,,,,,,,,,,,
train_4157,,,,,,,,,,,,,
train_4158,,,,,,,,,,,,,
train_4159,,,,,,,,,,,,,
train_4160,,,,,,,,,,,,,
train_4161,,,,,,,,,,,,,
train_4162,,,,,,,,,,,,,
train_4163,,,,,,,,,,,,,
train_4164,,,,,,,,,,,,,
train_4165,,,,,,,,,,,,,
train_4166,,,,,,,,,,,,,
train_4167,,,,,,,,,,,,,
train_4168,,,,,,,,,,,,,
train_4169,,,,,,,,,,,,,
train_4170,,,,,,,,,,,,,
train_4171,,,,,,,,,,,,,
train_4172,,,,,,,,,,,,,
train_4173,,,,,,,,,,,,,
train_4174,,,,,,,,,,,,,
train_4175,,,,,,,,,,,,,
train_4176,,,,,,,,,,,,,
train_4177,,,,,,,,,,,,,
train_4178,,,,,,,,,,,,,
train_4179,,,,,,,,,,,,,
train_4180,,,,,,,,,,,,,
train_4181,,,,,,,,,,,,,
train_4182,,,,,,,,,,,,,
train_4183,,,,,,,,,,,,,
train_4184,,,,,,,,,,,,,
train_4185,,,,,,,,,,,,,
train_4186,,,,,,,,,,,,,
train_4187,,,,,,,,,,,,,
train_4188,,,,,,,,,,,,,
train_4189,,,,,,,,,,,,,
train_4190,,,,,,,,,,,,,
train_4191,,,,,,,,,,,,,
train_4192,,,,,,,,,,,,,
train_4193,,,,,,,,,,,,,
train_4194,,,,,,,,,,,,,
train_4195,,,,,,,,,,,,,
train_4196,,,,,,,,,,,,,
train_4197,,,,,,,,,,,,,
train_4198,,,,,,,,,,,,,
train_4199,,,,,,,,,,,,,
train_4200,,,,,,,,,,,,,
train_4201,,,,,,,,,,,,,
train_4202,,,,,,,,,,,,,
train_4203,,,,,,,,,,,,,
train_4204,,,,,,,,,,,,,
train_4205,,,,,,,,,,,,,
train_4206,,,,,,,,,,,,,
train_4207,,,,,,,,,,,,,
train_4208,,,,,,,,,,,,,
train_4209,,,,,,,,,,,,,
train_4210,,,,,,,,,,,,,
train_4211,,,,,,,,,,,,,
train_4212,,,,,,,,,,,,,
train_4213,,,,,,,,,,,,,
train_4214,,,,,,,,,,,,,
train_4215,,,,,,,,,,,,,
train_4216,,,,,,,,,,,,,
train_4217,,,,,,,,,,,,,
train_4218,,,,,,,,,,,,,
train_4219,,,,,,,,,,,,,
train_4220,,,,,,,,,,,,,
train_4221,,,,,,,,,,,,,
train_4222,,,,,,,,,,,,,
train_4223,,,,,,,,,,,,,
train_4224,,,,,,,,,,,,,
train_4225,,,,,,,,,,,,,
train_4226,,,,,,,,,,,,,
train_4227,,,,,,,,,,,,,
train_4228,,,,,,,,,,,,,
train_4229,,,,,,,,,,,,,
train_4230,,,,,,,,,,,,,
train_4231,,,,,,,,,,,,,
train_4232,,,,,,,,,,,,,
train_4233,,,,,,,,,,,,,
train_4234,,,,,,,,,,,,,
train_4235,,,,,,,,,,,,,
train_4236,,,,,,,,,,,,,
train_4237,,,,,,,,,,,,,
train_4238,,,,,,,,,,,,,
train_4239,,,,,,,,,,,,,
train_4240,,,,,,,,,,,,,
train_4241,,,,,,,,,,,,,
train_4242,,,,,,,,,,,,,
train_4243,,,,,,,,,,,,,
train_4244,,,,,,,,,,,,,
train_4245,,,,,,,,,,,,,
train_4246,,,,,,,,,,,,,
train_4247,,,,,,,,,,,,,
train_4248,,,,,,,,,,,,,
train_4249,,,,,,,,,,,,,
train_4250,,,,,,,,,,,,,
train_4251,,,,,,,,,,,,,
train_4252,,,,,,,,,,,,,
train_4253,,,,,,,,,,,,,
train_4254,,,,,,,,,,,,,
train_4255,,,,,,,,,,,,,
train_4256,,,,,,,,,,,,,
train_4257,,,,,,,,,,,,,
train_4258,,,,,,,,,,,,,
train_4259,,,,,,,,,,,,,
train_4260,,,,,,,,,,,,,
train_4261,,,,,,,,,,,,,
train_4262,,,,,,,,,,,,,
train_4263,,,,,,,,,,,,,
train_4264,,,,,,,,,,,,,
train_4265,,,,,,,,,,,,,
train_4266,,,,,,,,,,,,,
train_4267,,,,,,,,,,,,,
train_4268,,,,,,,,,,,,,
train_4269,,,,,,,,,,,,,
train_4270,,,,,,,,,,,,,
train_4271,,,,,,,,,,,,,
train_4272,,,,,,,,,,,,,
train_4273,,,,,,,,,,,,,
train_4274,,,,,,,,,,,,,
train_4275,,,,,,,,,,,,,
train_4276,,,,,,,,,,,,,
train_4277,,,,,,,,,,,,,
train_4278,,,,,,,,,,,,,
train_4279,,,,,,,,,,,,,
train_4280,,,,,,,,,,,,,
train_4281,,,,,,,,,,,,,
train_4282,,,,,,,,,,,,,
train_4283,,,,,,,,,,,,,
train_4284,,,,,,,,,,,,,
train_4285,,,,,,,,,,,,,
train_4286,,,,,,,,,,,,,
train_4287,,,,,,,,,,,,,
train_4288,,,,,,,,,,,,,
train_4289,,,,,,,,,,,,,
train_4290,,,,,,,,,,,,,
train_4291,,,,,,,,,,,,,
train_4292,,,,,,,,,,,,,
train_4293,,,,,,,,,,,,,
train_4294,,,,,,,,,,,,,
train_4295,,,,,,,,,,,,,
train_4296,,,,,,,,,,,,,
train_4297,,,,,,,,,,,,,
train_4298,,,,,,,,,,,,,
train_4299,,,,,,,,,,,,,
train_4300,,,,,,,,,,,,,
train_4301,,,,,,,,,,,,,
train_4302,,,,,,,,,,,,,
train_4303,,,,,,,,,,,,,
train_4304,,,,,,,,,,,,,
train_4305,,,,,,,,,,,,,
train_4306,,,,,,,,,,,,,
train_4307,,,,,,,,,,,,,
train_4308,,,,,,,,,,,,,
train_4309,,,,,,,,,,,,,
train_4310,,,,,,,,,,,,,
train_4311,,,,,,,,,,,,,
train_4312,,,,,,,,,,,,,
train_4313,,,,,,,,,,,,,
train_4314,,,,,,,,,,,,,
train_4315,,,,,,,,,,,,,
train_4316,,,,,,,,,,,,,
train_4317,,,,,,,,,,,,,
train_4318,,,,,,,,,,,,,
train_4319,,,,,,,,,,,,,
train_4320,,,,,,,,,,,,,
train_4321,,,,,,,,,,,,,
train_4322,,,,,,,,,,,,,
train_4323,,,,,,,,,,,,,
train_4324,,,,,,,,,,,,,
train_4325,,,,,,,,,,,,,
train_4326,,,,,,,,,,,,,
train_4327,,,,,,,,,,,,,
train_4328,,,,,,,,,,,,,
train_4329,,,,,,,,,,,,,
train_4330,,,,,,,,,,,,,
train_4331,,,,,,,,,,,,,
train_4332,,,,,,,,,,,,,
train_4333,,,,,,,,,,,,,
train_4334,,,,,,,,,,,,,
train_4335,,,,,,,,,,,,,
train_4336,,,,,,,,,,,,,
train_4337,,,,,,,,,,,,,
train_4338,,,,,,,,,,,,,
train_4339,,,,,,,,,,,,,
train_4340,,,,,,,,,,,,,
train_4341,,,,,,,,,,,,,
train_4342,,,,,,,,,,,,,
train_4343,,,,,,,,,,,,,
train_4344,,,,,,,,,,,,,
train_4345,,,,,,,,,,,,,
train_4346,,,,,,,,,,,,,
train_4347,,,,,,,,,,,,,
train_4348,,,,,,,,,,,,,
train_4349,,,,,,,,,,,,,
train_4350,,,,,,,,,,,,,
train_4351,,,,,,,,,,,,,
train_4352,,,,,,,,,,,,,
train_4353,,,,,,,,,,,,,
train_4354,,,,,,,,,,,,,
train_4355,,,,,,,,,,,,,
train_4356,,,,,,,,,,,,,
train_4357,,,,,,,,,,,,,
train_4358,,,,,,,,,,,,,
train_4359,,,,,,,,,,,,,
train_4360,,,,,,,,,,,,,
train_4361,,,,,,,,,,,,,
train_4362,,,,,,,,,,,,,
train_4363,,,,,,,,,,,,,
train_4364,,,,,,,,,,,,,
train_4365,,,,,,,,,,,,,
train_4366,,,,,,,,,,,,,
train_4367,,,,,,,,,,,,,
train_4368,,,,,,,,,,,,,
train_4369,,,,,,,,,,,,,
train_4370,,,,,,,,,,,,,
train_4371,,,,,,,,,,,,,
train_4372,,,,,,,,,,,,,
train_4373,,,,,,,,,,,,,
train_4374,,,,,,,,,,,,,
train_4375,,,,,,,,,,,,,
train_4376,,,,,,,,,,,,,
train_4377,,,,,,,,,,,,,
train_4378,,,,,,,,,,,,,
train_4379,,,,,,,,,,,,,
train_4380,,,,,,,,,,,,,
train_4381,,,,,,,,,,,,,
train_4382,,,,,,,,,,,,,
train_4383,,,,,,,,,,,,,
train_4384,,,,,,,,,,,,,
train_4385,,,,,,,,,,,,,
train_4386,,,,,,,,,,,,,
train_4387,,,,,,,,,,,,,
train_4388,,,,,,,,,,,,,
train_4389,,,,,,,,,,,,,
train_4390,,,,,,,,,,,,,
train_4391,,,,,,,,,,,,,
train_4392,,,,,,,,,,,,,
train_4393,,,,,,,,,,,,,
train_4394,,,,,,,,,,,,,
train_4395,,,,,,,,,,,,,
train_4396,,,,,,,,,,,,,
train_4397,,,,,,,,,,,,,
train_4398,,,,,,,,,,,,,
train_4399,,,,,,,,,,,,,
train_4400,,,,,,,,,,,,,
train_4401,,,,,,,,,,,,,
train_4402,,,,,,,,,,,,,
train_4403,,,,,,,,,,,,,
train_4404,,,,,,,,,,,,,
train_4405,,,,,,,,,,,,,
train_4406,,,,,,,,,,,,,
train_4407,,,,,,,,,,,,,
train_4408,,,,,,,,,,,,,
train_4409,,,,,,,,,,,,,
train_4410,,,,,,,,,,,,,
train_4411,,,,,,,,,,,,,
train_4412,,,,,,,,,,,,,
train_4413,,,,,,,,,,,,,
train_4414,,,,,,,,,,,,,
train_4415,,,,,,,,,,,,,
train_4416,,,,,,,,,,,,,
train_4417,,,,,,,,,,,,,
train_4418,,,,,,,,,,,,,
train_4419,,,,,,,,,,,,,
train_4420,,,,,,,,,,,,,
train_4421,,,,,,,,,,,,,
train_4422,,,,,,,,,,,,,
train_4423,,,,,,,,,,,,,
train_4424,,,,,,,,,,,,,
train_4425,,,,,,,,,,,,,
train_4426,,,,,,,,,,,,,
train_4427,,,,,,,,,,,,,
train_4428,,,,,,,,,,,,,
train_4429,,,,,,,,,,,,,
train_4430,,,,,,,,,,,,,
train_4431,,,,,,,,,,,,,
train_4432,,,,,,,,,,,,,
train_4433,,,,,,,,,,,,,
train_4434,,,,,,,,,,,,,
train_4435,,,,,,,,,,,,,
train_4436,,,,,,,,,,,,,
train_4437,,,,,,,,,,,,,
train_4438,,,,,,,,,,,,,
train_4439,,,,,,,,,,,,,
train_4440,,,,,,,,,,,,,
train_4441,,,,,,,,,,,,,
train_4442,,,,,,,,,,,,,
train_4443,,,,,,,,,,,,,
train_4444,,,,,,,,,,,,,
train_4445,,,,,,,,,,,,,
train_4446,,,,,,,,,,,,,
train_4447,,,,,,,,,,,,,
train_4448,,,,,,,,,,,,,
train_4449,,,,,,,,,,,,,
train_4450,,,,,,,,,,,,,
train_4451,,,,,,,,,,,,,
train_4452,,,,,,,,,,,,,
train_4453,,,,,,,,,,,,,
train_4454,,,,,,,,,,,,,
train_4455,,,,,,,,,,,,,
train_4456,,,,,,,,,,,,,
train_4457,,,,,,,,,,,,,
train_4458,,,,,,,,,,,,,
train_4459,,,,,,,,,,,,,
train_4460,,,,,,,,,,,,,
train_4461,,,,,,,,,,,,,
train_4462,,,,,,,,,,,,,
train_4463,,,,,,,,,,,,,
train_4464,,,,,,,,,,,,,
train_4465,,,,,,,,,,,,,
train_4466,,,,,,,,,,,,,
train_4467,,,,,,,,,,,,,
train_4468,,,,,,,,,,,,,
train_4469,,,,,,,,,,,,,
train_4470,,,,,,,,,,,,,
train_4471,,,,,,,,,,,,,
train_4472,,,,,,,,,,,,,
train_4473,,,,,,,,,,,,,
train_4474,,,,,,,,,,,,,
train_4475,,,,,,,,,,,,,
train_4476,,,,,,,,,,,,,
train_4477,,,,,,,,,,,,,
train_4478,,,,,,,,,,,,,
train_4479,,,,,,,,,,,,,
train_4480,,,,,,,,,,,,,
train_4481,,,,,,,,,,,,,
train_4482,,,,,,,,,,,,,
train_4483,,,,,,,,,,,,,
train_4484,,,,,,,,,,,,,
train_4485,,,,,,,,,,,,,
train_4486,,,,,,,,,,,,,
train_4487,,,,,,,,,,,,,
train_4488,,,,,,,,,,,,,
train_4489,,,,,,,,,,,,,
train_4490,,,,,,,,,,,,,
train_4491,,,,,,,,,,,,,
train_4492,,,,,,,,,,,,,
train_4493,,,,,,,,,,,,,
train_4494,,,,,,,,,,,,,
train_4495,,,,,,,,,,,,,
train_4496,,,,,,,,,,,,,
train_4497,,,,,,,,,,,,,
train_4498,,,,,,,,,,,,,
train_4499,,,,,,,,,,,,,
train_4500,,,,,,,,,,,,,
train_4501,,,,,,,,,,,,,
train_4502,,,,,,,,,,,,,
train_4503,,,,,,,,,,,,,
train_4504,,,,,,,,,,,,,
train_4505,,,,,,,,,,,,,
train_4506,,,,,,,,,,,,,
train_4507,,,,,,,,,,,,,
train_4508,,,,,,,,,,,,,
train_4509,,,,,,,,,,,,,
train_4510,,,,,,,,,,,,,
train_4511,,,,,,,,,,,,,
train_4512,,,,,,,,,,,,,
train_4513,,,,,,,,,,,,,
train_4514,,,,,,,,,,,,,
train_4515,,,,,,,,,,,,,
train_4516,,,,,,,,,,,,,
train_4517,,,,,,,,,,,,,
train_4518,,,,,,,,,,,,,
train_4519,,,,,,,,,,,,,
train_4520,,,,,,,,,,,,,
train_4521,,,,,,,,,,,,,
train_4522,,,,,,,,,,,,,
train_4523,,,,,,,,,,,,,
train_4524,,,,,,,,,,,,,
train_4525,,,,,,,,,,,,,
train_4526,,,,,,,,,,,,,
train_4527,,,,,,,,,,,,,
train_4528,,,,,,,,,,,,,
train_4529,,,,,,,,,,,,,
train_4530,,,,,,,,,,,,,
train_4531,,,,,,,,,,,,,
train_4532,,,,,,,,,,,,,
train_4533,,,,,,,,,,,,,
train_4534,,,,,,,,,,,,,
train_4535,,,,,,,,,,,,,
train_4536,,,,,,,,,,,,,
train_4537,,,,,,,,,,,,,
train_4538,,,,,,,,,,,,,
train_4539,,,,,,,,,,,,,
train_4540,,,,,,,,,,,,,
train_4541,,,,,,,,,,,,,
train_4542,,,,,,,,,,,,,
train_4543,,,,,,,,,,,,,
train_4544,,,,,,,,,,,,,
train_4545,,,,,,,,,,,,,
train_4546,,,,,,,,,,,,,
train_4547,,,,,,,,,,,,,
train_4548,,,,,,,,,,,,,
train_4549,,,,,,,,,,,,,
train_4550,,,,,,,,,,,,,
train_4551,,,,,,,,,,,,,
train_4552,,,,,,,,,,,,,
train_4553,,,,,,,,,,,,,
train_4554,,,,,,,,,,,,,
train_4555,,,,,,,,,,,,,
train_4556,,,,,,,,,,,,,
train_4557,,,,,,,,,,,,,
train_4558,,,,,,,,,,,,,
train_4559,,,,,,,,,,,,,
train_4560,,,,,,,,,,,,,
train_4561,,,,,,,,,,,,,
train_4562,,,,,,,,,,,,,
train_4563,,,,,,,,,,,,,
train_4564,,,,,,,,,,,,,
train_4565,,,,,,,,,,,,,
train_4566,,,,,,,,,,,,,
train_4567,,,,,,,,,,,,,
train_4568,,,,,,,,,,,,,
train_4569,,,,,,,,,,,,,
train_4570,,,,,,,,,,,,,
train_4571,,,,,,,,,,,,,
train_4572,,,,,,,,,,,,,
train_4573,,,,,,,,,,,,,
train_4574,,,,,,,,,,,,,
train_4575,,,,,,,,,,,,,
train_4576,,,,,,,,,,,,,
train_4577,,,,,,,,,,,,,
train_4578,,,,,,,,,,,,,
train_4579,,,,,,,,,,,,,
train_4580,,,,,,,,,,,,,
train_4581,,,,,,,,,,,,,
train_4582,,,,,,,,,,,,,
train_4583,,,,,,,,,,,,,
train_4584,,,,,,,,,,,,,
train_4585,,,,,,,,,,,,,
train_4586,,,,,,,,,,,,,
train_4587,,,,,,,,,,,,,
train_4588,,,,,,,,,,,,,
train_4589,,,,,,,,,,,,,
train_4590,,,,,,,,,,,,,
train_4591,,,,,,,,,,,,,
train_4592,,,,,,,,,,,,,
train_4593,,,,,,,,,,,,,
train_4594,,,,,,,,,,,,,
train_4595,,,,,,,,,,,,,
train_4596,,,,,,,,,,,,,
train_4597,,,,,,,,,,,,,
train_4598,,,,,,,,,,,,,
train_4599,,,,,,,,,,,,,
train_4600,,,,,,,,,,,,,
train_4601,,,,,,,,,,,,,
train_4602,,,,,,,,,,,,,
train_4603,,,,,,,,,,,,,
train_4604,,,,,,,,,,,,,
train_4605,,,,,,,,,,,,,
train_4606,,,,,,,,,,,,,
train_4607,,,,,,,,,,,,,
train_4608,,,,,,,,,,,,,
train_4609,,,,,,,,,,,,,
train_4610,,,,,,,,,,,,,
train_4611,,,,,,,,,,,,,
train_4612,,,,,,,,,,,,,
train_4613,,,,,,,,,,,,,
train_4614,,,,,,,,,,,,,
train_4615,,,,,,,,,,,,,
train_4616,,,,,,,,,,,,,
train_4617,,,,,,,,,,,,,
train_4618,,,,,,,,,,,,,
train_4619,,,,,,,,,,,,,
train_4620,,,,,,,,,,,,,
train_4621,,,,,,,,,,,,,
train_4622,,,,,,,,,,,,,
train_4623,,,,,,,,,,,,,
train_4624,,,,,,,,,,,,,
train_4625,,,,,,,,,,,,,
train_4626,,,,,,,,,,,,,
train_4627,,,,,,,,,,,,,
train_4628,,,,,,,,,,,,,
train_4629,,,,,,,,,,,,,
train_4630,,,,,,,,,,,,,
train_4631,,,,,,,,,,,,,
train_4632,,,,,,,,,,,,,
train_4633,,,,,,,,,,,,,
train_4634,,,,,,,,,,,,,
train_4635,,,,,,,,,,,,,
train_4636,,,,,,,,,,,,,
train_4637,,,,,,,,,,,,,
train_4638,,,,,,,,,,,,,
train_4639,,,,,,,,,,,,,
train_4640,,,,,,,,,,,,,
train_4641,,,,,,,,,,,,,
train_4642,,,,,,,,,,,,,
train_4643,,,,,,,,,,,,,
train_4644,,,,,,,,,,,,,
train_4645,,,,,,,,,,,,,
train_4646,,,,,,,,,,,,,
train_4647,,,,,,,,,,,,,
train_4648,,,,,,,,,,,,,
train_4649,,,,,,,,,,,,,
train_4650,,,,,,,,,,,,,
train_4651,,,,,,,,,,,,,
train_4652,,,,,,,,,,,,,
train_4653,,,,,,,,,,,,,
train_4654,,,,,,,,,,,,,
train_4655,,,,,,,,,,,,,
train_4656,,,,,,,,,,,,,
train_4657,,,,,,,,,,,,,
train_4658,,,,,,,,,,,,,
train_4659,,,,,,,,,,,,,
train_4660,,,,,,,,,,,,,
train_4661,,,,,,,,,,,,,
train_4662,,,,,,,,,,,,,
train_4663,,,,,,,,,,,,,
train_4664,,,,,,,,,,,,,
train_4665,,,,,,,,,,,,,
train_4666,,,,,,,,,,,,,
train_4667,,,,,,,,,,,,,
train_4668,,,,,,,,,,,,,
train_4669,,,,,,,,,,,,,
train_4670,,,,,,,,,,,,,
train_4671,,,,,,,,,,,,,
train_4672,,,,,,,,,,,,,
train_4673,,,,,,,,,,,,,
train_4674,,,,,,,,,,,,,
train_4675,,,,,,,,,,,,,
train_4676,,,,,,,,,,,,,
train_4677,,,,,,,,,,,,,
train_4678,,,,,,,,,,,,,
train_4679,,,,,,,,,,,,,
train_4680,,,,,,,,,,,,,
train_4681,,,,,,,,,,,,,
train_4682,,,,,,,,,,,,,
train_4683,,,,,,,,,,,,,
train_4684,,,,,,,,,,,,,
train_4685,,,,,,,,,,,,,
train_4686,,,,,,,,,,,,,
train_4687,,,,,,,,,,,,,
train_4688,,,,,,,,,,,,,
train_4689,,,,,,,,,,,,,
train_4690,,,,,,,,,,,,,
train_4691,,,,,,,,,,,,,
train_4692,,,,,,,,,,,,,
train_4693,,,,,,,,,,,,,
train_4694,,,,,,,,,,,,,
train_4695,,,,,,,,,,,,,
train_4696,,,,,,,,,,,,,
train_4697,,,,,,,,,,,,,
train_4698,,,,,,,,,,,,,
train_4699,,,,,,,,,,,,,
train_4700,,,,,,,,,,,,,
train_4701,,,,,,,,,,,,,
train_4702,,,,,,,,,,,,,
train_4703,,,,,,,,,,,,,
train_4704,,,,,,,,,,,,,
train_4705,,,,,,,,,,,,,
train_4706,,,,,,,,,,,,,
train_4707,,,,,,,,,,,,,
train_4708,,,,,,,,,,,,,
train_4709,,,,,,,,,,,,,
train_4710,,,,,,,,,,,,,
train_4711,,,,,,,,,,,,,
train_4712,,,,,,,,,,,,,
train_4713,,,,,,,,,,,,,
train_4714,,,,,,,,,,,,,
train_4715,,,,,,,,,,,,,
train_4716,,,,,,,,,,,,,
train_4717,,,,,,,,,,,,,
train_4718,,,,,,,,,,,,,
train_4719,,,,,,,,,,,,,
train_4720,,,,,,,,,,,,,
train_4721,,,,,,,,,,,,,
train_4722,,,,,,,,,,,,,
train_4723,,,,,,,,,,,,,
train_4724,,,,,,,,,,,,,
train_4725,,,,,,,,,,,,,
train_4726,,,,,,,,,,,,,
train_4727,,,,,,,,,,,,,
train_4728,,,,,,,,,,,,,
train_4729,,,,,,,,,,,,,
train_4730,,,,,,,,,,,,,
train_4731,,,,,,,,,,,,,
train_4732,,,,,,,,,,,,,
train_4733,,,,,,,,,,,,,
train_4734,,,,,,,,,,,,,
train_4735,,,,,,,,,,,,,
train_4736,,,,,,,,,,,,,
train_4737,,,,,,,,,,,,,
train_4738,,,,,,,,,,,,,
train_4739,,,,,,,,,,,,,
train_4740,,,,,,,,,,,,,
train_4741,,,,,,,,,,,,,
train_4742,,,,,,,,,,,,,
train_4743,,,,,,,,,,,,,
train_4744,,,,,,,,,,,,,
train_4745,,,,,,,,,,,,,
train_4746,,,,,,,,,,,,,
train_4747,,,,,,,,,,,,,
train_4748,,,,,,,,,,,,,
train_4749,,,,,,,,,,,,,
train_4750,,,,,,,,,,,,,
train_4751,,,,,,,,,,,,,
train_4752,,,,,,,,,,,,,
train_4753,,,,,,,,,,,,,
train_4754,,,,,,,,,,,,,
train_4755,,,,,,,,,,,,,
train_4756,,,,,,,,,,,,,
train_4757,,,,,,,,,,,,,
train_4758,,,,,,,,,,,,,
train_4759,,,,,,,,,,,,,
train_4760,,,,,,,,,,,,,
train_4761,,,,,,,,,,,,,
train_4762,,,,,,,,,,,,,
train_4763,,,,,,,,,,,,,
train_4764,,,,,,,,,,,,,
train_4765,,,,,,,,,,,,,
train_4766,,,,,,,,,,,,,
train_4767,,,,,,,,,,,,,
train_4768,,,,,,,,,,,,,
train_4769,,,,,,,,,,,,,
train_4770,,,,,,,,,,,,,
train_4771,,,,,,,,,,,,,
train_4772,,,,,,,,,,,,,
train_4773,,,,,,,,,,,,,
train_4774,,,,,,,,,,,,,
train_4775,,,,,,,,,,,,,
train_4776,,,,,,,,,,,,,
train_4777,,,,,,,,,,,,,
train_4778,,,,,,,,,,,,,
train_4779,,,,,,,,,,,,,
train_4780,,,,,,,,,,,,,
train_4781,,,,,,,,,,,,,
train_4782,,,,,,,,,,,,,
train_4783,,,,,,,,,,,,,
train_4784,,,,,,,,,,,,,
train_4785,,,,,,,,,,,,,
train_4786,,,,,,,,,,,,,
train_4787,,,,,,,,,,,,,
train_4788,,,,,,,,,,,,,
train_4789,,,,,,,,,,,,,
train_4790,,,,,,,,,,,,,
train_4791,,,,,,,,,,,,,
train_4792,,,,,,,,,,,,,
train_4793,,,,,,,,,,,,,
train_4794,,,,,,,,,,,,,
train_4795,,,,,,,,,,,,,
train_4796,,,,,,,,,,,,,
train_4797,,,,,,,,,,,,,
train_4798,,,,,,,,,,,,,
train_4799,,,,,,,,,,,,,
train_4800,,,,,,,,,,,,,
train_4801,,,,,,,,,,,,,
train_4802,,,,,,,,,,,,,
train_4803,,,,,,,,,,,,,
train_4804,,,,,,,,,,,,,
train_4805,,,,,,,,,,,,,
train_4806,,,,,,,,,,,,,
train_4807,,,,,,,,,,,,,
train_4808,,,,,,,,,,,,,
train_4809,,,,,,,,,,,,,
train_4810,,,,,,,,,,,,,
train_4811,,,,,,,,,,,,,
train_4812,,,,,,,,,,,,,
train_4813,,,,,,,,,,,,,
train_4814,,,,,,,,,,,,,
train_4815,,,,,,,,,,,,,
train_4816,,,,,,,,,,,,,
train_4817,,,,,,,,,,,,,
train_4818,,,,,,,,,,,,,
train_4819,,,,,,,,,,,,,
train_4820,,,,,,,,,,,,,
train_4821,,,,,,,,,,,,,
train_4822,,,,,,,,,,,,,
train_4823,,,,,,,,,,,,,
train_4824,,,,,,,,,,,,,
train_4825,,,,,,,,,,,,,
train_4826,,,,,,,,,,,,,
train_4827,,,,,,,,,,,,,
train_4828,,,,,,,,,,,,,
train_4829,,,,,,,,,,,,,
train_4830,,,,,,,,,,,,,
train_4831,,,,,,,,,,,,,
train_4832,,,,,,,,,,,,,
train_4833,,,,,,,,,,,,,
train_4834,,,,,,,,,,,,,
train_4835,,,,,,,,,,,,,
train_4836,,,,,,,,,,,,,
train_4837,,,,,,,,,,,,,
train_4838,,,,,,,,,,,,,
train_4839,,,,,,,,,,,,,
train_4840,,,,,,,,,,,,,
train_4841,,,,,,,,,,,,,
train_4842,,,,,,,,,,,,,
train_4843,,,,,,,,,,,,,
train_4844,,,,,,,,,,,,,
train_4845,,,,,,,,,,,,,
train_4846,,,,,,,,,,,,,
train_4847,,,,,,,,,,,,,
train_4848,,,,,,,,,,,,,
train_4849,,,,,,,,,,,,,
train_4850,,,,,,,,,,,,,
train_4851,,,,,,,,,,,,,
train_4852,,,,,,,,,,,,,
train_4853,,,,,,,,,,,,,
train_4854,,,,,,,,,,,,,
train_4855,,,,,,,,,,,,,
train_4856,,,,,,,,,,,,,
train_4857,,,,,,,,,,,,,
train_4858,,,,,,,,,,,,,
train_4859,,,,,,,,,,,,,
train_4860,,,,,,,,,,,,,
train_4861,,,,,,,,,,,,,
train_4862,,,,,,,,,,,,,
train_4863,,,,,,,,,,,,,
train_4864,,,,,,,,,,,,,
train_4865,,,,,,,,,,,,,
train_4866,,,,,,,,,,,,,
train_4867,,,,,,,,,,,,,
train_4868,,,,,,,,,,,,,
train_4869,,,,,,,,,,,,,
train_4870,,,,,,,,,,,,,
train_4871,,,,,,,,,,,,,
train_4872,,,,,,,,,,,,,
train_4873,,,,,,,,,,,,,
train_4874,,,,,,,,,,,,,
train_4875,,,,,,,,,,,,,
train_4876,,,,,,,,,,,,,
train_4877,,,,,,,,,,,,,
train_4878,,,,,,,,,,,,,
train_4879,,,,,,,,,,,,,
train_4880,,,,,,,,,,,,,
train_4881,,,,,,,,,,,,,
train_4882,,,,,,,,,,,,,
train_4883,,,,,,,,,,,,,
train_4884,,,,,,,,,,,,,
train_4885,,,,,,,,,,,,,
train_4886,,,,,,,,,,,,,
train_4887,,,,,,,,,,,,,
train_4888,,,,,,,,,,,,,
train_4889,,,,,,,,,,,,,
train_4890,,,,,,,,,,,,,
train_4891,,,,,,,,,,,,,
train_4892,,,,,,,,,,,,,
train_4893,,,,,,,,,,,,,
train_4894,,,,,,,,,,,,,
train_4895,,,,,,,,,,,,,
train_4896,,,,,,,,,,,,,
train_4897,,,,,,,,,,,,,
train_4898,,,,,,,,,,,,,
train_4899,,,,,,,,,,,,,
train_4900,,,,,,,,,,,,,
train_4901,,,,,,,,,,,,,
train_4902,,,,,,,,,,,,,
train_4903,,,,,,,,,,,,,
train_4904,,,,,,,,,,,,,
train_4905,,,,,,,,,,,,,
train_4906,,,,,,,,,,,,,
train_4907,,,,,,,,,,,,,
train_4908,,,,,,,,,,,,,
train_4909,,,,,,,,,,,,,
train_4910,,,,,,,,,,,,,
train_4911,,,,,,,,,,,,,
train_4912,,,,,,,,,,,,,
train_4913,,,,,,,,,,,,,
train_4914,,,,,,,,,,,,,
train_4915,,,,,,,,,,,,,
train_4916,,,,,,,,,,,,,
train_4917,,,,,,,,,,,,,
train_4918,,,,,,,,,,,,,
train_4919,,,,,,,,,,,,,
train_4920,,,,,,,,,,,,,
train_4921,,,,,,,,,,,,,
train_4922,,,,,,,,,,,,,
train_4923,,,,,,,,,,,,,
train_4924,,,,,,,,,,,,,
train_4925,,,,,,,,,,,,,
train_4926,,,,,,,,,,,,,
train_4927,,,,,,,,,,,,,
train_4928,,,,,,,,,,,,,
train_4929,,,,,,,,,,,,,
train_4930,,,,,,,,,,,,,
train_4931,,,,,,,,,,,,,
train_4932,,,,,,,,,,,,,
train_4933,,,,,,,,,,,,,
train_4934,,,,,,,,,,,,,
train_4935,,,,,,,,,,,,,
train_4936,,,,,,,,,,,,,
train_4937,,,,,,,,,,,,,
train_4938,,,,,,,,,,,,,
train_4939,,,,,,,,,,,,,
train_4940,,,,,,,,,,,,,
train_4941,,,,,,,,,,,,,
train_4942,,,,,,,,,,,,,
train_4943,,,,,,,,,,,,,
train_4944,,,,,,,,,,,,,
train_4945,,,,,,,,,,,,,
train_4946,,,,,,,,,,,,,
train_4947,,,,,,,,,,,,,
train_4948,,,,,,,,,,,,,
train_4949,,,,,,,,,,,,,
train_4950,,,,,,,,,,,,,
train_4951,,,,,,,,,,,,,
train_4952,,,,,,,,,,,,,
train_4953,,,,,,,,,,,,,
train_4954,,,,,,,,,,,,,
train_4955,,,,,,,,,,,,,
train_4956,,,,,,,,,,,,,
train_4957,,,,,,,,,,,,,
train_4958,,,,,,,,,,,,,
train_4959,,,,,,,,,,,,,
train_4960,,,,,,,,,,,,,
train_4961,,,,,,,,,,,,,
train_4962,,,,,,,,,,,,,
train_4963,,,,,,,,,,,,,
train_4964,,,,,,,,,,,,,
train_4965,,,,,,,,,,,,,
train_4966,,,,,,,,,,,,,
train_4967,,,,,,,,,,,,,
train_4968,,,,,,,,,,,,,
train_4969,,,,,,,,,,,,,
train_4970,,,,,,,,,,,,,
train_4971,,,,,,,,,,,,,
train_4972,,,,,,,,,,,,,
train_4973,,,,,,,,,,,,,
train_4974,,,,,,,,,,,,,
train_4975,,,,,,,,,,,,,
train_4976,,,,,,,,,,,,,
train_4977,,,,,,,,,,,,,
train_4978,,,,,,,,,,,,,
train_4979,,,,,,,,,,,,,
train_4980,,,,,,,,,,,,,
train_4981,,,,,,,,,,,,,
train_4982,,,,,,,,,,,,,
train_4983,,,,,,,,,,,,,
train_4984,,,,,,,,,,,,,
train_4985,,,,,,,,,,,,,
train_4986,,,,,,,,,,,,,
train_4987,,,,,,,,,,,,,
train_4988,,,,,,,,,,,,,
train_4989,,,,,,,,,,,,,
train_4990,,,,,,,,,,,,,
train_4991,,,,,,,,,,,,,
train_4992,,,,,,,,,,,,,
train_4993,,,,,,,,,,,,,
train_4994,,,,,,,,,,,,,
train_4995,,,,,,,,,,,,,
train_4996,,,,,,,,,,,,,
train_4997,,,,,,,,,,,,,
train_4998,,,,,,,,,,,,,
train_4999,,,,,,,,,,,,,
train_5000,,,,,,,,,,,,,
train_5001,,,,,,,,,,,,,
train_5002,,,,,,,,,,,,,
train_5003,,,,,,,,,,,,,
train_5004,,,,,,,,,,,,,
train_5005,,,,,,,,,,,,,
train_5006,,,,,,,,,,,,,
train_5007,,,,,,,,,,,,,
train_5008,,,,,,,,,,,,,
train_5009,,,,,,,,,,,,,
train_5010,,,,,,,,,,,,,
train_5011,,,,,,,,,,,,,
train_5012,,,,,,,,,,,,,
train_5013,,,,,,,,,,,,,
train_5014,,,,,,,,,,,,,
train_5015,,,,,,,,,,,,,
train_5016,,,,,,,,,,,,,
train_5017,,,,,,,,,,,,,
train_5018,,,,,,,,,,,,,
train_5019,,,,,,,,,,,,,
train_5020,,,,,,,,,,,,,
train_5021,,,,,,,,,,,,,
train_5022,,,,,,,,,,,,,
train_5023,,,,,,,,,,,,,
train_5024,,,,,,,,,,,,,
train_5025,,,,,,,,,,,,,
train_5026,,,,,,,,,,,,,
train_5027,,,,,,,,,,,,,
train_5028,,,,,,,,,,,,,
train_5029,,,,,,,,,,,,,
train_5030,,,,,,,,,,,,,
train_5031,,,,,,,,,,,,,
train_5032,,,,,,,,,,,,,
train_5033,,,,,,,,,,,,,
train_5034,,,,,,,,,,,,,
train_5035,,,,,,,,,,,,,
train_5036,,,,,,,,,,,,,
train_5037,,,,,,,,,,,,,
train_5038,,,,,,,,,,,,,
train_5039,,,,,,,,,,,,,
train_5040,,,,,,,,,,,,,
train_5041,,,,,,,,,,,,,
train_5042,,,,,,,,,,,,,
train_5043,,,,,,,,,,,,,
train_5044,,,,,,,,,,,,,
train_5045,,,,,,,,,,,,,
train_5046,,,,,,,,,,,,,
train_5047,,,,,,,,,,,,,
train_5048,,,,,,,,,,,,,
train_5049,,,,,,,,,,,,,
train_5050,,,,,,,,,,,,,
train_5051,,,,,,,,,,,,,
train_5052,,,,,,,,,,,,,
train_5053,,,,,,,,,,,,,
train_5054,,,,,,,,,,,,,
train_5055,,,,,,,,,,,,,
train_5056,,,,,,,,,,,,,
train_5057,,,,,,,,,,,,,
train_5058,,,,,,,,,,,,,
train_5059,,,,,,,,,,,,,
train_5060,,,,,,,,,,,,,
train_5061,,,,,,,,,,,,,
train_5062,,,,,,,,,,,,,
train_5063,,,,,,,,,,,,,
train_5064,,,,,,,,,,,,,
train_5065,,,,,,,,,,,,,
train_5066,,,,,,,,,,,,,
train_5067,,,,,,,,,,,,,
train_5068,,,,,,,,,,,,,
train_5069,,,,,,,,,,,,,
train_5070,,,,,,,,,,,,,
train_5071,,,,,,,,,,,,,
train_5072,,,,,,,,,,,,,
train_5073,,,,,,,,,,,,,
train_5074,,,,,,,,,,,,,
train_5075,,,,,,,,,,,,,
train_5076,,,,,,,,,,,,,
train_5077,,,,,,,,,,,,,
train_5078,,,,,,,,,,,,,
train_5079,,,,,,,,,,,,,
train_5080,,,,,,,,,,,,,
train_5081,,,,,,,,,,,,,
train_5082,,,,,,,,,,,,,
train_5083,,,,,,,,,,,,,
train_5084,,,,,,,,,,,,,
train_5085,,,,,,,,,,,,,
train_5086,,,,,,,,,,,,,
train_5087,,,,,,,,,,,,,
train_5088,,,,,,,,,,,,,
train_5089,,,,,,,,,,,,,
train_5090,,,,,,,,,,,,,
train_5091,,,,,,,,,,,,,
train_5092,,,,,,,,,,,,,
train_5093,,,,,,,,,,,,,
train_5094,,,,,,,,,,,,,
train_5095,,,,,,,,,,,,,
train_5096,,,,,,,,,,,,,
train_5097,,,,,,,,,,,,,
train_5098,,,,,,,,,,,,,
train_5099,,,,,,,,,,,,,
train_5100,,,,,,,,,,,,,
train_5101,,,,,,,,,,,,,
train_5102,,,,,,,,,,,,,
train_5103,,,,,,,,,,,,,
train_5104,,,,,,,,,,,,,
train_5105,,,,,,,,,,,,,
train_5106,,,,,,,,,,,,,
train_5107,,,,,,,,,,,,,
train_5108,,,,,,,,,,,,,
train_5109,,,,,,,,,,,,,
train_5110,,,,,,,,,,,,,
train_5111,,,,,,,,,,,,,
train_5112,,,,,,,,,,,,,
train_5113,,,,,,,,,,,,,
train_5114,,,,,,,,,,,,,
train_5115,,,,,,,,,,,,,
train_5116,,,,,,,,,,,,,
train_5117,,,,,,,,,,,,,
train_5118,,,,,,,,,,,,,
train_5119,,,,,,,,,,,,,
train_5120,,,,,,,,,,,,,
train_5121,,,,,,,,,,,,,
train_5122,,,,,,,,,,,,,
train_5123,,,,,,,,,,,,,
train_5124,,,,,,,,,,,,,
train_5125,,,,,,,,,,,,,
train_5126,,,,,,,,,,,,,
train_5127,,,,,,,,,,,,,
train_5128,,,,,,,,,,,,,
train_5129,,,,,,,,,,,,,
train_5130,,,,,,,,,,,,,
train_5131,,,,,,,,,,,,,
train_5132,,,,,,,,,,,,,
train_5133,,,,,,,,,,,,,
train_5134,,,,,,,,,,,,,
train_5135,,,,,,,,,,,,,
train_5136,,,,,,,,,,,,,
train_5137,,,,,,,,,,,,,
train_5138,,,,,,,,,,,,,
train_5139,,,,,,,,,,,,,
train_5140,,,,,,,,,,,,,
train_5141,,,,,,,,,,,,,
train_5142,,,,,,,,,,,,,
train_5143,,,,,,,,,,,,,
train_5144,,,,,,,,,,,,,
train_5145,,,,,,,,,,,,,
train_5146,,,,,,,,,,,,,
train_5147,,,,,,,,,,,,,
train_5148,,,,,,,,,,,,,
train_5149,,,,,,,,,,,,,
train_5150,,,,,,,,,,,,,
train_5151,,,,,,,,,,,,,
train_5152,,,,,,,,,,,,,
train_5153,,,,,,,,,,,,,
train_5154,,,,,,,,,,,,,
train_5155,,,,,,,,,,,,,
train_5156,,,,,,,,,,,,,
train_5157,,,,,,,,,,,,,
train_5158,,,,,,,,,,,,,
train_5159,,,,,,,,,,,,,
train_5160,,,,,,,,,,,,,
train_5161,,,,,,,,,,,,,
train_5162,,,,,,,,,,,,,
train_5163,,,,,,,,,,,,,
train_5164,,,,,,,,,,,,,
train_5165,,,,,,,,,,,,,
train_5166,,,,,,,,,,,,,
train_5167,,,,,,,,,,,,,
train_5168,,,,,,,,,,,,,
train_5169,,,,,,,,,,,,,
train_5170,,,,,,,,,,,,,
train_5171,,,,,,,,,,,,,
train_5172,,,,,,,,,,,,,
train_5173,,,,,,,,,,,,,
train_5174,,,,,,,,,,,,,
train_5175,,,,,,,,,,,,,
train_5176,,,,,,,,,,,,,
train_5177,,,,,,,,,,,,,
train_5178,,,,,,,,,,,,,
train_5179,,,,,,,,,,,,,
train_5180,,,,,,,,,,,,,
train_5181,,,,,,,,,,,,,
train_5182,,,,,,,,,,,,,
train_5183,,,,,,,,,,,,,
train_5184,,,,,,,,,,,,,
train_5185,,,,,,,,,,,,,
train_5186,,,,,,,,,,,,,
train_5187,,,,,,,,,,,,,
train_5188,,,,,,,,,,,,,
train_5189,,,,,,,,,,,,,
train_5190,,,,,,,,,,,,,
train_5191,,,,,,,,,,,,,
train_5192,,,,,,,,,,,,,
train_5193,,,,,,,,,,,,,
train_5194,,,,,,,,,,,,,
train_5195,,,,,,,,,,,,,
train_5196,,,,,,,,,,,,,
train_5197,,,,,,,,,,,,,
train_5198,,,,,,,,,,,,,
train_5199,,,,,,,,,,,,,
train_5200,,,,,,,,,,,,,
train_5201,,,,,,,,,,,,,
train_5202,,,,,,,,,,,,,
train_5203,,,,,,,,,,,,,
train_5204,,,,,,,,,,,,,
train_5205,,,,,,,,,,,,,
train_5206,,,,,,,,,,,,,
train_5207,,,,,,,,,,,,,
train_5208,,,,,,,,,,,,,
train_5209,,,,,,,,,,,,,
train_5210,,,,,,,,,,,,,
train_5211,,,,,,,,,,,,,
train_5212,,,,,,,,,,,,,
train_5213,,,,,,,,,,,,,
train_5214,,,,,,,,,,,,,
train_5215,,,,,,,,,,,,,
train_5216,,,,,,,,,,,,,
train_5217,,,,,,,,,,,,,
train_5218,,,,,,,,,,,,,
train_5219,,,,,,,,,,,,,
train_5220,,,,,,,,,,,,,
train_5221,,,,,,,,,,,,,
train_5222,,,,,,,,,,,,,
train_5223,,,,,,,,,,,,,
train_5224,,,,,,,,,,,,,
train_5225,,,,,,,,,,,,,
train_5226,,,,,,,,,,,,,
train_5227,,,,,,,,,,,,,
train_5228,,,,,,,,,,,,,
train_5229,,,,,,,,,,,,,
train_5230,,,,,,,,,,,,,
train_5231,,,,,,,,,,,,,
train_5232,,,,,,,,,,,,,
train_5233,,,,,,,,,,,,,
train_5234,,,,,,,,,,,,,
train_5235,,,,,,,,,,,,,
train_5236,,,,,,,,,,,,,
train_5237,,,,,,,,,,,,,
train_5238,,,,,,,,,,,,,
train_5239,,,,,,,,,,,,,
train_5240,,,,,,,,,,,,,
train_5241,,,,,,,,,,,,,
train_5242,,,,,,,,,,,,,
train_5243,,,,,,,,,,,,,
train_5244,,,,,,,,,,,,,
train_5245,,,,,,,,,,,,,
train_5246,,,,,,,,,,,,,
train_5247,,,,,,,,,,,,,
train_5248,,,,,,,,,,,,,
train_5249,,,,,,,,,,,,,
train_5250,,,,,,,,,,,,,
train_5251,,,,,,,,,,,,,
train_5252,,,,,,,,,,,,,
train_5253,,,,,,,,,,,,,
train_5254,,,,,,,,,,,,,
train_5255,,,,,,,,,,,,,
train_5256,,,,,,,,,,,,,
train_5257,,,,,,,,,,,,,
train_5258,,,,,,,,,,,,,
train_5259,,,,,,,,,,,,,
train_5260,,,,,,,,,,,,,
train_5261,,,,,,,,,,,,,
train_5262,,,,,,,,,,,,,
train_5263,,,,,,,,,,,,,
train_5264,,,,,,,,,,,,,
train_5265,,,,,,,,,,,,,
train_5266,,,,,,,,,,,,,
train_5267,,,,,,,,,,,,,
train_5268,,,,,,,,,,,,,
train_5269,,,,,,,,,,,,,
train_5270,,,,,,,,,,,,,
train_5271,,,,,,,,,,,,,
train_5272,,,,,,,,,,,,,
train_5273,,,,,,,,,,,,,
train_5274,,,,,,,,,,,,,
train_5275,,,,,,,,,,,,,
train_5276,,,,,,,,,,,,,
train_5277,,,,,,,,,,,,,
train_5278,,,,,,,,,,,,,
train_5279,,,,,,,,,,,,,
train_5280,,,,,,,,,,,,,
train_5281,,,,,,,,,,,,,
train_5282,,,,,,,,,,,,,
train_5283,,,,,,,,,,,,,
train_5284,,,,,,,,,,,,,
train_5285,,,,,,,,,,,,,
train_5286,,,,,,,,,,,,,
train_5287,,,,,,,,,,,,,
train_5288,,,,,,,,,,,,,
train_5289,,,,,,,,,,,,,
train_5290,,,,,,,,,,,,,
train_5291,,,,,,,,,,,,,
train_5292,,,,,,,,,,,,,
train_5293,,,,,,,,,,,,,
train_5294,,,,,,,,,,,,,
train_5295,,,,,,,,,,,,,
train_5296,,,,,,,,,,,,,
train_5297,,,,,,,,,,,,,
train_5298,,,,,,,,,,,,,
train_5299,,,,,,,,,,,,,
train_5300,,,,,,,,,,,,,
train_5301,,,,,,,,,,,,,
train_5302,,,,,,,,,,,,,
train_5303,,,,,,,,,,,,,
train_5304,,,,,,,,,,,,,
train_5305,,,,,,,,,,,,,
train_5306,,,,,,,,,,,,,
train_5307,,,,,,,,,,,,,
train_5308,,,,,,,,,,,,,
train_5309,,,,,,,,,,,,,
train_5310,,,,,,,,,,,,,
train_5311,,,,,,,,,,,,,
train_5312,,,,,,,,,,,,,
train_5313,,,,,,,,,,,,,
train_5314,,,,,,,,,,,,,
train_5315,,,,,,,,,,,,,
train_5316,,,,,,,,,,,,,
train_5317,,,,,,,,,,,,,
train_5318,,,,,,,,,,,,,
train_5319,,,,,,,,,,,,,
train_5320,,,,,,,,,,,,,
train_5321,,,,,,,,,,,,,
train_5322,,,,,,,,,,,,,
train_5323,,,,,,,,,,,,,
train_5324,,,,,,,,,,,,,
train_5325,,,,,,,,,,,,,
train_5326,,,,,,,,,,,,,
train_5327,,,,,,,,,,,,,
train_5328,,,,,,,,,,,,,
train_5329,,,,,,,,,,,,,
train_5330,,,,,,,,,,,,,
train_5331,,,,,,,,,,,,,
train_5332,,,,,,,,,,,,,
train_5333,,,,,,,,,,,,,
train_5334,,,,,,,,,,,,,
train_5335,,,,,,,,,,,,,
train_5336,,,,,,,,,,,,,
train_5337,,,,,,,,,,,,,
train_5338,,,,,,,,,,,,,
train_5339,,,,,,,,,,,,,
train_5340,,,,,,,,,,,,,
train_5341,,,,,,,,,,,,,
train_5342,,,,,,,,,,,,,
train_5343,,,,,,,,,,,,,
train_5344,,,,,,,,,,,,,
train_5345,,,,,,,,,,,,,
train_5346,,,,,,,,,,,,,
train_5347,,,,,,,,,,,,,
train_5348,,,,,,,,,,,,,
train_5349,,,,,,,,,,,,,
train_5350,,,,,,,,,,,,,
train_5351,,,,,,,,,,,,,
train_5352,,,,,,,,,,,,,
train_5353,,,,,,,,,,,,,
train_5354,,,,,,,,,,,,,
train_5355,,,,,,,,,,,,,
train_5356,,,,,,,,,,,,,
train_5357,,,,,,,,,,,,,
train_5358,,,,,,,,,,,,,
train_5359,,,,,,,,,,,,,
train_5360,,,,,,,,,,,,,
train_5361,,,,,,,,,,,,,
train_5362,,,,,,,,,,,,,
train_5363,,,,,,,,,,,,,
train_5364,,,,,,,,,,,,,
train_5365,,,,,,,,,,,,,
train_5366,,,,,,,,,,,,,
train_5367,,,,,,,,,,,,,
train_5368,,,,,,,,,,,,,
train_5369,,,,,,,,,,,,,
train_5370,,,,,,,,,,,,,
train_5371,,,,,,,,,,,,,
train_5372,,,,,,,,,,,,,
train_5373,,,,,,,,,,,,,
train_5374,,,,,,,,,,,,,
train_5375,,,,,,,,,,,,,
train_5376,,,,,,,,,,,,,
train_5377,,,,,,,,,,,,,
train_5378,,,,,,,,,,,,,
train_5379,,,,,,,,,,,,,
train_5380,,,,,,,,,,,,,
train_5381,,,,,,,,,,,,,
train_5382,,,,,,,,,,,,,
train_5383,,,,,,,,,,,,,
train_5384,,,,,,,,,,,,,
train_5385,,,,,,,,,,,,,
train_5386,,,,,,,,,,,,,
train_5387,,,,,,,,,,,,,
train_5388,,,,,,,,,,,,,
train_5389,,,,,,,,,,,,,
train_5390,,,,,,,,,,,,,
train_5391,,,,,,,,,,,,,
train_5392,,,,,,,,,,,,,
train_5393,,,,,,,,,,,,,
train_5394,,,,,,,,,,,,,
train_5395,,,,,,,,,,,,,
train_5396,,,,,,,,,,,,,
train_5397,,,,,,,,,,,,,
train_5398,,,,,,,,,,,,,
train_5399,,,,,,,,,,,,,
train_5400,,,,,,,,,,,,,
train_5401,,,,,,,,,,,,,
train_5402,,,,,,,,,,,,,
train_5403,,,,,,,,,,,,,
train_5404,,,,,,,,,,,,,
train_5405,,,,,,,,,,,,,
train_5406,,,,,,,,,,,,,
train_5407,,,,,,,,,,,,,
train_5408,,,,,,,,,,,,,
train_5409,,,,,,,,,,,,,
train_5410,,,,,,,,,,,,,
train_5411,,,,,,,,,,,,,
train_5412,,,,,,,,,,,,,
train_5413,,,,,,,,,,,,,
train_5414,,,,,,,,,,,,,
train_5415,,,,,,,,,,,,,
train_5416,,,,,,,,,,,,,
train_5417,,,,,,,,,,,,,
train_5418,,,,,,,,,,,,,
train_5419,,,,,,,,,,,,,
train_5420,,,,,,,,,,,,,
train_5421,,,,,,,,,,,,,
train_5422,,,,,,,,,,,,,
train_5423,,,,,,,,,,,,,
train_5424,,,,,,,,,,,,,
train_5425,,,,,,,,,,,,,
train_5426,,,,,,,,,,,,,
train_5427,,,,,,,,,,,,,
train_5428,,,,,,,,,,,,,
train_5429,,,,,,,,,,,,,
train_5430,,,,,,,,,,,,,
train_5431,,,,,,,,,,,,,
train_5432,,,,,,,,,,,,,
train_5433,,,,,,,,,,,,,
train_5434,,,,,,,,,,,,,
train_5435,,,,,,,,,,,,,
train_5436,,,,,,,,,,,,,
train_5437,,,,,,,,,,,,,
train_5438,,,,,,,,,,,,,
train_5439,,,,,,,,,,,,,
train_5440,,,,,,,,,,,,,
train_5441,,,,,,,,,,,,,
train_5442,,,,,,,,,,,,,
train_5443,,,,,,,,,,,,,
train_5444,,,,,,,,,,,,,
train_5445,,,,,,,,,,,,,
train_5446,,,,,,,,,,,,,
train_5447,,,,,,,,,,,,,
train_5448,,,,,,,,,,,,,
train_5449,,,,,,,,,,,,,
train_5450,,,,,,,,,,,,,
train_5451,,,,,,,,,,,,,
train_5452,,,,,,,,,,,,,
train_5453,,,,,,,,,,,,,
train_5454,,,,,,,,,,,,,
train_5455,,,,,,,,,,,,,
train_5456,,,,,,,,,,,,,
train_5457,,,,,,,,,,,,,
train_5458,,,,,,,,,,,,,
train_5459,,,,,,,,,,,,,
train_5460,,,,,,,,,,,,,
train_5461,,,,,,,,,,,,,
train_5462,,,,,,,,,,,,,
train_5463,,,,,,,,,,,,,
train_5464,,,,,,,,,,,,,
train_5465,,,,,,,,,,,,,
train_5466,,,,,,,,,,,,,
train_5467,,,,,,,,,,,,,
train_5468,,,,,,,,,,,,,
train_5469,,,,,,,,,,,,,
train_5470,,,,,,,,,,,,,
train_5471,,,,,,,,,,,,,
train_5472,,,,,,,,,,,,,
train_5473,,,,,,,,,,,,,
train_5474,,,,,,,,,,,,,
train_5475,,,,,,,,,,,,,
train_5476,,,,,,,,,,,,,
train_5477,,,,,,,,,,,,,
train_5478,,,,,,,,,,,,,
train_5479,,,,,,,,,,,,,
train_5480,,,,,,,,,,,,,
train_5481,,,,,,,,,,,,,
train_5482,,,,,,,,,,,,,
train_5483,,,,,,,,,,,,,
train_5484,,,,,,,,,,,,,
train_5485,,,,,,,,,,,,,
train_5486,,,,,,,,,,,,,
train_5487,,,,,,,,,,,,,
train_5488,,,,,,,,,,,,,
train_5489,,,,,,,,,,,,,
train_5490,,,,,,,,,,,,,
train_5491,,,,,,,,,,,,,
train_5492,,,,,,,,,,,,,
train_5493,,,,,,,,,,,,,
train_5494,,,,,,,,,,,,,
train_5495,,,,,,,,,,,,,
train_5496,,,,,,,,,,,,,
train_5497,,,,,,,,,,,,,
train_5498,,,,,,,,,,,,,
train_5499,,,,,,,,,,,,,
train_5500,,,,,,,,,,,,,
train_5501,,,,,,,,,,,,,
train_5502,,,,,,,,,,,,,
train_5503,,,,,,,,,,,,,
train_5504,,,,,,,,,,,,,
train_5505,,,,,,,,,,,,,
train_5506,,,,,,,,,,,,,
train_5507,,,,,,,,,,,,,
train_5508,,,,,,,,,,,,,
train_5509,,,,,,,,,,,,,
train_5510,,,,,,,,,,,,,
train_5511,,,,,,,,,,,,,
train_5512,,,,,,,,,,,,,
train_5513,,,,,,,,,,,,,
train_5514,,,,,,,,,,,,,
train_5515,,,,,,,,,,,,,
train_5516,,,,,,,,,,,,,
train_5517,,,,,,,,,,,,,
train_5518,,,,,,,,,,,,,
train_5519,,,,,,,,,,,,,
train_5520,,,,,,,,,,,,,
train_5521,,,,,,,,,,,,,
train_5522,,,,,,,,,,,,,
train_5523,,,,,,,,,,,,,
train_5524,,,,,,,,,,,,,
train_5525,,,,,,,,,,,,,
train_5526,,,,,,,,,,,,,
train_5527,,,,,,,,,,,,,
train_5528,,,,,,,,,,,,,
train_5529,,,,,,,,,,,,,
train_5530,,,,,,,,,,,,,
train_5531,,,,,,,,,,,,,
train_5532,,,,,,,,,,,,,
train_5533,,,,,,,,,,,,,
train_5534,,,,,,,,,,,,,
train_5535,,,,,,,,,,,,,
train_5536,,,,,,,,,,,,,
train_5537,,,,,,,,,,,,,
train_5538,,,,,,,,,,,,,
train_5539,,,,,,,,,,,,,
train_5540,,,,,,,,,,,,,
train_5541,,,,,,,,,,,,,
train_5542,,,,,,,,,,,,,
train_5543,,,,,,,,,,,,,
train_5544,,,,,,,,,,,,,
train_5545,,,,,,,,,,,,,
train_5546,,,,,,,,,,,,,
train_5547,,,,,,,,,,,,,
train_5548,,,,,,,,,,,,,
train_5549,,,,,,,,,,,,,
train_5550,,,,,,,,,,,,,
train_5551,,,,,,,,,,,,,
train_5552,,,,,,,,,,,,,
train_5553,,,,,,,,,,,,,
train_5554,,,,,,,,,,,,,
train_5555,,,,,,,,,,,,,
train_5556,,,,,,,,,,,,,
train_5557,,,,,,,,,,,,,
train_5558,,,,,,,,,,,,,
train_5559,,,,,,,,,,,,,
train_5560,,,,,,,,,,,,,
train_5561,,,,,,,,,,,,,
train_5562,,,,,,,,,,,,,
train_5563,,,,,,,,,,,,,
train_5564,,,,,,,,,,,,,
train_5565,,,,,,,,,,,,,
train_5566,,,,,,,,,,,,,
train_5567,,,,,,,,,,,,,
train_5568,,,,,,,,,,,,,
train_5569,,,,,,,,,,,,,
train_5570,,,,,,,,,,,,,
train_5571,,,,,,,,,,,,,
train_5572,,,,,,,,,,,,,
train_5573,,,,,,,,,,,,,
train_5574,,,,,,,,,,,,,
train_5575,,,,,,,,,,,,,
train_5576,,,,,,,,,,,,,
train_5577,,,,,,,,,,,,,
train_5578,,,,,,,,,,,,,
train_5579,,,,,,,,,,,,,
train_5580,,,,,,,,,,,,,
train_5581,,,,,,,,,,,,,
train_5582,,,,,,,,,,,,,
train_5583,,,,,,,,,,,,,
train_5584,,,,,,,,,,,,,
train_5585,,,,,,,,,,,,,
train_5586,,,,,,,,,,,,,
train_5587,,,,,,,,,,,,,
train_5588,,,,,,,,,,,,,
train_5589,,,,,,,,,,,,,
train_5590,,,,,,,,,,,,,
train_5591,,,,,,,,,,,,,
train_5592,,,,,,,,,,,,,
train_5593,,,,,,,,,,,,,
train_5594,,,,,,,,,,,,,
train_5595,,,,,,,,,,,,,
train_5596,,,,,,,,,,,,,
train_5597,,,,,,,,,,,,,
train_5598,,,,,,,,,,,,,
train_5599,,,,,,,,,,,,,
train_5600,,,,,,,,,,,,,
train_5601,,,,,,,,,,,,,
train_5602,,,,,,,,,,,,,
train_5603,,,,,,,,,,,,,
train_5604,,,,,,,,,,,,,
train_5605,,,,,,,,,,,,,
train_5606,,,,,,,,,,,,,
train_5607,,,,,,,,,,,,,
train_5608,,,,,,,,,,,,,
train_5609,,,,,,,,,,,,,
train_5610,,,,,,,,,,,,,
train_5611,,,,,,,,,,,,,
train_5612,,,,,,,,,,,,,
train_5613,,,,,,,,,,,,,
train_5614,,,,,,,,,,,,,
train_5615,,,,,,,,,,,,,
train_5616,,,,,,,,,,,,,
train_5617,,,,,,,,,,,,,
train_5618,,,,,,,,,,,,,
train_5619,,,,,,,,,,,,,
train_5620,,,,,,,,,,,,,
train_5621,,,,,,,,,,,,,
train_5622,,,,,,,,,,,,,
train_5623,,,,,,,,,,,,,
train_5624,,,,,,,,,,,,,
train_5625,,,,,,,,,,,,,
train_5626,,,,,,,,,,,,,
train_5627,,,,,,,,,,,,,
train_5628,,,,,,,,,,,,,
train_5629,,,,,,,,,,,,,
train_5630,,,,,,,,,,,,,
train_5631,,,,,,,,,,,,,
train_5632,,,,,,,,,,,,,
train_5633,,,,,,,,,,,,,
train_5634,,,,,,,,,,,,,
train_5635,,,,,,,,,,,,,
train_5636,,,,,,,,,,,,,
train_5637,,,,,,,,,,,,,
train_5638,,,,,,,,,,,,,
train_5639,,,,,,,,,,,,,
train_5640,,,,,,,,,,,,,
train_5641,,,,,,,,,,,,,
train_5642,,,,,,,,,,,,,
train_5643,,,,,,,,,,,,,
train_5644,,,,,,,,,,,,,
train_5645,,,,,,,,,,,,,
train_5646,,,,,,,,,,,,,
train_5647,,,,,,,,,,,,,
train_5648,,,,,,,,,,,,,
train_5649,,,,,,,,,,,,,
train_5650,,,,,,,,,,,,,
train_5651,,,,,,,,,,,,,
train_5652,,,,,,,,,,,,,
train_5653,,,,,,,,,,,,,
train_5654,,,,,,,,,,,,,
train_5655,,,,,,,,,,,,,
train_5656,,,,,,,,,,,,,
train_5657,,,,,,,,,,,,,
train_5658,,,,,,,,,,,,,
train_5659,,,,,,,,,,,,,
train_5660,,,,,,,,,,,,,
train_5661,,,,,,,,,,,,,
train_5662,,,,,,,,,,,,,
train_5663,,,,,,,,,,,,,
train_5664,,,,,,,,,,,,,
train_5665,,,,,,,,,,,,,
train_5666,,,,,,,,,,,,,
train_5667,,,,,,,,,,,,,
train_5668,,,,,,,,,,,,,
train_5669,,,,,,,,,,,,,
train_5670,,,,,,,,,,,,,
train_5671,,,,,,,,,,,,,
train_5672,,,,,,,,,,,,,
train_5673,,,,,,,,,,,,,
train_5674,,,,,,,,,,,,,
train_5675,,,,,,,,,,,,,
train_5676,,,,,,,,,,,,,
train_5677,,,,,,,,,,,,,
train_5678,,,,,,,,,,,,,
train_5679,,,,,,,,,,,,,
train_5680,,,,,,,,,,,,,
train_5681,,,,,,,,,,,,,
train_5682,,,,,,,,,,,,,
train_5683,,,,,,,,,,,,,
train_5684,,,,,,,,,,,,,
train_5685,,,,,,,,,,,,,
train_5686,,,,,,,,,,,,,
train_5687,,,,,,,,,,,,,
train_5688,,,,,,,,,,,,,
train_5689,,,,,,,,,,,,,
train_5690,,,,,,,,,,,,,
train_5691,,,,,,,,,,,,,
train_5692,,,,,,,,,,,,,
train_5693,,,,,,,,,,,,,
train_5694,,,,,,,,,,,,,
train_5695,,,,,,,,,,,,,
train_5696,,,,,,,,,,,,,
train_5697,,,,,,,,,,,,,
train_5698,,,,,,,,,,,,,
train_5699,,,,,,,,,,,,,
train_5700,,,,,,,,,,,,,
train_5701,,,,,,,,,,,,,
train_5702,,,,,,,,,,,,,
train_5703,,,,,,,,,,,,,
train_5704,,,,,,,,,,,,,
train_5705,,,,,,,,,,,,,
train_5706,,,,,,,,,,,,,
train_5707,,,,,,,,,,,,,
train_5708,,,,,,,,,,,,,
train_5709,,,,,,,,,,,,,
train_5710,,,,,,,,,,,,,
train_5711,,,,,,,,,,,,,
train_5712,,,,,,,,,,,,,
train_5713,,,,,,,,,,,,,
train_5714,,,,,,,,,,,,,
train_5715,,,,,,,,,,,,,
train_5716,,,,,,,,,,,,,
train_5717,,,,,,,,,,,,,
train_5718,,,,,,,,,,,,,
train_5719,,,,,,,,,,,,,
train_5720,,,,,,,,,,,,,
train_5721,,,,,,,,,,,,,
train_5722,,,,,,,,,,,,,
train_5723,,,,,,,,,,,,,
train_5724,,,,,,,,,,,,,
train_5725,,,,,,,,,,,,,
train_5726,,,,,,,,,,,,,
train_5727,,,,,,,,,,,,,
train_5728,,,,,,,,,,,,,
train_5729,,,,,,,,,,,,,
train_5730,,,,,,,,,,,,,
train_5731,,,,,,,,,,,,,
train_5732,,,,,,,,,,,,,
train_5733,,,,,,,,,,,,,
train_5734,,,,,,,,,,,,,
train_5735,,,,,,,,,,,,,
train_5736,,,,,,,,,,,,,
train_5737,,,,,,,,,,,,,
train_5738,,,,,,,,,,,,,
train_5739,,,,,,,,,,,,,
train_5740,,,,,,,,,,,,,
train_5741,,,,,,,,,,,,,
train_5742,,,,,,,,,,,,,
train_5743,,,,,,,,,,,,,
train_5744,,,,,,,,,,,,,
train_5745,,,,,,,,,,,,,
train_5746,,,,,,,,,,,,,
train_5747,,,,,,,,,,,,,
train_5748,,,,,,,,,,,,,
train_5749,,,,,,,,,,,,,
train_5750,,,,,,,,,,,,,
train_5751,,,,,,,,,,,,,
train_5752,,,,,,,,,,,,,
train_5753,,,,,,,,,,,,,
train_5754,,,,,,,,,,,,,
train_5755,,,,,,,,,,,,,
train_5756,,,,,,,,,,,,,
train_5757,,,,,,,,,,,,,
train_5758,,,,,,,,,,,,,
train_5759,,,,,,,,,,,,,
train_5760,,,,,,,,,,,,,
train_5761,,,,,,,,,,,,,
train_5762,,,,,,,,,,,,,
train_5763,,,,,,,,,,,,,
train_5764,,,,,,,,,,,,,
train_5765,,,,,,,,,,,,,
train_5766,,,,,,,,,,,,,
train_5767,,,,,,,,,,,,,
train_5768,,,,,,,,,,,,,
train_5769,,,,,,,,,,,,,
train_5770,,,,,,,,,,,,,
train_5771,,,,,,,,,,,,,
train_5772,,,,,,,,,,,,,
train_5773,,,,,,,,,,,,,
train_5774,,,,,,,,,,,,,
train_5775,,,,,,,,,,,,,
train_5776,,,,,,,,,,,,,
train_5777,,,,,,,,,,,,,
train_5778,,,,,,,,,,,,,
train_5779,,,,,,,,,,,,,
train_5780,,,,,,,,,,,,,
train_5781,,,,,,,,,,,,,
train_5782,,,,,,,,,,,,,
train_5783,,,,,,,,,,,,,
train_5784,,,,,,,,,,,,,
train_5785,,,,,,,,,,,,,
train_5786,,,,,,,,,,,,,
train_5787,,,,,,,,,,,,,
train_5788,,,,,,,,,,,,,
train_5789,,,,,,,,,,,,,
train_5790,,,,,,,,,,,,,
train_5791,,,,,,,,,,,,,
train_5792,,,,,,,,,,,,,
train_5793,,,,,,,,,,,,,
train_5794,,,,,,,,,,,,,
train_5795,,,,,,,,,,,,,
train_5796,,,,,,,,,,,,,
train_5797,,,,,,,,,,,,,
train_5798,,,,,,,,,,,,,
train_5799,,,,,,,,,,,,,
train_5800,,,,,,,,,,,,,
train_5801,,,,,,,,,,,,,
train_5802,,,,,,,,,,,,,
train_5803,,,,,,,,,,,,,
train_5804,,,,,,,,,,,,,
train_5805,,,,,,,,,,,,,
train_5806,,,,,,,,,,,,,
train_5807,,,,,,,,,,,,,
train_5808,,,,,,,,,,,,,
train_5809,,,,,,,,,,,,,
train_5810,,,,,,,,,,,,,
train_5811,,,,,,,,,,,,,
train_5812,,,,,,,,,,,,,
train_5813,,,,,,,,,,,,,
train_5814,,,,,,,,,,,,,
train_5815,,,,,,,,,,,,,
train_5816,,,,,,,,,,,,,
train_5817,,,,,,,,,,,,,
train_5818,,,,,,,,,,,,,
train_5819,,,,,,,,,,,,,
train_5820,,,,,,,,,,,,,
train_5821,,,,,,,,,,,,,
train_5822,,,,,,,,,,,,,
train_5823,,,,,,,,,,,,,
train_5824,,,,,,,,,,,,,
train_5825,,,,,,,,,,,,,
train_5826,,,,,,,,,,,,,
train_5827,,,,,,,,,,,,,
train_5828,,,,,,,,,,,,,
train_5829,,,,,,,,,,,,,
train_5830,,,,,,,,,,,,,
train_5831,,,,,,,,,,,,,
train_5832,,,,,,,,,,,,,
train_5833,,,,,,,,,,,,,
train_5834,,,,,,,,,,,,,
train_5835,,,,,,,,,,,,,
train_5836,,,,,,,,,,,,,
train_5837,,,,,,,,,,,,,
train_5838,,,,,,,,,,,,,
train_5839,,,,,,,,,,,,,
train_5840,,,,,,,,,,,,,
train_5841,,,,,,,,,,,,,
train_5842,,,,,,,,,,,,,
train_5843,,,,,,,,,,,,,
train_5844,,,,,,,,,,,,,
train_5845,,,,,,,,,,,,,
train_5846,,,,,,,,,,,,,
train_5847,,,,,,,,,,,,,
train_5848,,,,,,,,,,,,,
train_5849,,,,,,,,,,,,,
train_5850,,,,,,,,,,,,,
train_5851,,,,,,,,,,,,,
train_5852,,,,,,,,,,,,,
train_5853,,,,,,,,,,,,,
train_5854,,,,,,,,,,,,,
train_5855,,,,,,,,,,,,,
train_5856,,,,,,,,,,,,,
train_5857,,,,,,,,,,,,,
train_5858,,,,,,,,,,,,,
train_5859,,,,,,,,,,,,,
train_5860,,,,,,,,,,,,,
train_5861,,,,,,,,,,,,,
train_5862,,,,,,,,,,,,,
train_5863,,,,,,,,,,,,,
train_5864,,,,,,,,,,,,,
train_5865,,,,,,,,,,,,,
train_5866,,,,,,,,,,,,,
train_5867,,,,,,,,,,,,,
train_5868,,,,,,,,,,,,,
train_5869,,,,,,,,,,,,,
train_5870,,,,,,,,,,,,,
train_5871,,,,,,,,,,,,,
train_5872,,,,,,,,,,,,,
train_5873,,,,,,,,,,,,,
train_5874,,,,,,,,,,,,,
train_5875,,,,,,,,,,,,,
train_5876,,,,,,,,,,,,,
train_5877,,,,,,,,,,,,,
train_5878,,,,,,,,,,,,,
train_5879,,,,,,,,,,,,,
train_5880,,,,,,,,,,,,,
train_5881,,,,,,,,,,,,,
train_5882,,,,,,,,,,,,,
train_5883,,,,,,,,,,,,,
train_5884,,,,,,,,,,,,,
train_5885,,,,,,,,,,,,,
train_5886,,,,,,,,,,,,,
train_5887,,,,,,,,,,,,,
train_5888,,,,,,,,,,,,,
train_5889,,,,,,,,,,,,,
train_5890,,,,,,,,,,,,,
train_5891,,,,,,,,,,,,,
train_5892,,,,,,,,,,,,,
train_5893,,,,,,,,,,,,,
train_5894,,,,,,,,,,,,,
train_5895,,,,,,,,,,,,,
train_5896,,,,,,,,,,,,,
train_5897,,,,,,,,,,,,,
train_5898,,,,,,,,,,,,,
train_5899,,,,,,,,,,,,,
train_5900,,,,,,,,,,,,,
train_5901,,,,,,,,,,,,,
train_5902,,,,,,,,,,,,,
train_5903,,,,,,,,,,,,,
train_5904,,,,,,,,,,,,,
train_5905,,,,,,,,,,,,,
train_5906,,,,,,,,,,,,,
train_5907,,,,,,,,,,,,,
train_5908,,,,,,,,,,,,,
train_5909,,,,,,,,,,,,,
train_5910,,,,,,,,,,,,,
train_5911,,,,,,,,,,,,,
train_5912,,,,,,,,,,,,,
train_5913,,,,,,,,,,,,,
train_5914,,,,,,,,,,,,,
train_5915,,,,,,,,,,,,,
train_5916,,,,,,,,,,,,,
train_5917,,,,,,,,,,,,,
train_5918,,,,,,,,,,,,,
train_5919,,,,,,,,,,,,,
train_5920,,,,,,,,,,,,,
train_5921,,,,,,,,,,,,,
train_5922,,,,,,,,,,,,,
train_5923,,,,,,,,,,,,,
train_5924,,,,,,,,,,,,,
train_5925,,,,,,,,,,,,,
train_5926,,,,,,,,,,,,,
train_5927,,,,,,,,,,,,,
train_5928,,,,,,,,,,,,,
train_5929,,,,,,,,,,,,,
train_5930,,,,,,,,,,,,,
train_5931,,,,,,,,,,,,,
train_5932,,,,,,,,,,,,,
train_5933,,,,,,,,,,,,,
train_5934,,,,,,,,,,,,,
train_5935,,,,,,,,,,,,,
train_5936,,,,,,,,,,,,,
train_5937,,,,,,,,,,,,,
train_5938,,,,,,,,,,,,,
train_5939,,,,,,,,,,,,,
train_5940,,,,,,,,,,,,,
train_5941,,,,,,,,,,,,,
train_5942,,,,,,,,,,,,,
train_5943,,,,,,,,,,,,,
train_5944,,,,,,,,,,,,,
train_5945,,,,,,,,,,,,,
train_5946,,,,,,,,,,,,,
train_5947,,,,,,,,,,,,,
train_5948,,,,,,,,,,,,,
train_5949,,,,,,,,,,,,,
train_5950,,,,,,,,,,,,,
train_5951,,,,,,,,,,,,,
train_5952,,,,,,,,,,,,,
train_5953,,,,,,,,,,,,,
train_5954,,,,,,,,,,,,,
train_5955,,,,,,,,,,,,,
train_5956,,,,,,,,,,,,,
train_5957,,,,,,,,,,,,,
train_5958,,,,,,,,,,,,,
train_5959,,,,,,,,,,,,,
train_5960,,,,,,,,,,,,,
train_5961,,,,,,,,,,,,,
train_5962,,,,,,,,,,,,,
train_5963,,,,,,,,,,,,,
train_5964,,,,,,,,,,,,,
train_5965,,,,,,,,,,,,,
train_5966,,,,,,,,,,,,,
train_5967,,,,,,,,,,,,,
train_5968,,,,,,,,,,,,,
train_5969,,,,,,,,,,,,,
train_5970,,,,,,,,,,,,,
train_5971,,,,,,,,,,,,,
train_5972,,,,,,,,,,,,,
train_5973,,,,,,,,,,,,,
train_5974,,,,,,,,,,,,,
train_5975,,,,,,,,,,,,,
train_5976,,,,,,,,,,,,,
train_5977,,,,,,,,,,,,,
train_5978,,,,,,,,,,,,,
train_5979,,,,,,,,,,,,,
train_5980,,,,,,,,,,,,,
train_5981,,,,,,,,,,,,,
train_5982,,,,,,,,,,,,,
train_5983,,,,,,,,,,,,,
train_5984,,,,,,,,,,,,,
train_5985,,,,,,,,,,,,,
train_5986,,,,,,,,,,,,,
train_5987,,,,,,,,,,,,,
train_5988,,,,,,,,,,,,,
train_5989,,,,,,,,,,,,,
train_5990,,,,,,,,,,,,,
train_5991,,,,,,,,,,,,,
train_5992,,,,,,,,,,,,,
train_5993,,,,,,,,,,,,,
train_5994,,,,,,,,,,,,,
train_5995,,,,,,,,,,,,,
train_5996,,,,,,,,,,,,,
train_5997,,,,,,,,,,,,,
train_5998,,,,,,,,,,,,,
train_5999,,,,,,,,,,,,,
train_6000,,,,,,,,,,,,,
train_6001,,,,,,,,,,,,,
train_6002,,,,,,,,,,,,,
train_6003,,,,,,,,,,,,,
train_6004,,,,,,,,,,,,,
train_6005,,,,,,,,,,,,,
train_6006,,,,,,,,,,,,,
train_6007,,,,,,,,,,,,,
train_6008,,,,,,,,,,,,,
train_6009,,,,,,,,,,,,,
train_6010,,,,,,,,,,,,,
train_6011,,,,,,,,,,,,,
train_6012,,,,,,,,,,,,,
train_6013,,,,,,,,,,,,,
train_6014,,,,,,,,,,,,,
train_6015,,,,,,,,,,,,,
train_6016,,,,,,,,,,,,,
train_6017,,,,,,,,,,,,,
train_6018,,,,,,,,,,,,,
train_6019,,,,,,,,,,,,,
train_6020,,,,,,,,,,,,,
train_6021,,,,,,,,,,,,,
train_6022,,,,,,,,,,,,,
train_6023,,,,,,,,,,,,,
train_6024,,,,,,,,,,,,,
train_6025,,,,,,,,,,,,,
train_6026,,,,,,,,,,,,,
train_6027,,,,,,,,,,,,,
train_6028,,,,,,,,,,,,,
train_6029,,,,,,,,,,,,,
train_6030,,,,,,,,,,,,,
train_6031,,,,,,,,,,,,,
train_6032,,,,,,,,,,,,,
train_6033,,,,,,,,,,,,,
train_6034,,,,,,,,,,,,,
train_6035,,,,,,,,,,,,,
train_6036,,,,,,,,,,,,,
train_6037,,,,,,,,,,,,,
train_6038,,,,,,,,,,,,,
train_6039,,,,,,,,,,,,,
train_6040,,,,,,,,,,,,,
train_6041,,,,,,,,,,,,,
train_6042,,,,,,,,,,,,,
train_6043,,,,,,,,,,,,,
train_6044,,,,,,,,,,,,,
train_6045,,,,,,,,,,,,,
train_6046,,,,,,,,,,,,,
train_6047,,,,,,,,,,,,,
train_6048,,,,,,,,,,,,,
train_6049,,,,,,,,,,,,,
train_6050,,,,,,,,,,,,,
train_6051,,,,,,,,,,,,,
train_6052,,,,,,,,,,,,,
train_6053,,,,,,,,,,,,,
train_6054,,,,,,,,,,,,,
train_6055,,,,,,,,,,,,,
train_6056,,,,,,,,,,,,,
train_6057,,,,,,,,,,,,,
train_6058,,,,,,,,,,,,,
train_6059,,,,,,,,,,,,,
train_6060,,,,,,,,,,,,,
train_6061,,,,,,,,,,,,,
train_6062,,,,,,,,,,,,,
train_6063,,,,,,,,,,,,,
train_6064,,,,,,,,,,,,,
train_6065,,,,,,,,,,,,,
train_6066,,,,,,,,,,,,,
train_6067,,,,,,,,,,,,,
train_6068,,,,,,,,,,,,,
train_6069,,,,,,,,,,,,,
train_6070,,,,,,,,,,,,,
train_6071,,,,,,,,,,,,,
train_6072,,,,,,,,,,,,,
train_6073,,,,,,,,,,,,,
train_6074,,,,,,,,,,,,,
train_6075,,,,,,,,,,,,,
train_6076,,,,,,,,,,,,,
train_6077,,,,,,,,,,,,,
train_6078,,,,,,,,,,,,,
train_6079,,,,,,,,,,,,,
train_6080,,,,,,,,,,,,,
train_6081,,,,,,,,,,,,,
train_6082,,,,,,,,,,,,,
train_6083,,,,,,,,,,,,,
train_6084,,,,,,,,,,,,,
train_6085,,,,,,,,,,,,,
train_6086,,,,,,,,,,,,,
train_6087,,,,,,,,,,,,,
train_6088,,,,,,,,,,,,,
train_6089,,,,,,,,,,,,,
train_6090,,,,,,,,,,,,,
train_6091,,,,,,,,,,,,,
train_6092,,,,,,,,,,,,,
train_6093,,,,,,,,,,,,,
train_6094,,,,,,,,,,,,,
train_6095,,,,,,,,,,,,,
train_6096,,,,,,,,,,,,,
train_6097,,,,,,,,,,,,,
train_6098,,,,,,,,,,,,,
train_6099,,,,,,,,,,,,,
train_6100,,,,,,,,,,,,,
train_6101,,,,,,,,,,,,,
train_6102,,,,,,,,,,,,,
train_6103,,,,,,,,,,,,,
train_6104,,,,,,,,,,,,,
train_6105,,,,,,,,,,,,,
train_6106,,,,,,,,,,,,,
train_6107,,,,,,,,,,,,,
train_6108,,,,,,,,,,,,,
train_6109,,,,,,,,,,,,,
train_6110,,,,,,,,,,,,,
train_6111,,,,,,,,,,,,,
train_6112,,,,,,,,,,,,,
train_6113,,,,,,,,,,,,,
train_6114,,,,,,,,,,,,,
train_6115,,,,,,,,,,,,,
train_6116,,,,,,,,,,,,,
train_6117,,,,,,,,,,,,,
train_6118,,,,,,,,,,,,,
train_6119,,,,,,,,,,,,,
train_6120,,,,,,,,,,,,,
train_6121,,,,,,,,,,,,,
train_6122,,,,,,,,,,,,,
train_6123,,,,,,,,,,,,,
train_6124,,,,,,,,,,,,,
train_6125,,,,,,,,,,,,,
train_6126,,,,,,,,,,,,,
train_6127,,,,,,,,,,,,,
train_6128,,,,,,,,,,,,,
train_6129,,,,,,,,,,,,,
train_6130,,,,,,,,,,,,,
train_6131,,,,,,,,,,,,,
train_6132,,,,,,,,,,,,,
train_6133,,,,,,,,,,,,,
train_6134,,,,,,,,,,,,,
train_6135,,,,,,,,,,,,,
train_6136,,,,,,,,,,,,,
train_6137,,,,,,,,,,,,,
train_6138,,,,,,,,,,,,,
train_6139,,,,,,,,,,,,,
train_6140,,,,,,,,,,,,,
train_6141,,,,,,,,,,,,,
train_6142,,,,,,,,,,,,,
train_6143,,,,,,,,,,,,,
train_6144,,,,,,,,,,,,,
train_6145,,,,,,,,,,,,,
train_6146,,,,,,,,,,,,,
train_6147,,,,,,,,,,,,,
train_6148,,,,,,,,,,,,,
train_6149,,,,,,,,,,,,,
train_6150,,,,,,,,,,,,,
train_6151,,,,,,,,,,,,,
train_6152,,,,,,,,,,,,,
train_6153,,,,,,,,,,,,,
train_6154,,,,,,,,,,,,,
train_6155,,,,,,,,,,,,,
train_6156,,,,,,,,,,,,,
train_6157,,,,,,,,,,,,,
train_6158,,,,,,,,,,,,,
train_6159,,,,,,,,,,,,,
train_6160,,,,,,,,,,,,,
train_6161,,,,,,,,,,,,,
train_6162,,,,,,,,,,,,,
train_6163,,,,,,,,,,,,,
train_6164,,,,,,,,,,,,,
train_6165,,,,,,,,,,,,,
train_6166,,,,,,,,,,,,,
train_6167,,,,,,,,,,,,,
train_6168,,,,,,,,,,,,,
train_6169,,,,,,,,,,,,,
train_6170,,,,,,,,,,,,,
train_6171,,,,,,,,,,,,,
train_6172,,,,,,,,,,,,,
train_6173,,,,,,,,,,,,,
train_6174,,,,,,,,,,,,,
train_6175,,,,,,,,,,,,,
train_6176,,,,,,,,,,,,,
train_6177,,,,,,,,,,,,,
train_6178,,,,,,,,,,,,,
train_6179,,,,,,,,,,,,,
train_6180,,,,,,,,,,,,,
train_6181,,,,,,,,,,,,,
train_6182,,,,,,,,,,,,,
train_6183,,,,,,,,,,,,,
train_6184,,,,,,,,,,,,,
train_6185,,,,,,,,,,,,,
train_6186,,,,,,,,,,,,,
train_6187,,,,,,,,,,,,,
train_6188,,,,,,,,,,,,,
train_6189,,,,,,,,,,,,,
train_6190,,,,,,,,,,,,,
train_6191,,,,,,,,,,,,,
train_6192,,,,,,,,,,,,,
train_6193,,,,,,,,,,,,,
train_6194,,,,,,,,,,,,,
train_6195,,,,,,,,,,,,,
train_6196,,,,,,,,,,,,,
train_6197,,,,,,,,,,,,,
train_6198,,,,,,,,,,,,,
train_6199,,,,,,,,,,,,,
train_6200,,,,,,,,,,,,,
train_6201,,,,,,,,,,,,,
train_6202,,,,,,,,,,,,,
train_6203,,,,,,,,,,,,,
train_6204,,,,,,,,,,,,,
train_6205,,,,,,,,,,,,,
train_6206,,,,,,,,,,,,,
train_6207,,,,,,,,,,,,,
train_6208,,,,,,,,,,,,,
train_6209,,,,,,,,,,,,,
train_6210,,,,,,,,,,,,,
train_6211,,,,,,,,,,,,,
train_6212,,,,,,,,,,,,,
train_6213,,,,,,,,,,,,,
train_6214,,,,,,,,,,,,,
train_6215,,,,,,,,,,,,,
train_6216,,,,,,,,,,,,,
train_6217,,,,,,,,,,,,,
train_6218,,,,,,,,,,,,,
train_6219,,,,,,,,,,,,,
train_6220,,,,,,,,,,,,,
train_6221,,,,,,,,,,,,,
train_6222,,,,,,,,,,,,,
train_6223,,,,,,,,,,,,,
train_6224,,,,,,,,,,,,,
train_6225,,,,,,,,,,,,,
train_6226,,,,,,,,,,,,,
train_6227,,,,,,,,,,,,,
train_6228,,,,,,,,,,,,,
train_6229,,,,,,,,,,,,,
train_6230,,,,,,,,,,,,,
train_6231,,,,,,,,,,,,,
train_6232,,,,,,,,,,,,,
train_6233,,,,,,,,,,,,,
train_6234,,,,,,,,,,,,,
train_6235,,,,,,,,,,,,,
train_6236,,,,,,,,,,,,,
train_6237,,,,,,,,,,,,,
train_6238,,,,,,,,,,,,,
train_6239,,,,,,,,,,,,,
train_6240,,,,,,,,,,,,,
train_6241,,,,,,,,,,,,,
train_6242,,,,,,,,,,,,,
train_6243,,,,,,,,,,,,,
train_6244,,,,,,,,,,,,,
train_6245,,,,,,,,,,,,,
train_6246,,,,,,,,,,,,,
train_6247,,,,,,,,,,,,,
train_6248,,,,,,,,,,,,,
train_6249,,,,,,,,,,,,,
train_6250,,,,,,,,,,,,,
train_6251,,,,,,,,,,,,,
train_6252,,,,,,,,,,,,,
train_6253,,,,,,,,,,,,,
train_6254,,,,,,,,,,,,,
train_6255,,,,,,,,,,,,,
train_6256,,,,,,,,,,,,,
train_6257,,,,,,,,,,,,,
train_6258,,,,,,,,,,,,,
train_6259,,,,,,,,,,,,,
train_6260,,,,,,,,,,,,,
train_6261,,,,,,,,,,,,,
train_6262,,,,,,,,,,,,,
train_6263,,,,,,,,,,,,,
train_6264,,,,,,,,,,,,,
train_6265,,,,,,,,,,,,,
train_6266,,,,,,,,,,,,,
train_6267,,,,,,,,,,,,,
train_6268,,,,,,,,,,,,,
train_6269,,,,,,,,,,,,,
train_6270,,,,,,,,,,,,,
train_6271,,,,,,,,,,,,,
train_6272,,,,,,,,,,,,,
train_6273,,,,,,,,,,,,,
train_6274,,,,,,,,,,,,,
train_6275,,,,,,,,,,,,,
train_6276,,,,,,,,,,,,,
train_6277,,,,,,,,,,,,,
train_6278,,,,,,,,,,,,,
train_6279,,,,,,,,,,,,,
train_6280,,,,,,,,,,,,,
train_6281,,,,,,,,,,,,,
train_6282,,,,,,,,,,,,,
train_6283,,,,,,,,,,,,,
train_6284,,,,,,,,,,,,,
train_6285,,,,,,,,,,,,,
train_6286,,,,,,,,,,,,,
train_6287,,,,,,,,,,,,,
train_6288,,,,,,,,,,,,,
train_6289,,,,,,,,,,,,,
train_6290,,,,,,,,,,,,,
train_6291,,,,,,,,,,,,,
train_6292,,,,,,,,,,,,,
train_6293,,,,,,,,,,,,,
train_6294,,,,,,,,,,,,,
train_6295,,,,,,,,,,,,,
train_6296,,,,,,,,,,,,,
train_6297,,,,,,,,,,,,,
train_6298,,,,,,,,,,,,,
train_6299,,,,,,,,,,,,,
train_6300,,,,,,,,,,,,,
train_6301,,,,,,,,,,,,,
train_6302,,,,,,,,,,,,,
train_6303,,,,,,,,,,,,,
train_6304,,,,,,,,,,,,,
train_6305,,,,,,,,,,,,,
train_6306,,,,,,,,,,,,,
train_6307,,,,,,,,,,,,,
train_6308,,,,,,,,,,,,,
train_6309,,,,,,,,,,,,,
train_6310,,,,,,,,,,,,,
train_6311,,,,,,,,,,,,,
train_6312,,,,,,,,,,,,,
train_6313,,,,,,,,,,,,,
train_6314,,,,,,,,,,,,,
train_6315,,,,,,,,,,,,,
train_6316,,,,,,,,,,,,,
train_6317,,,,,,,,,,,,,
train_6318,,,,,,,,,,,,,
train_6319,,,,,,,,,,,,,
train_6320,,,,,,,,,,,,,
train_6321,,,,,,,,,,,,,
train_6322,,,,,,,,,,,,,
train_6323,,,,,,,,,,,,,
train_6324,,,,,,,,,,,,,
train_6325,,,,,,,,,,,,,
train_6326,,,,,,,,,,,,,
train_6327,,,,,,,,,,,,,
train_6328,,,,,,,,,,,,,
train_6329,,,,,,,,,,,,,
train_6330,,,,,,,,,,,,,
train_6331,,,,,,,,,,,,,
train_6332,,,,,,,,,,,,,
train_6333,,,,,,,,,,,,,
train_6334,,,,,,,,,,,,,
train_6335,,,,,,,,,,,,,
train_6336,,,,,,,,,,,,,
train_6337,,,,,,,,,,,,,
train_6338,,,,,,,,,,,,,
train_6339,,,,,,,,,,,,,
train_6340,,,,,,,,,,,,,
train_6341,,,,,,,,,,,,,
train_6342,,,,,,,,,,,,,
train_6343,,,,,,,,,,,,,
train_6344,,,,,,,,,,,,,
train_6345,,,,,,,,,,,,,
train_6346,,,,,,,,,,,,,
train_6347,,,,,,,,,,,,,
train_6348,,,,,,,,,,,,,
train_6349,,,,,,,,,,,,,
train_6350,,,,,,,,,,,,,
train_6351,,,,,,,,,,,,,
train_6352,,,,,,,,,,,,,
train_6353,,,,,,,,,,,,,
train_6354,,,,,,,,,,,,,
train_6355,,,,,,,,,,,,,
train_6356,,,,,,,,,,,,,
train_6357,,,,,,,,,,,,,
train_6358,,,,,,,,,,,,,
train_6359,,,,,,,,,,,,,
train_6360,,,,,,,,,,,,,
train_6361,,,,,,,,,,,,,
train_6362,,,,,,,,,,,,,
train_6363,,,,,,,,,,,,,
train_6364,,,,,,,,,,,,,
train_6365,,,,,,,,,,,,,
train_6366,,,,,,,,,,,,,
train_6367,,,,,,,,,,,,,
train_6368,,,,,,,,,,,,,
train_6369,,,,,,,,,,,,,
train_6370,,,,,,,,,,,,,
train_6371,,,,,,,,,,,,,
train_6372,,,,,,,,,,,,,
train_6373,,,,,,,,,,,,,
train_6374,,,,,,,,,,,,,
train_6375,,,,,,,,,,,,,
train_6376,,,,,,,,,,,,,
train_6377,,,,,,,,,,,,,
train_6378,,,,,,,,,,,,,
train_6379,,,,,,,,,,,,,
train_6380,,,,,,,,,,,,,
train_6381,,,,,,,,,,,,,
train_6382,,,,,,,,,,,,,
train_6383,,,,,,,,,,,,,
train_6384,,,,,,,,,,,,,
train_6385,,,,,,,,,,,,,
train_6386,,,,,,,,,,,,,
train_6387,,,,,,,,,,,,,
train_6388,,,,,,,,,,,,,
train_6389,,,,,,,,,,,,,
train_6390,,,,,,,,,,,,,
train_6391,,,,,,,,,,,,,
train_6392,,,,,,,,,,,,,
train_6393,,,,,,,,,,,,,
train_6394,,,,,,,,,,,,,
train_6395,,,,,,,,,,,,,
train_6396,,,,,,,,,,,,,
train_6397,,,,,,,,,,,,,
train_6398,,,,,,,,,,,,,
train_6399,,,,,,,,,,,,,
train_6400,,,,,,,,,,,,,
train_6401,,,,,,,,,,,,,
train_6402,,,,,,,,,,,,,
train_6403,,,,,,,,,,,,,
train_6404,,,,,,,,,,,,,
train_6405,,,,,,,,,,,,,
train_6406,,,,,,,,,,,,,
train_6407,,,,,,,,,,,,,
train_6408,,,,,,,,,,,,,
train_6409,,,,,,,,,,,,,
train_6410,,,,,,,,,,,,,
train_6411,,,,,,,,,,,,,
train_6412,,,,,,,,,,,,,
train_6413,,,,,,,,,,,,,
train_6414,,,,,,,,,,,,,
train_6415,,,,,,,,,,,,,
train_6416,,,,,,,,,,,,,
train_6417,,,,,,,,,,,,,
train_6418,,,,,,,,,,,,,
train_6419,,,,,,,,,,,,,
train_6420,,,,,,,,,,,,,
train_6421,,,,,,,,,,,,,
train_6422,,,,,,,,,,,,,
train_6423,,,,,,,,,,,,,
train_6424,,,,,,,,,,,,,
train_6425,,,,,,,,,,,,,
train_6426,,,,,,,,,,,,,
train_6427,,,,,,,,,,,,,
train_6428,,,,,,,,,,,,,
train_6429,,,,,,,,,,,,,
train_6430,,,,,,,,,,,,,
train_6431,,,,,,,,,,,,,
train_6432,,,,,,,,,,,,,
train_6433,,,,,,,,,,,,,
train_6434,,,,,,,,,,,,,
train_6435,,,,,,,,,,,,,
train_6436,,,,,,,,,,,,,
train_6437,,,,,,,,,,,,,
train_6438,,,,,,,,,,,,,
train_6439,,,,,,,,,,,,,
train_6440,,,,,,,,,,,,,
train_6441,,,,,,,,,,,,,
train_6442,,,,,,,,,,,,,
train_6443,,,,,,,,,,,,,
train_6444,,,,,,,,,,,,,
train_6445,,,,,,,,,,,,,
train_6446,,,,,,,,,,,,,
train_6447,,,,,,,,,,,,,
train_6448,,,,,,,,,,,,,
train_6449,,,,,,,,,,,,,
train_6450,,,,,,,,,,,,,
train_6451,,,,,,,,,,,,,
train_6452,,,,,,,,,,,,,
train_6453,,,,,,,,,,,,,
train_6454,,,,,,,,,,,,,
train_6455,,,,,,,,,,,,,
train_6456,,,,,,,,,,,,,
train_6457,,,,,,,,,,,,,
train_6458,,,,,,,,,,,,,
train_6459,,,,,,,,,,,,,
train_6460,,,,,,,,,,,,,
train_6461,,,,,,,,,,,,,
train_6462,,,,,,,,,,,,,
train_6463,,,,,,,,,,,,,
train_6464,,,,,,,,,,,,,
train_6465,,,,,,,,,,,,,
train_6466,,,,,,,,,,,,,
train_6467,,,,,,,,,,,,,
train_6468,,,,,,,,,,,,,
train_6469,,,,,,,,,,,,,
train_6470,,,,,,,,,,,,,
train_6471,,,,,,,,,,,,,
train_6472,,,,,,,,,,,,,
train_6473,,,,,,,,,,,,,
train_6474,,,,,,,,,,,,,
train_6475,,,,,,,,,,,,,
train_6476,,,,,,,,,,,,,
train_6477,,,,,,,,,,,,,
train_6478,,,,,,,,,,,,,
train_6479,,,,,,,,,,,,,
train_6480,,,,,,,,,,,,,
train_6481,,,,,,,,,,,,,
train_6482,,,,,,,,,,,,,
train_6483,,,,,,,,,,,,,
train_6484,,,,,,,,,,,,,
train_6485,,,,,,,,,,,,,
train_6486,,,,,,,,,,,,,
train_6487,,,,,,,,,,,,,
train_6488,,,,,,,,,,,,,
train_6489,,,,,,,,,,,,,
train_6490,,,,,,,,,,,,,
train_6491,,,,,,,,,,,,,
train_6492,,,,,,,,,,,,,
train_6493,,,,,,,,,,,,,
train_6494,,,,,,,,,,,,,
train_6495,,,,,,,,,,,,,
train_6496,,,,,,,,,,,,,
train_6497,,,,,,,,,,,,,
train_6498,,,,,,,,,,,,,
train_6499,,,,,,,,,,,,,
train_6500,,,,,,,,,,,,,
train_6501,,,,,,,,,,,,,
train_6502,,,,,,,,,,,,,
train_6503,,,,,,,,,,,,,
train_6504,,,,,,,,,,,,,
train_6505,,,,,,,,,,,,,
train_6506,,,,,,,,,,,,,
train_6507,,,,,,,,,,,,,
train_6508,,,,,,,,,,,,,
train_6509,,,,,,,,,,,,,
train_6510,,,,,,,,,,,,,
train_6511,,,,,,,,,,,,,
train_6512,,,,,,,,,,,,,
train_6513,,,,,,,,,,,,,
train_6514,,,,,,,,,,,,,
train_6515,,,,,,,,,,,,,
train_6516,,,,,,,,,,,,,
train_6517,,,,,,,,,,,,,
train_6518,,,,,,,,,,,,,
train_6519,,,,,,,,,,,,,
train_6520,,,,,,,,,,,,,
train_6521,,,,,,,,,,,,,
train_6522,,,,,,,,,,,,,
train_6523,,,,,,,,,,,,,
train_6524,,,,,,,,,,,,,
train_6525,,,,,,,,,,,,,
train_6526,,,,,,,,,,,,,
train_6527,,,,,,,,,,,,,
train_6528,,,,,,,,,,,,,
train_6529,,,,,,,,,,,,,
train_6530,,,,,,,,,,,,,
train_6531,,,,,,,,,,,,,
train_6532,,,,,,,,,,,,,
train_6533,,,,,,,,,,,,,
train_6534,,,,,,,,,,,,,
train_6535,,,,,,,,,,,,,
train_6536,,,,,,,,,,,,,
train_6537,,,,,,,,,,,,,
train_6538,,,,,,,,,,,,,
train_6539,,,,,,,,,,,,,
train_6540,,,,,,,,,,,,,
train_6541,,,,,,,,,,,,,
train_6542,,,,,,,,,,,,,
train_6543,,,,,,,,,,,,,
train_6544,,,,,,,,,,,,,
train_6545,,,,,,,,,,,,,
train_6546,,,,,,,,,,,,,
train_6547,,,,,,,,,,,,,
train_6548,,,,,,,,,,,,,
train_6549,,,,,,,,,,,,,
train_6550,,,,,,,,,,,,,
train_6551,,,,,,,,,,,,,
train_6552,,,,,,,,,,,,,
train_6553,,,,,,,,,,,,,
train_6554,,,,,,,,,,,,,
train_6555,,,,,,,,,,,,,
train_6556,,,,,,,,,,,,,
train_6557,,,,,,,,,,,,,
train_6558,,,,,,,,,,,,,
train_6559,,,,,,,,,,,,,
train_6560,,,,,,,,,,,,,
train_6561,,,,,,,,,,,,,
train_6562,,,,,,,,,,,,,
train_6563,,,,,,,,,,,,,
train_6564,,,,,,,,,,,,,
train_6565,,,,,,,,,,,,,
train_6566,,,,,,,,,,,,,
train_6567,,,,,,,,,,,,,
train_6568,,,,,,,,,,,,,
train_6569,,,,,,,,,,,,,
train_6570,,,,,,,,,,,,,
train_6571,,,,,,,,,,,,,
train_6572,,,,,,,,,,,,,
train_6573,,,,,,,,,,,,,
train_6574,,,,,,,,,,,,,
train_6575,,,,,,,,,,,,,
train_6576,,,,,,,,,,,,,
train_6577,,,,,,,,,,,,,
train_6578,,,,,,,,,,,,,
train_6579,,,,,,,,,,,,,
train_6580,,,,,,,,,,,,,
train_6581,,,,,,,,,,,,,
train_6582,,,,,,,,,,,,,
train_6583,,,,,,,,,,,,,
train_6584,,,,,,,,,,,,,
train_6585,,,,,,,,,,,,,
train_6586,,,,,,,,,,,,,
train_6587,,,,,,,,,,,,,
train_6588,,,,,,,,,,,,,
train_6589,,,,,,,,,,,,,
train_6590,,,,,,,,,,,,,
train_6591,,,,,,,,,,,,,
train_6592,,,,,,,,,,,,,
train_6593,,,,,,,,,,,,,
train_6594,,,,,,,,,,,,,
train_6595,,,,,,,,,,,,,
train_6596,,,,,,,,,,,,,
train_6597,,,,,,,,,,,,,
train_6598,,,,,,,,,,,,,
train_6599,,,,,,,,,,,,,
train_6600,,,,,,,,,,,,,
train_6601,,,,,,,,,,,,,
train_6602,,,,,,,,,,,,,
train_6603,,,,,,,,,,,,,
train_6604,,,,,,,,,,,,,
train_6605,,,,,,,,,,,,,
train_6606,,,,,,,,,,,,,
train_6607,,,,,,,,,,,,,
train_6608,,,,,,,,,,,,,
train_6609,,,,,,,,,,,,,
train_6610,,,,,,,,,,,,,
train_6611,,,,,,,,,,,,,
train_6612,,,,,,,,,,,,,
train_6613,,,,,,,,,,,,,
train_6614,,,,,,,,,,,,,
train_6615,,,,,,,,,,,,,
train_6616,,,,,,,,,,,,,
train_6617,,,,,,,,,,,,,
train_6618,,,,,,,,,,,,,
train_6619,,,,,,,,,,,,,
train_6620,,,,,,,,,,,,,
train_6621,,,,,,,,,,,,,
train_6622,,,,,,,,,,,,,
train_6623,,,,,,,,,,,,,
train_6624,,,,,,,,,,,,,
train_6625,,,,,,,,,,,,,
train_6626,,,,,,,,,,,,,
train_6627,,,,,,,,,,,,,
train_6628,,,,,,,,,,,,,
train_6629,,,,,,,,,,,,,
train_6630,,,,,,,,,,,,,
train_6631,,,,,,,,,,,,,
train_6632,,,,,,,,,,,,,
train_6633,,,,,,,,,,,,,
train_6634,,,,,,,,,,,,,
train_6635,,,,,,,,,,,,,
train_6636,,,,,,,,,,,,,
train_6637,,,,,,,,,,,,,
train_6638,,,,,,,,,,,,,
train_6639,,,,,,,,,,,,,
train_6640,,,,,,,,,,,,,
train_6641,,,,,,,,,,,,,
train_6642,,,,,,,,,,,,,
train_6643,,,,,,,,,,,,,
train_6644,,,,,,,,,,,,,
train_6645,,,,,,,,,,,,,
train_6646,,,,,,,,,,,,,
train_6647,,,,,,,,,,,,,
train_6648,,,,,,,,,,,,,
train_6649,,,,,,,,,,,,,
train_6650,,,,,,,,,,,,,
train_6651,,,,,,,,,,,,,
train_6652,,,,,,,,,,,,,
train_6653,,,,,,,,,,,,,
train_6654,,,,,,,,,,,,,
train_6655,,,,,,,,,,,,,
train_6656,,,,,,,,,,,,,
train_6657,,,,,,,,,,,,,
train_6658,,,,,,,,,,,,,
train_6659,,,,,,,,,,,,,
train_6660,,,,,,,,,,,,,
train_6661,,,,,,,,,,,,,
train_6662,,,,,,,,,,,,,
train_6663,,,,,,,,,,,,,
train_6664,,,,,,,,,,,,,
train_6665,,,,,,,,,,,,,
train_6666,,,,,,,,,,,,,
train_6667,,,,,,,,,,,,,
train_6668,,,,,,,,,,,,,
train_6669,,,,,,,,,,,,,
train_6670,,,,,,,,,,,,,
train_6671,,,,,,,,,,,,,
train_6672,,,,,,,,,,,,,
train_6673,,,,,,,,,,,,,
train_6674,,,,,,,,,,,,,
train_6675,,,,,,,,,,,,,
train_6676,,,,,,,,,,,,,
train_6677,,,,,,,,,,,,,
train_6678,,,,,,,,,,,,,
train_6679,,,,,,,,,,,,,
train_6680,,,,,,,,,,,,,
train_6681,,,,,,,,,,,,,
train_6682,,,,,,,,,,,,,
train_6683,,,,,,,,,,,,,
train_6684,,,,,,,,,,,,,
train_6685,,,,,,,,,,,,,
train_6686,,,,,,,,,,,,,
train_6687,,,,,,,,,,,,,
train_6688,,,,,,,,,,,,,
train_6689,,,,,,,,,,,,,
train_6690,,,,,,,,,,,,,
train_6691,,,,,,,,,,,,,
train_6692,,,,,,,,,,,,,
train_6693,,,,,,,,,,,,,
train_6694,,,,,,,,,,,,,
train_6695,,,,,,,,,,,,,
train_6696,,,,,,,,,,,,,
train_6697,,,,,,,,,,,,,
train_6698,,,,,,,,,,,,,
train_6699,,,,,,,,,,,,,
train_6700,,,,,,,,,,,,,
train_6701,,,,,,,,,,,,,
train_6702,,,,,,,,,,,,,
train_6703,,,,,,,,,,,,,
train_6704,,,,,,,,,,,,,
train_6705,,,,,,,,,,,,,
train_6706,,,,,,,,,,,,,
train_6707,,,,,,,,,,,,,
train_6708,,,,,,,,,,,,,
train_6709,,,,,,,,,,,,,
train_6710,,,,,,,,,,,,,
train_6711,,,,,,,,,,,,,
train_6712,,,,,,,,,,,,,
train_6713,,,,,,,,,,,,,
train_6714,,,,,,,,,,,,,
train_6715,,,,,,,,,,,,,
train_6716,,,,,,,,,,,,,
train_6717,,,,,,,,,,,,,
train_6718,,,,,,,,,,,,,
train_6719,,,,,,,,,,,,,
train_6720,,,,,,,,,,,,,
train_6721,,,,,,,,,,,,,
train_6722,,,,,,,,,,,,,
train_6723,,,,,,,,,,,,,
train_6724,,,,,,,,,,,,,
train_6725,,,,,,,,,,,,,
train_6726,,,,,,,,,,,,,
train_6727,,,,,,,,,,,,,
train_6728,,,,,,,,,,,,,
train_6729,,,,,,,,,,,,,
train_6730,,,,,,,,,,,,,
train_6731,,,,,,,,,,,,,
train_6732,,,,,,,,,,,,,
train_6733,,,,,,,,,,,,,
train_6734,,,,,,,,,,,,,
train_6735,,,,,,,,,,,,,
train_6736,,,,,,,,,,,,,
train_6737,,,,,,,,,,,,,
train_6738,,,,,,,,,,,,,
train_6739,,,,,,,,,,,,,
train_6740,,,,,,,,,,,,,
train_6741,,,,,,,,,,,,,
train_6742,,,,,,,,,,,,,
train_6743,,,,,,,,,,,,,
train_6744,,,,,,,,,,,,,
train_6745,,,,,,,,,,,,,
train_6746,,,,,,,,,,,,,
train_6747,,,,,,,,,,,,,
train_6748,,,,,,,,,,,,,
train_6749,,,,,,,,,,,,,
train_6750,,,,,,,,,,,,,
train_6751,,,,,,,,,,,,,
train_6752,,,,,,,,,,,,,
train_6753,,,,,,,,,,,,,
train_6754,,,,,,,,,,,,,
train_6755,,,,,,,,,,,,,
train_6756,,,,,,,,,,,,,
train_6757,,,,,,,,,,,,,
train_6758,,,,,,,,,,,,,
train_6759,,,,,,,,,,,,,
train_6760,,,,,,,,,,,,,
train_6761,,,,,,,,,,,,,
train_6762,,,,,,,,,,,,,
train_6763,,,,,,,,,,,,,
train_6764,,,,,,,,,,,,,
train_6765,,,,,,,,,,,,,
train_6766,,,,,,,,,,,,,
train_6767,,,,,,,,,,,,,
train_6768,,,,,,,,,,,,,
train_6769,,,,,,,,,,,,,
train_6770,,,,,,,,,,,,,
train_6771,,,,,,,,,,,,,
train_6772,,,,,,,,,,,,,
train_6773,,,,,,,,,,,,,
train_6774,,,,,,,,,,,,,
train_6775,,,,,,,,,,,,,
train_6776,,,,,,,,,,,,,
train_6777,,,,,,,,,,,,,
train_6778,,,,,,,,,,,,,
train_6779,,,,,,,,,,,,,
train_6780,,,,,,,,,,,,,
train_6781,,,,,,,,,,,,,
train_6782,,,,,,,,,,,,,
train_6783,,,,,,,,,,,,,
train_6784,,,,,,,,,,,,,
train_6785,,,,,,,,,,,,,
train_6786,,,,,,,,,,,,,
train_6787,,,,,,,,,,,,,
train_6788,,,,,,,,,,,,,
train_6789,,,,,,,,,,,,,
train_6790,,,,,,,,,,,,,
train_6791,,,,,,,,,,,,,
train_6792,,,,,,,,,,,,,
train_6793,,,,,,,,,,,,,
train_6794,,,,,,,,,,,,,
train_6795,,,,,,,,,,,,,
train_6796,,,,,,,,,,,,,
train_6797,,,,,,,,,,,,,
train_6798,,,,,,,,,,,,,
train_6799,,,,,,,,,,,,,
train_6800,,,,,,,,,,,,,
train_6801,,,,,,,,,,,,,
train_6802,,,,,,,,,,,,,
train_6803,,,,,,,,,,,,,
train_6804,,,,,,,,,,,,,
train_6805,,,,,,,,,,,,,
train_6806,,,,,,,,,,,,,
train_6807,,,,,,,,,,,,,
train_6808,,,,,,,,,,,,,
train_6809,,,,,,,,,,,,,
train_6810,,,,,,,,,,,,,
train_6811,,,,,,,,,,,,,
train_6812,,,,,,,,,,,,,
train_6813,,,,,,,,,,,,,
train_6814,,,,,,,,,,,,,
train_6815,,,,,,,,,,,,,
train_6816,,,,,,,,,,,,,
train_6817,,,,,,,,,,,,,
train_6818,,,,,,,,,,,,,
train_6819,,,,,,,,,,,,,
train_6820,,,,,,,,,,,,,
train_6821,,,,,,,,,,,,,
train_6822,,,,,,,,,,,,,
train_6823,,,,,,,,,,,,,
train_6824,,,,,,,,,,,,,
train_6825,,,,,,,,,,,,,
train_6826,,,,,,,,,,,,,
train_6827,,,,,,,,,,,,,
train_6828,,,,,,,,,,,,,
train_6829,,,,,,,,,,,,,
train_6830,,,,,,,,,,,,,
train_6831,,,,,,,,,,,,,
train_6832,,,,,,,,,,,,,
train_6833,,,,,,,,,,,,,
train_6834,,,,,,,,,,,,,
train_6835,,,,,,,,,,,,,
train_6836,,,,,,,,,,,,,
train_6837,,,,,,,,,,,,,
train_6838,,,,,,,,,,,,,
train_6839,,,,,,,,,,,,,
train_6840,,,,,,,,,,,,,
train_6841,,,,,,,,,,,,,
train_6842,,,,,,,,,,,,,
train_6843,,,,,,,,,,,,,
train_6844,,,,,,,,,,,,,
train_6845,,,,,,,,,,,,,
train_6846,,,,,,,,,,,,,
train_6847,,,,,,,,,,,,,
train_6848,,,,,,,,,,,,,
train_6849,,,,,,,,,,,,,
train_6850,,,,,,,,,,,,,
train_6851,,,,,,,,,,,,,
train_6852,,,,,,,,,,,,,
train_6853,,,,,,,,,,,,,
train_6854,,,,,,,,,,,,,
train_6855,,,,,,,,,,,,,
train_6856,,,,,,,,,,,,,
train_6857,,,,,,,,,,,,,
train_6858,,,,,,,,,,,,,
train_6859,,,,,,,,,,,,,
train_6860,,,,,,,,,,,,,
train_6861,,,,,,,,,,,,,
train_6862,,,,,,,,,,,,,
train_6863,,,,,,,,,,,,,
train_6864,,,,,,,,,,,,,
train_6865,,,,,,,,,,,,,
train_6866,,,,,,,,,,,,,
train_6867,,,,,,,,,,,,,
train_6868,,,,,,,,,,,,,
train_6869,,,,,,,,,,,,,
train_6870,,,,,,,,,,,,,
train_6871,,,,,,,,,,,,,
train_6872,,,,,,,,,,,,,
train_6873,,,,,,,,,,,,,
train_6874,,,,,,,,,,,,,
train_6875,,,,,,,,,,,,,
train_6876,,,,,,,,,,,,,
train_6877,,,,,,,,,,,,,
train_6878,,,,,,,,,,,,,
train_6879,,,,,,,,,,,,,
train_6880,,,,,,,,,,,,,
train_6881,,,,,,,,,,,,,
train_6882,,,,,,,,,,,,,
train_6883,,,,,,,,,,,,,
train_6884,,,,,,,,,,,,,
train_6885,,,,,,,,,,,,,
train_6886,,,,,,,,,,,,,
train_6887,,,,,,,,,,,,,
train_6888,,,,,,,,,,,,,
train_6889,,,,,,,,,,,,,
train_6890,,,,,,,,,,,,,
train_6891,,,,,,,,,,,,,
train_6892,,,,,,,,,,,,,
train_6893,,,,,,,,,,,,,
train_6894,,,,,,,,,,,,,
train_6895,,,,,,,,,,,,,
train_6896,,,,,,,,,,,,,
train_6897,,,,,,,,,,,,,
train_6898,,,,,,,,,,,,,
train_6899,,,,,,,,,,,,,
train_6900,,,,,,,,,,,,,
train_6901,,,,,,,,,,,,,
train_6902,,,,,,,,,,,,,
train_6903,,,,,,,,,,,,,
train_6904,,,,,,,,,,,,,
train_6905,,,,,,,,,,,,,
train_6906,,,,,,,,,,,,,
train_6907,,,,,,,,,,,,,
train_6908,,,,,,,,,,,,,
train_6909,,,,,,,,,,,,,
train_6910,,,,,,,,,,,,,
train_6911,,,,,,,,,,,,,
train_6912,,,,,,,,,,,,,
train_6913,,,,,,,,,,,,,
train_6914,,,,,,,,,,,,,
train_6915,,,,,,,,,,,,,
train_6916,,,,,,,,,,,,,
train_6917,,,,,,,,,,,,,
train_6918,,,,,,,,,,,,,
train_6919,,,,,,,,,,,,,
train_6920,,,,,,,,,,,,,
train_6921,,,,,,,,,,,,,
train_6922,,,,,,,,,,,,,
train_6923,,,,,,,,,,,,,
train_6924,,,,,,,,,,,,,
train_6925,,,,,,,,,,,,,
train_6926,,,,,,,,,,,,,
train_6927,,,,,,,,,,,,,
train_6928,,,,,,,,,,,,,
train_6929,,,,,,,,,,,,,
train_6930,,,,,,,,,,,,,
train_6931,,,,,,,,,,,,,
train_6932,,,,,,,,,,,,,
train_6933,,,,,,,,,,,,,
train_6934,,,,,,,,,,,,,
train_6935,,,,,,,,,,,,,
train_6936,,,,,,,,,,,,,
train_6937,,,,,,,,,,,,,
train_6938,,,,,,,,,,,,,
train_6939,,,,,,,,,,,,,
train_6940,,,,,,,,,,,,,
train_6941,,,,,,,,,,,,,
train_6942,,,,,,,,,,,,,
train_6943,,,,,,,,,,,,,
train_6944,,,,,,,,,,,,,
train_6945,,,,,,,,,,,,,
train_6946,,,,,,,,,,,,,
train_6947,,,,,,,,,,,,,
train_6948,,,,,,,,,,,,,
train_6949,,,,,,,,,,,,,
train_6950,,,,,,,,,,,,,
train_6951,,,,,,,,,,,,,
train_6952,,,,,,,,,,,,,
train_6953,,,,,,,,,,,,,
train_6954,,,,,,,,,,,,,
train_6955,,,,,,,,,,,,,
train_6956,,,,,,,,,,,,,
train_6957,,,,,,,,,,,,,
train_6958,,,,,,,,,,,,,
train_6959,,,,,,,,,,,,,
train_6960,,,,,,,,,,,,,
train_6961,,,,,,,,,,,,,
train_6962,,,,,,,,,,,,,
train_6963,,,,,,,,,,,,,
train_6964,,,,,,,,,,,,,
train_6965,,,,,,,,,,,,,
train_6966,,,,,,,,,,,,,
train_6967,,,,,,,,,,,,,
train_6968,,,,,,,,,,,,,
train_6969,,,,,,,,,,,,,
train_6970,,,,,,,,,,,,,
train_6971,,,,,,,,,,,,,
train_6972,,,,,,,,,,,,,
train_6973,,,,,,,,,,,,,
train_6974,,,,,,,,,,,,,
train_6975,,,,,,,,,,,,,
train_6976,,,,,,,,,,,,,
train_6977,,,,,,,,,,,,,
train_6978,,,,,,,,,,,,,
train_6979,,,,,,,,,,,,,
train_6980,,,,,,,,,,,,,
train_6981,,,,,,,,,,,,,
train_6982,,,,,,,,,,,,,
train_6983,,,,,,,,,,,,,
train_6984,,,,,,,,,,,,,
train_6985,,,,,,,,,,,,,
train_6986,,,,,,,,,,,,,
train_6987,,,,,,,,,,,,,
train_6988,,,,,,,,,,,,,
train_6989,,,,,,,,,,,,,
train_6990,,,,,,,,,,,,,
train_6991,,,,,,,,,,,,,
train_6992,,,,,,,,,,,,,
train_6993,,,,,,,,,,,,,
train_6994,,,,,,,,,,,,,
train_6995,,,,,,,,,,,,,
train_6996,,,,,,,,,,,,,
train_6997,,,,,,,,,,,,,
train_6998,,,,,,,,,,,,,
train_6999,,,,,,,,,,,,,
train_7000,,,,,,,,,,,,,
train_7001,,,,,,,,,,,,,
train_7002,,,,,,,,,,,,,
train_7003,,,,,,,,,,,,,
train_7004,,,,,,,,,,,,,
train_7005,,,,,,,,,,,,,
train_7006,,,,,,,,,,,,,
train_7007,,,,,,,,,,,,,
train_7008,,,,,,,,,,,,,
train_7009,,,,,,,,,,,,,
train_7010,,,,,,,,,,,,,
train_7011,,,,,,,,,,,,,
train_7012,,,,,,,,,,,,,
train_7013,,,,,,,,,,,,,
train_7014,,,,,,,,,,,,,
train_7015,,,,,,,,,,,,,
train_7016,,,,,,,,,,,,,
train_7017,,,,,,,,,,,,,
train_7018,,,,,,,,,,,,,
train_7019,,,,,,,,,,,,,
train_7020,,,,,,,,,,,,,
train_7021,,,,,,,,,,,,,
train_7022,,,,,,,,,,,,,
train_7023,,,,,,,,,,,,,
train_7024,,,,,,,,,,,,,
train_7025,,,,,,,,,,,,,
train_7026,,,,,,,,,,,,,
train_7027,,,,,,,,,,,,,
train_7028,,,,,,,,,,,,,
train_7029,,,,,,,,,,,,,
train_7030,,,,,,,,,,,,,
train_7031,,,,,,,,,,,,,
train_7032,,,,,,,,,,,,,
train_7033,,,,,,,,,,,,,
train_7034,,,,,,,,,,,,,
train_7035,,,,,,,,,,,,,
train_7036,,,,,,,,,,,,,
train_7037,,,,,,,,,,,,,
train_7038,,,,,,,,,,,,,
train_7039,,,,,,,,,,,,,
train_7040,,,,,,,,,,,,,
train_7041,,,,,,,,,,,,,
train_7042,,,,,,,,,,,,,
train_7043,,,,,,,,,,,,,
train_7044,,,,,,,,,,,,,
train_7045,,,,,,,,,,,,,
train_7046,,,,,,,,,,,,,
train_7047,,,,,,,,,,,,,
train_7048,,,,,,,,,,,,,
train_7049,,,,,,,,,,,,,
train_7050,,,,,,,,,,,,,
train_7051,,,,,,,,,,,,,
train_7052,,,,,,,,,,,,,
train_7053,,,,,,,,,,,,,
train_7054,,,,,,,,,,,,,
train_7055,,,,,,,,,,,,,
train_7056,,,,,,,,,,,,,
train_7057,,,,,,,,,,,,,
train_7058,,,,,,,,,,,,,
train_7059,,,,,,,,,,,,,
train_7060,,,,,,,,,,,,,
train_7061,,,,,,,,,,,,,
train_7062,,,,,,,,,,,,,
train_7063,,,,,,,,,,,,,
train_7064,,,,,,,,,,,,,
train_7065,,,,,,,,,,,,,
train_7066,,,,,,,,,,,,,
train_7067,,,,,,,,,,,,,
train_7068,,,,,,,,,,,,,
train_7069,,,,,,,,,,,,,
train_7070,,,,,,,,,,,,,
train_7071,,,,,,,,,,,,,
train_7072,,,,,,,,,,,,,
train_7073,,,,,,,,,,,,,
train_7074,,,,,,,,,,,,,
train_7075,,,,,,,,,,,,,
train_7076,,,,,,,,,,,,,
train_7077,,,,,,,,,,,,,
train_7078,,,,,,,,,,,,,
train_7079,,,,,,,,,,,,,
train_7080,,,,,,,,,,,,,
train_7081,,,,,,,,,,,,,
train_7082,,,,,,,,,,,,,
train_7083,,,,,,,,,,,,,
train_7084,,,,,,,,,,,,,
train_7085,,,,,,,,,,,,,
train_7086,,,,,,,,,,,,,
train_7087,,,,,,,,,,,,,
train_7088,,,,,,,,,,,,,
train_7089,,,,,,,,,,,,,
train_7090,,,,,,,,,,,,,
train_7091,,,,,,,,,,,,,
train_7092,,,,,,,,,,,,,
train_7093,,,,,,,,,,,,,
train_7094,,,,,,,,,,,,,
train_7095,,,,,,,,,,,,,
train_7096,,,,,,,,,,,,,
train_7097,,,,,,,,,,,,,
train_7098,,,,,,,,,,,,,
train_7099,,,,,,,,,,,,,
train_7100,,,,,,,,,,,,,
train_7101,,,,,,,,,,,,,
train_7102,,,,,,,,,,,,,
train_7103,,,,,,,,,,,,,
train_7104,,,,,,,,,,,,,
train_7105,,,,,,,,,,,,,
train_7106,,,,,,,,,,,,,
train_7107,,,,,,,,,,,,,
train_7108,,,,,,,,,,,,,
train_7109,,,,,,,,,,,,,
train_7110,,,,,,,,,,,,,
train_7111,,,,,,,,,,,,,
train_7112,,,,,,,,,,,,,
train_7113,,,,,,,,,,,,,
train_7114,,,,,,,,,,,,,
train_7115,,,,,,,,,,,,,
train_7116,,,,,,,,,,,,,
train_7117,,,,,,,,,,,,,
train_7118,,,,,,,,,,,,,
train_7119,,,,,,,,,,,,,
train_7120,,,,,,,,,,,,,
train_7121,,,,,,,,,,,,,
train_7122,,,,,,,,,,,,,
train_7123,,,,,,,,,,,,,
train_7124,,,,,,,,,,,,,
train_7125,,,,,,,,,,,,,
train_7126,,,,,,,,,,,,,
train_7127,,,,,,,,,,,,,
train_7128,,,,,,,,,,,,,
train_7129,,,,,,,,,,,,,
train_7130,,,,,,,,,,,,,
train_7131,,,,,,,,,,,,,
train_7132,,,,,,,,,,,,,
train_7133,,,,,,,,,,,,,
train_7134,,,,,,,,,,,,,
train_7135,,,,,,,,,,,,,
train_7136,,,,,,,,,,,,,
train_7137,,,,,,,,,,,,,
train_7138,,,,,,,,,,,,,
train_7139,,,,,,,,,,,,,
train_7140,,,,,,,,,,,,,
train_7141,,,,,,,,,,,,,
train_7142,,,,,,,,,,,,,
train_7143,,,,,,,,,,,,,
train_7144,,,,,,,,,,,,,
train_7145,,,,,,,,,,,,,
train_7146,,,,,,,,,,,,,
train_7147,,,,,,,,,,,,,
train_7148,,,,,,,,,,,,,
train_7149,,,,,,,,,,,,,
train_7150,,,,,,,,,,,,,
train_7151,,,,,,,,,,,,,
train_7152,,,,,,,,,,,,,
train_7153,,,,,,,,,,,,,
train_7154,,,,,,,,,,,,,
train_7155,,,,,,,,,,,,,
train_7156,,,,,,,,,,,,,
train_7157,,,,,,,,,,,,,
train_7158,,,,,,,,,,,,,
train_7159,,,,,,,,,,,,,
train_7160,,,,,,,,,,,,,
train_7161,,,,,,,,,,,,,
train_7162,,,,,,,,,,,,,
train_7163,,,,,,,,,,,,,
train_7164,,,,,,,,,,,,,
train_7165,,,,,,,,,,,,,
train_7166,,,,,,,,,,,,,
train_7167,,,,,,,,,,,,,
train_7168,,,,,,,,,,,,,
train_7169,,,,,,,,,,,,,
train_7170,,,,,,,,,,,,,
train_7171,,,,,,,,,,,,,
train_7172,,,,,,,,,,,,,
train_7173,,,,,,,,,,,,,
train_7174,,,,,,,,,,,,,
train_7175,,,,,,,,,,,,,
train_7176,,,,,,,,,,,,,
train_7177,,,,,,,,,,,,,
train_7178,,,,,,,,,,,,,
train_7179,,,,,,,,,,,,,
train_7180,,,,,,,,,,,,,
train_7181,,,,,,,,,,,,,
train_7182,,,,,,,,,,,,,
train_7183,,,,,,,,,,,,,
train_7184,,,,,,,,,,,,,
train_7185,,,,,,,,,,,,,
train_7186,,,,,,,,,,,,,
train_7187,,,,,,,,,,,,,
train_7188,,,,,,,,,,,,,
train_7189,,,,,,,,,,,,,
train_7190,,,,,,,,,,,,,
train_7191,,,,,,,,,,,,,
train_7192,,,,,,,,,,,,,
train_7193,,,,,,,,,,,,,
train_7194,,,,,,,,,,,,,
train_7195,,,,,,,,,,,,,
train_7196,,,,,,,,,,,,,
train_7197,,,,,,,,,,,,,
train_7198,,,,,,,,,,,,,
train_7199,,,,,,,,,,,,,
train_7200,,,,,,,,,,,,,
train_7201,,,,,,,,,,,,,
train_7202,,,,,,,,,,,,,
train_7203,,,,,,,,,,,,,
train_7204,,,,,,,,,,,,,
train_7205,,,,,,,,,,,,,
train_7206,,,,,,,,,,,,,
train_7207,,,,,,,,,,,,,
train_7208,,,,,,,,,,,,,
train_7209,,,,,,,,,,,,,
train_7210,,,,,,,,,,,,,
train_7211,,,,,,,,,,,,,
train_7212,,,,,,,,,,,,,
train_7213,,,,,,,,,,,,,
train_7214,,,,,,,,,,,,,
train_7215,,,,,,,,,,,,,
train_7216,,,,,,,,,,,,,
train_7217,,,,,,,,,,,,,
train_7218,,,,,,,,,,,,,
train_7219,,,,,,,,,,,,,
train_7220,,,,,,,,,,,,,
train_7221,,,,,,,,,,,,,
train_7222,,,,,,,,,,,,,
train_7223,,,,,,,,,,,,,
train_7224,,,,,,,,,,,,,
train_7225,,,,,,,,,,,,,
train_7226,,,,,,,,,,,,,
train_7227,,,,,,,,,,,,,
train_7228,,,,,,,,,,,,,
train_7229,,,,,,,,,,,,,
train_7230,,,,,,,,,,,,,
train_7231,,,,,,,,,,,,,
train_7232,,,,,,,,,,,,,
train_7233,,,,,,,,,,,,,
train_7234,,,,,,,,,,,,,
train_7235,,,,,,,,,,,,,
train_7236,,,,,,,,,,,,,
train_7237,,,,,,,,,,,,,
train_7238,,,,,,,,,,,,,
train_7239,,,,,,,,,,,,,
train_7240,,,,,,,,,,,,,
train_7241,,,,,,,,,,,,,
train_7242,,,,,,,,,,,,,
train_7243,,,,,,,,,,,,,
train_7244,,,,,,,,,,,,,
train_7245,,,,,,,,,,,,,
train_7246,,,,,,,,,,,,,
train_7247,,,,,,,,,,,,,
train_7248,,,,,,,,,,,,,
train_7249,,,,,,,,,,,,,
train_7250,,,,,,,,,,,,,
train_7251,,,,,,,,,,,,,
train_7252,,,,,,,,,,,,,
train_7253,,,,,,,,,,,,,
train_7254,,,,,,,,,,,,,
train_7255,,,,,,,,,,,,,
train_7256,,,,,,,,,,,,,
train_7257,,,,,,,,,,,,,
train_7258,,,,,,,,,,,,,
train_7259,,,,,,,,,,,,,
train_7260,,,,,,,,,,,,,
train_7261,,,,,,,,,,,,,
train_7262,,,,,,,,,,,,,
train_7263,,,,,,,,,,,,,
train_7264,,,,,,,,,,,,,
train_7265,,,,,,,,,,,,,
train_7266,,,,,,,,,,,,,
train_7267,,,,,,,,,,,,,
train_7268,,,,,,,,,,,,,
train_7269,,,,,,,,,,,,,
train_7270,,,,,,,,,,,,,
train_7271,,,,,,,,,,,,,
train_7272,,,,,,,,,,,,,
train_7273,,,,,,,,,,,,,
train_7274,,,,,,,,,,,,,
train_7275,,,,,,,,,,,,,
train_7276,,,,,,,,,,,,,
train_7277,,,,,,,,,,,,,
train_7278,,,,,,,,,,,,,
train_7279,,,,,,,,,,,,,
train_7280,,,,,,,,,,,,,
train_7281,,,,,,,,,,,,,
train_7282,,,,,,,,,,,,,
train_7283,,,,,,,,,,,,,
train_7284,,,,,,,,,,,,,
train_7285,,,,,,,,,,,,,
train_7286,,,,,,,,,,,,,
train_7287,,,,,,,,,,,,,
train_7288,,,,,,,,,,,,,
train_7289,,,,,,,,,,,,,
train_7290,,,,,,,,,,,,,
train_7291,,,,,,,,,,,,,
train_7292,,,,,,,,,,,,,
train_7293,,,,,,,,,,,,,
train_7294,,,,,,,,,,,,,
train_7295,,,,,,,,,,,,,
train_7296,,,,,,,,,,,,,
train_7297,,,,,,,,,,,,,
train_7298,,,,,,,,,,,,,
train_7299,,,,,,,,,,,,,
train_7300,,,,,,,,,,,,,
train_7301,,,,,,,,,,,,,
train_7302,,,,,,,,,,,,,
train_7303,,,,,,,,,,,,,
train_7304,,,,,,,,,,,,,
train_7305,,,,,,,,,,,,,
train_7306,,,,,,,,,,,,,
train_7307,,,,,,,,,,,,,
train_7308,,,,,,,,,,,,,
train_7309,,,,,,,,,,,,,
train_7310,,,,,,,,,,,,,
train_7311,,,,,,,,,,,,,
train_7312,,,,,,,,,,,,,
train_7313,,,,,,,,,,,,,
train_7314,,,,,,,,,,,,,
train_7315,,,,,,,,,,,,,
train_7316,,,,,,,,,,,,,
train_7317,,,,,,,,,,,,,
train_7318,,,,,,,,,,,,,
train_7319,,,,,,,,,,,,,
train_7320,,,,,,,,,,,,,
train_7321,,,,,,,,,,,,,
train_7322,,,,,,,,,,,,,
train_7323,,,,,,,,,,,,,
train_7324,,,,,,,,,,,,,
train_7325,,,,,,,,,,,,,
train_7326,,,,,,,,,,,,,
train_7327,,,,,,,,,,,,,
train_7328,,,,,,,,,,,,,
train_7329,,,,,,,,,,,,,
train_7330,,,,,,,,,,,,,
train_7331,,,,,,,,,,,,,
train_7332,,,,,,,,,,,,,
train_7333,,,,,,,,,,,,,
train_7334,,,,,,,,,,,,,
train_7335,,,,,,,,,,,,,
train_7336,,,,,,,,,,,,,
train_7337,,,,,,,,,,,,,
train_7338,,,,,,,,,,,,,
train_7339,,,,,,,,,,,,,
train_7340,,,,,,,,,,,,,
train_7341,,,,,,,,,,,,,
train_7342,,,,,,,,,,,,,
train_7343,,,,,,,,,,,,,
train_7344,,,,,,,,,,,,,
train_7345,,,,,,,,,,,,,
train_7346,,,,,,,,,,,,,
train_7347,,,,,,,,,,,,,
train_7348,,,,,,,,,,,,,
train_7349,,,,,,,,,,,,,
train_7350,,,,,,,,,,,,,
train_7351,,,,,,,,,,,,,
train_7352,,,,,,,,,,,,,
train_7353,,,,,,,,,,,,,
train_7354,,,,,,,,,,,,,
train_7355,,,,,,,,,,,,,
train_7356,,,,,,,,,,,,,
train_7357,,,,,,,,,,,,,
train_7358,,,,,,,,,,,,,
train_7359,,,,,,,,,,,,,
train_7360,,,,,,,,,,,,,
train_7361,,,,,,,,,,,,,
train_7362,,,,,,,,,,,,,
train_7363,,,,,,,,,,,,,
train_7364,,,,,,,,,,,,,
train_7365,,,,,,,,,,,,,
train_7366,,,,,,,,,,,,,
train_7367,,,,,,,,,,,,,
train_7368,,,,,,,,,,,,,
train_7369,,,,,,,,,,,,,
train_7370,,,,,,,,,,,,,
train_7371,,,,,,,,,,,,,
train_7372,,,,,,,,,,,,,
train_7373,,,,,,,,,,,,,
train_7374,,,,,,,,,,,,,
train_7375,,,,,,,,,,,,,
train_7376,,,,,,,,,,,,,
train_7377,,,,,,,,,,,,,
train_7378,,,,,,,,,,,,,
train_7379,,,,,,,,,,,,,
train_7380,,,,,,,,,,,,,
train_7381,,,,,,,,,,,,,
train_7382,,,,,,,,,,,,,
train_7383,,,,,,,,,,,,,
train_7384,,,,,,,,,,,,,
train_7385,,,,,,,,,,,,,
train_7386,,,,,,,,,,,,,
train_7387,,,,,,,,,,,,,
train_7388,,,,,,,,,,,,,
train_7389,,,,,,,,,,,,,
train_7390,,,,,,,,,,,,,
train_7391,,,,,,,,,,,,,
train_7392,,,,,,,,,,,,,
train_7393,,,,,,,,,,,,,
train_7394,,,,,,,,,,,,,
train_7395,,,,,,,,,,,,,
train_7396,,,,,,,,,,,,,
train_7397,,,,,,,,,,,,,
train_7398,,,,,,,,,,,,,
train_7399,,,,,,,,,,,,,
train_7400,,,,,,,,,,,,,
train_7401,,,,,,,,,,,,,
train_7402,,,,,,,,,,,,,
train_7403,,,,,,,,,,,,,
train_7404,,,,,,,,,,,,,
train_7405,,,,,,,,,,,,,
train_7406,,,,,,,,,,,,,
train_7407,,,,,,,,,,,,,
train_7408,,,,,,,,,,,,,
train_7409,,,,,,,,,,,,,
train_7410,,,,,,,,,,,,,
train_7411,,,,,,,,,,,,,
train_7412,,,,,,,,,,,,,
train_7413,,,,,,,,,,,,,
train_7414,,,,,,,,,,,,,
train_7415,,,,,,,,,,,,,
train_7416,,,,,,,,,,,,,
train_7417,,,,,,,,,,,,,
train_7418,,,,,,,,,,,,,
train_7419,,,,,,,,,,,,,
train_7420,,,,,,,,,,,,,
train_7421,,,,,,,,,,,,,
train_7422,,,,,,,,,,,,,
train_7423,,,,,,,,,,,,,
train_7424,,,,,,,,,,,,,
train_7425,,,,,,,,,,,,,
train_7426,,,,,,,,,,,,,
train_7427,,,,,,,,,,,,,
train_7428,,,,,,,,,,,,,
train_7429,,,,,,,,,,,,,
train_7430,,,,,,,,,,,,,
train_7431,,,,,,,,,,,,,
train_7432,,,,,,,,,,,,,
train_7433,,,,,,,,,,,,,
train_7434,,,,,,,,,,,,,
train_7435,,,,,,,,,,,,,
train_7436,,,,,,,,,,,,,
train_7437,,,,,,,,,,,,,
train_7438,,,,,,,,,,,,,
train_7439,,,,,,,,,,,,,
train_7440,,,,,,,,,,,,,
train_7441,,,,,,,,,,,,,
train_7442,,,,,,,,,,,,,
train_7443,,,,,,,,,,,,,
train_7444,,,,,,,,,,,,,
train_7445,,,,,,,,,,,,,
train_7446,,,,,,,,,,,,,
train_7447,,,,,,,,,,,,,
train_7448,,,,,,,,,,,,,
train_7449,,,,,,,,,,,,,
train_7450,,,,,,,,,,,,,
train_7451,,,,,,,,,,,,,
train_7452,,,,,,,,,,,,,
train_7453,,,,,,,,,,,,,
train_7454,,,,,,,,,,,,,
train_7455,,,,,,,,,,,,,
train_7456,,,,,,,,,,,,,
train_7457,,,,,,,,,,,,,
train_7458,,,,,,,,,,,,,
train_7459,,,,,,,,,,,,,
train_7460,,,,,,,,,,,,,
train_7461,,,,,,,,,,,,,
train_7462,,,,,,,,,,,,,
train_7463,,,,,,,,,,,,,
train_7464,,,,,,,,,,,,,
train_7465,,,,,,,,,,,,,
train_7466,,,,,,,,,,,,,
train_7467,,,,,,,,,,,,,
train_7468,,,,,,,,,,,,,
train_7469,,,,,,,,,,,,,
train_7470,,,,,,,,,,,,,
train_7471,,,,,,,,,,,,,
train_7472,,,,,,,,,,,,,
train_7473,,,,,,,,,,,,,
train_7474,,,,,,,,,,,,,
train_7475,,,,,,,,,,,,,
train_7476,,,,,,,,,,,,,
train_7477,,,,,,,,,,,,,
train_7478,,,,,,,,,,,,,
train_7479,,,,,,,,,,,,,
train_7480,,,,,,,,,,,,,
train_7481,,,,,,,,,,,,,
train_7482,,,,,,,,,,,,,
train_7483,,,,,,,,,,,,,
train_7484,,,,,,,,,,,,,
train_7485,,,,,,,,,,,,,
train_7486,,,,,,,,,,,,,
train_7487,,,,,,,,,,,,,
train_7488,,,,,,,,,,,,,
train_7489,,,,,,,,,,,,,
train_7490,,,,,,,,,,,,,
train_7491,,,,,,,,,,,,,
train_7492,,,,,,,,,,,,,
train_7493,,,,,,,,,,,,,
train_7494,,,,,,,,,,,,,
train_7495,,,,,,,,,,,,,
train_7496,,,,,,,,,,,,,
train_7497,,,,,,,,,,,,,
train_7498,,,,,,,,,,,,,
train_7499,,,,,,,,,,,,,
train_7500,,,,,,,,,,,,,
train_7501,,,,,,,,,,,,,
train_7502,,,,,,,,,,,,,
train_7503,,,,,,,,,,,,,
train_7504,,,,,,,,,,,,,
train_7505,,,,,,,,,,,,,
train_7506,,,,,,,,,,,,,
train_7507,,,,,,,,,,,,,
train_7508,,,,,,,,,,,,,
train_7509,,,,,,,,,,,,,
train_7510,,,,,,,,,,,,,
train_7511,,,,,,,,,,,,,
train_7512,,,,,,,,,,,,,
train_7513,,,,,,,,,,,,,
train_7514,,,,,,,,,,,,,
train_7515,,,,,,,,,,,,,
train_7516,,,,,,,,,,,,,
train_7517,,,,,,,,,,,,,
train_7518,,,,,,,,,,,,,
train_7519,,,,,,,,,,,,,
train_7520,,,,,,,,,,,,,
train_7521,,,,,,,,,,,,,
train_7522,,,,,,,,,,,,,
train_7523,,,,,,,,,,,,,
train_7524,,,,,,,,,,,,,
train_7525,,,,,,,,,,,,,
train_7526,,,,,,,,,,,,,
train_7527,,,,,,,,,,,,,
train_7528,,,,,,,,,,,,,
train_7529,,,,,,,,,,,,,
train_7530,,,,,,,,,,,,,
train_7531,,,,,,,,,,,,,
train_7532,,,,,,,,,,,,,
train_7533,,,,,,,,,,,,,
train_7534,,,,,,,,,,,,,
train_7535,,,,,,,,,,,,,
train_7536,,,,,,,,,,,,,
train_7537,,,,,,,,,,,,,
train_7538,,,,,,,,,,,,,
train_7539,,,,,,,,,,,,,
train_7540,,,,,,,,,,,,,
train_7541,,,,,,,,,,,,,
train_7542,,,,,,,,,,,,,
train_7543,,,,,,,,,,,,,
train_7544,,,,,,,,,,,,,
train_7545,,,,,,,,,,,,,
train_7546,,,,,,,,,,,,,
train_7547,,,,,,,,,,,,,
train_7548,,,,,,,,,,,,,
train_7549,,,,,,,,,,,,,
train_7550,,,,,,,,,,,,,
train_7551,,,,,,,,,,,,,
train_7552,,,,,,,,,,,,,
train_7553,,,,,,,,,,,,,
train_7554,,,,,,,,,,,,,
train_7555,,,,,,,,,,,,,
train_7556,,,,,,,,,,,,,
train_7557,,,,,,,,,,,,,
train_7558,,,,,,,,,,,,,
train_7559,,,,,,,,,,,,,
train_7560,,,,,,,,,,,,,
train_7561,,,,,,,,,,,,,
train_7562,,,,,,,,,,,,,
train_7563,,,,,,,,,,,,,
train_7564,,,,,,,,,,,,,
train_7565,,,,,,,,,,,,,
train_7566,,,,,,,,,,,,,
train_7567,,,,,,,,,,,,,
train_7568,,,,,,,,,,,,,
train_7569,,,,,,,,,,,,,
train_7570,,,,,,,,,,,,,
train_7571,,,,,,,,,,,,,
train_7572,,,,,,,,,,,,,
train_7573,,,,,,,,,,,,,
train_7574,,,,,,,,,,,,,
train_7575,,,,,,,,,,,,,
train_7576,,,,,,,,,,,,,
train_7577,,,,,,,,,,,,,
train_7578,,,,,,,,,,,,,
train_7579,,,,,,,,,,,,,
train_7580,,,,,,,,,,,,,
train_7581,,,,,,,,,,,,,
train_7582,,,,,,,,,,,,,
train_7583,,,,,,,,,,,,,
train_7584,,,,,,,,,,,,,
train_7585,,,,,,,,,,,,,
train_7586,,,,,,,,,,,,,
train_7587,,,,,,,,,,,,,
train_7588,,,,,,,,,,,,,
train_7589,,,,,,,,,,,,,
train_7590,,,,,,,,,,,,,
train_7591,,,,,,,,,,,,,
train_7592,,,,,,,,,,,,,
train_7593,,,,,,,,,,,,,
train_7594,,,,,,,,,,,,,
train_7595,,,,,,,,,,,,,
train_7596,,,,,,,,,,,,,
train_7597,,,,,,,,,,,,,
train_7598,,,,,,,,,,,,,
train_7599,,,,,,,,,,,,,
train_7600,,,,,,,,,,,,,
train_7601,,,,,,,,,,,,,
train_7602,,,,,,,,,,,,,
train_7603,,,,,,,,,,,,,
train_7604,,,,,,,,,,,,,
train_7605,,,,,,,,,,,,,
train_7606,,,,,,,,,,,,,
train_7607,,,,,,,,,,,,,
train_7608,,,,,,,,,,,,,
train_7609,,,,,,,,,,,,,
train_7610,,,,,,,,,,,,,
train_7611,,,,,,,,,,,,,
train_7612,,,,,,,,,,,,,
train_7613,,,,,,,,,,,,,
train_7614,,,,,,,,,,,,,
train_7615,,,,,,,,,,,,,
train_7616,,,,,,,,,,,,,
train_7617,,,,,,,,,,,,,
train_7618,,,,,,,,,,,,,
train_7619,,,,,,,,,,,,,
train_7620,,,,,,,,,,,,,
train_7621,,,,,,,,,,,,,
train_7622,,,,,,,,,,,,,
train_7623,,,,,,,,,,,,,
train_7624,,,,,,,,,,,,,
train_7625,,,,,,,,,,,,,
train_7626,,,,,,,,,,,,,
train_7627,,,,,,,,,,,,,
train_7628,,,,,,,,,,,,,
train_7629,,,,,,,,,,,,,
train_7630,,,,,,,,,,,,,
train_7631,,,,,,,,,,,,,
train_7632,,,,,,,,,,,,,
train_7633,,,,,,,,,,,,,
train_7634,,,,,,,,,,,,,
train_7635,,,,,,,,,,,,,
train_7636,,,,,,,,,,,,,
train_7637,,,,,,,,,,,,,
train_7638,,,,,,,,,,,,,
train_7639,,,,,,,,,,,,,
train_7640,,,,,,,,,,,,,
train_7641,,,,,,,,,,,,,
train_7642,,,,,,,,,,,,,
train_7643,,,,,,,,,,,,,
train_7644,,,,,,,,,,,,,
train_7645,,,,,,,,,,,,,
train_7646,,,,,,,,,,,,,
train_7647,,,,,,,,,,,,,
train_7648,,,,,,,,,,,,,
train_7649,,,,,,,,,,,,,
train_7650,,,,,,,,,,,,,
train_7651,,,,,,,,,,,,,
train_7652,,,,,,,,,,,,,
train_7653,,,,,,,,,,,,,
train_7654,,,,,,,,,,,,,
train_7655,,,,,,,,,,,,,
train_7656,,,,,,,,,,,,,
train_7657,,,,,,,,,,,,,
train_7658,,,,,,,,,,,,,
train_7659,,,,,,,,,,,,,
train_7660,,,,,,,,,,,,,
train_7661,,,,,,,,,,,,,
train_7662,,,,,,,,,,,,,
train_7663,,,,,,,,,,,,,
train_7664,,,,,,,,,,,,,
train_7665,,,,,,,,,,,,,
train_7666,,,,,,,,,,,,,
train_7667,,,,,,,,,,,,,
train_7668,,,,,,,,,,,,,
train_7669,,,,,,,,,,,,,
train_7670,,,,,,,,,,,,,
train_7671,,,,,,,,,,,,,
train_7672,,,,,,,,,,,,,
train_7673,,,,,,,,,,,,,
train_7674,,,,,,,,,,,,,
train_7675,,,,,,,,,,,,,
train_7676,,,,,,,,,,,,,
train_7677,,,,,,,,,,,,,
train_7678,,,,,,,,,,,,,
train_7679,,,,,,,,,,,,,
train_7680,,,,,,,,,,,,,
train_7681,,,,,,,,,,,,,
train_7682,,,,,,,,,,,,,
train_7683,,,,,,,,,,,,,
train_7684,,,,,,,,,,,,,
train_7685,,,,,,,,,,,,,
train_7686,,,,,,,,,,,,,
train_7687,,,,,,,,,,,,,
train_7688,,,,,,,,,,,,,
train_7689,,,,,,,,,,,,,
train_7690,,,,,,,,,,,,,
train_7691,,,,,,,,,,,,,
train_7692,,,,,,,,,,,,,
train_7693,,,,,,,,,,,,,
train_7694,,,,,,,,,,,,,
train_7695,,,,,,,,,,,,,
train_7696,,,,,,,,,,,,,
train_7697,,,,,,,,,,,,,
train_7698,,,,,,,,,,,,,
train_7699,,,,,,,,,,,,,
train_7700,,,,,,,,,,,,,
train_7701,,,,,,,,,,,,,
train_7702,,,,,,,,,,,,,
train_7703,,,,,,,,,,,,,
train_7704,,,,,,,,,,,,,
train_7705,,,,,,,,,,,,,
train_7706,,,,,,,,,,,,,
train_7707,,,,,,,,,,,,,
train_7708,,,,,,,,,,,,,
train_7709,,,,,,,,,,,,,
train_7710,,,,,,,,,,,,,
train_7711,,,,,,,,,,,,,
train_7712,,,,,,,,,,,,,
train_7713,,,,,,,,,,,,,
train_7714,,,,,,,,,,,,,
train_7715,,,,,,,,,,,,,
train_7716,,,,,,,,,,,,,
train_7717,,,,,,,,,,,,,
train_7718,,,,,,,,,,,,,
train_7719,,,,,,,,,,,,,
train_7720,,,,,,,,,,,,,
train_7721,,,,,,,,,,,,,
train_7722,,,,,,,,,,,,,
train_7723,,,,,,,,,,,,,
train_7724,,,,,,,,,,,,,
train_7725,,,,,,,,,,,,,
train_7726,,,,,,,,,,,,,
train_7727,,,,,,,,,,,,,
train_7728,,,,,,,,,,,,,
train_7729,,,,,,,,,,,,,
train_7730,,,,,,,,,,,,,
train_7731,,,,,,,,,,,,,
train_7732,,,,,,,,,,,,,
train_7733,,,,,,,,,,,,,
train_7734,,,,,,,,,,,,,
train_7735,,,,,,,,,,,,,
train_7736,,,,,,,,,,,,,
train_7737,,,,,,,,,,,,,
train_7738,,,,,,,,,,,,,
train_7739,,,,,,,,,,,,,
train_7740,,,,,,,,,,,,,
train_7741,,,,,,,,,,,,,
train_7742,,,,,,,,,,,,,
train_7743,,,,,,,,,,,,,
train_7744,,,,,,,,,,,,,
train_7745,,,,,,,,,,,,,
train_7746,,,,,,,,,,,,,
train_7747,,,,,,,,,,,,,
train_7748,,,,,,,,,,,,,
train_7749,,,,,,,,,,,,,
train_7750,,,,,,,,,,,,,
train_7751,,,,,,,,,,,,,
train_7752,,,,,,,,,,,,,
train_7753,,,,,,,,,,,,,
train_7754,,,,,,,,,,,,,
train_7755,,,,,,,,,,,,,
train_7756,,,,,,,,,,,,,
train_7757,,,,,,,,,,,,,
train_7758,,,,,,,,,,,,,
train_7759,,,,,,,,,,,,,
train_7760,,,,,,,,,,,,,
train_7761,,,,,,,,,,,,,
train_7762,,,,,,,,,,,,,
train_7763,,,,,,,,,,,,,
train_7764,,,,,,,,,,,,,
train_7765,,,,,,,,,,,,,
train_7766,,,,,,,,,,,,,
train_7767,,,,,,,,,,,,,
train_7768,,,,,,,,,,,,,
train_7769,,,,,,,,,,,,,
train_7770,,,,,,,,,,,,,
train_7771,,,,,,,,,,,,,
train_7772,,,,,,,,,,,,,
train_7773,,,,,,,,,,,,,
train_7774,,,,,,,,,,,,,
train_7775,,,,,,,,,,,,,
train_7776,,,,,,,,,,,,,
train_7777,,,,,,,,,,,,,
train_7778,,,,,,,,,,,,,
train_7779,,,,,,,,,,,,,
train_7780,,,,,,,,,,,,,
train_7781,,,,,,,,,,,,,
train_7782,,,,,,,,,,,,,
train_7783,,,,,,,,,,,,,
train_7784,,,,,,,,,,,,,
train_7785,,,,,,,,,,,,,
train_7786,,,,,,,,,,,,,
train_7787,,,,,,,,,,,,,
train_7788,,,,,,,,,,,,,
train_7789,,,,,,,,,,,,,
train_7790,,,,,,,,,,,,,
train_7791,,,,,,,,,,,,,
train_7792,,,,,,,,,,,,,
train_7793,,,,,,,,,,,,,
train_7794,,,,,,,,,,,,,
train_7795,,,,,,,,,,,,,
train_7796,,,,,,,,,,,,,
train_7797,,,,,,,,,,,,,
train_7798,,,,,,,,,,,,,
train_7799,,,,,,,,,,,,,
train_7800,,,,,,,,,,,,,
train_7801,,,,,,,,,,,,,
train_7802,,,,,,,,,,,,,
train_7803,,,,,,,,,,,,,
train_7804,,,,,,,,,,,,,
train_7805,,,,,,,,,,,,,
train_7806,,,,,,,,,,,,,
train_7807,,,,,,,,,,,,,
train_7808,,,,,,,,,,,,,
train_7809,,,,,,,,,,,,,
train_7810,,,,,,,,,,,,,
train_7811,,,,,,,,,,,,,
train_7812,,,,,,,,,,,,,
train_7813,,,,,,,,,,,,,
train_7814,,,,,,,,,,,,,
train_7815,,,,,,,,,,,,,
train_7816,,,,,,,,,,,,,
train_7817,,,,,,,,,,,,,
train_7818,,,,,,,,,,,,,
train_7819,,,,,,,,,,,,,
train_7820,,,,,,,,,,,,,
train_7821,,,,,,,,,,,,,
train_7822,,,,,,,,,,,,,
train_7823,,,,,,,,,,,,,
train_7824,,,,,,,,,,,,,
train_7825,,,,,,,,,,,,,
train_7826,,,,,,,,,,,,,
train_7827,,,,,,,,,,,,,
train_7828,,,,,,,,,,,,,
train_7829,,,,,,,,,,,,,
train_7830,,,,,,,,,,,,,
train_7831,,,,,,,,,,,,,
train_7832,,,,,,,,,,,,,
train_7833,,,,,,,,,,,,,
train_7834,,,,,,,,,,,,,
train_7835,,,,,,,,,,,,,
train_7836,,,,,,,,,,,,,
train_7837,,,,,,,,,,,,,
train_7838,,,,,,,,,,,,,
train_7839,,,,,,,,,,,,,
train_7840,,,,,,,,,,,,,
train_7841,,,,,,,,,,,,,
train_7842,,,,,,,,,,,,,
train_7843,,,,,,,,,,,,,
train_7844,,,,,,,,,,,,,
train_7845,,,,,,,,,,,,,
train_7846,,,,,,,,,,,,,
train_7847,,,,,,,,,,,,,
train_7848,,,,,,,,,,,,,
train_7849,,,,,,,,,,,,,
train_7850,,,,,,,,,,,,,
train_7851,,,,,,,,,,,,,
train_7852,,,,,,,,,,,,,
train_7853,,,,,,,,,,,,,
train_7854,,,,,,,,,,,,,
train_7855,,,,,,,,,,,,,
train_7856,,,,,,,,,,,,,
train_7857,,,,,,,,,,,,,
train_7858,,,,,,,,,,,,,
train_7859,,,,,,,,,,,,,
train_7860,,,,,,,,,,,,,
train_7861,,,,,,,,,,,,,
train_7862,,,,,,,,,,,,,
train_7863,,,,,,,,,,,,,
train_7864,,,,,,,,,,,,,
train_7865,,,,,,,,,,,,,
train_7866,,,,,,,,,,,,,
train_7867,,,,,,,,,,,,,
train_7868,,,,,,,,,,,,,
train_7869,,,,,,,,,,,,,
train_7870,,,,,,,,,,,,,
train_7871,,,,,,,,,,,,,
train_7872,,,,,,,,,,,,,
train_7873,,,,,,,,,,,,,
train_7874,,,,,,,,,,,,,
train_7875,,,,,,,,,,,,,
train_7876,,,,,,,,,,,,,
train_7877,,,,,,,,,,,,,
train_7878,,,,,,,,,,,,,
train_7879,,,,,,,,,,,,,
train_7880,,,,,,,,,,,,,
train_7881,,,,,,,,,,,,,
train_7882,,,,,,,,,,,,,
train_7883,,,,,,,,,,,,,
train_7884,,,,,,,,,,,,,
train_7885,,,,,,,,,,,,,
train_7886,,,,,,,,,,,,,
train_7887,,,,,,,,,,,,,
train_7888,,,,,,,,,,,,,
train_7889,,,,,,,,,,,,,
train_7890,,,,,,,,,,,,,
train_7891,,,,,,,,,,,,,
train_7892,,,,,,,,,,,,,
train_7893,,,,,,,,,,,,,
train_7894,,,,,,,,,,,,,
train_7895,,,,,,,,,,,,,
train_7896,,,,,,,,,,,,,
train_7897,,,,,,,,,,,,,
train_7898,,,,,,,,,,,,,
train_7899,,,,,,,,,,,,,
train_7900,,,,,,,,,,,,,
train_7901,,,,,,,,,,,,,
train_7902,,,,,,,,,,,,,
train_7903,,,,,,,,,,,,,
train_7904,,,,,,,,,,,,,
train_7905,,,,,,,,,,,,,
train_7906,,,,,,,,,,,,,
train_7907,,,,,,,,,,,,,
train_7908,,,,,,,,,,,,,
train_7909,,,,,,,,,,,,,
train_7910,,,,,,,,,,,,,
train_7911,,,,,,,,,,,,,
train_7912,,,,,,,,,,,,,
train_7913,,,,,,,,,,,,,
train_7914,,,,,,,,,,,,,
train_7915,,,,,,,,,,,,,
train_7916,,,,,,,,,,,,,
train_7917,,,,,,,,,,,,,
train_7918,,,,,,,,,,,,,
train_7919,,,,,,,,,,,,,
train_7920,,,,,,,,,,,,,
train_7921,,,,,,,,,,,,,
train_7922,,,,,,,,,,,,,
train_7923,,,,,,,,,,,,,
train_7924,,,,,,,,,,,,,
train_7925,,,,,,,,,,,,,
train_7926,,,,,,,,,,,,,
train_7927,,,,,,,,,,,,,
train_7928,,,,,,,,,,,,,
train_7929,,,,,,,,,,,,,
train_7930,,,,,,,,,,,,,
train_7931,,,,,,,,,,,,,
train_7932,,,,,,,,,,,,,
train_7933,,,,,,,,,,,,,
train_7934,,,,,,,,,,,,,
train_7935,,,,,,,,,,,,,
train_7936,,,,,,,,,,,,,
train_7937,,,,,,,,,,,,,
train_7938,,,,,,,,,,,,,
train_7939,,,,,,,,,,,,,
train_7940,,,,,,,,,,,,,
train_7941,,,,,,,,,,,,,
train_7942,,,,,,,,,,,,,
train_7943,,,,,,,,,,,,,
train_7944,,,,,,,,,,,,,
train_7945,,,,,,,,,,,,,
train_7946,,,,,,,,,,,,,
train_7947,,,,,,,,,,,,,
train_7948,,,,,,,,,,,,,
train_7949,,,,,,,,,,,,,
train_7950,,,,,,,,,,,,,
train_7951,,,,,,,,,,,,,
train_7952,,,,,,,,,,,,,
train_7953,,,,,,,,,,,,,
train_7954,,,,,,,,,,,,,
train_7955,,,,,,,,,,,,,
train_7956,,,,,,,,,,,,,
train_7957,,,,,,,,,,,,,
train_7958,,,,,,,,,,,,,
train_7959,,,,,,,,,,,,,
train_7960,,,,,,,,,,,,,
train_7961,,,,,,,,,,,,,
train_7962,,,,,,,,,,,,,
train_7963,,,,,,,,,,,,,
train_7964,,,,,,,,,,,,,
train_7965,,,,,,,,,,,,,
train_7966,,,,,,,,,,,,,
train_7967,,,,,,,,,,,,,
train_7968,,,,,,,,,,,,,
train_7969,,,,,,,,,,,,,
train_7970,,,,,,,,,,,,,
train_7971,,,,,,,,,,,,,
train_7972,,,,,,,,,,,,,
train_7973,,,,,,,,,,,,,
train_7974,,,,,,,,,,,,,
train_7975,,,,,,,,,,,,,
train_7976,,,,,,,,,,,,,
train_7977,,,,,,,,,,,,,
train_7978,,,,,,,,,,,,,
train_7979,,,,,,,,,,,,,
train_7980,,,,,,,,,,,,,
train_7981,,,,,,,,,,,,,
train_7982,,,,,,,,,,,,,
train_7983,,,,,,,,,,,,,
train_7984,,,,,,,,,,,,,
train_7985,,,,,,,,,,,,,
train_7986,,,,,,,,,,,,,
train_7987,,,,,,,,,,,,,
train_7988,,,,,,,,,,,,,
train_7989,,,,,,,,,,,,,
train_7990,,,,,,,,,,,,,
train_7991,,,,,,,,,,,,,
train_7992,,,,,,,,,,,,,
train_7993,,,,,,,,,,,,,
train_7994,,,,,,,,,,,,,
train_7995,,,,,,,,,,,,,
train_7996,,,,,,,,,,,,,
train_7997,,,,,,,,,,,,,
train_7998,,,,,,,,,,,,,
train_7999,,,,,,,,,,,,,
train_8000,,,,,,,,,,,,,
train_8001,,,,,,,,,,,,,
train_8002,,,,,,,,,,,,,
train_8003,,,,,,,,,,,,,
train_8004,,,,,,,,,,,,,
train_8005,,,,,,,,,,,,,
train_8006,,,,,,,,,,,,,
train_8007,,,,,,,,,,,,,
train_8008,,,,,,,,,,,,,
train_8009,,,,,,,,,,,,,
train_8010,,,,,,,,,,,,,
train_8011,,,,,,,,,,,,,
train_8012,,,,,,,,,,,,,
train_8013,,,,,,,,,,,,,
train_8014,,,,,,,,,,,,,
train_8015,,,,,,,,,,,,,
train_8016,,,,,,,,,,,,,
train_8017,,,,,,,,,,,,,
train_8018,,,,,,,,,,,,,
train_8019,,,,,,,,,,,,,
train_8020,,,,,,,,,,,,,
train_8021,,,,,,,,,,,,,
train_8022,,,,,,,,,,,,,
train_8023,,,,,,,,,,,,,
train_8024,,,,,,,,,,,,,
train_8025,,,,,,,,,,,,,
train_8026,,,,,,,,,,,,,
train_8027,,,,,,,,,,,,,
train_8028,,,,,,,,,,,,,
train_8029,,,,,,,,,,,,,
train_8030,,,,,,,,,,,,,
train_8031,,,,,,,,,,,,,
train_8032,,,,,,,,,,,,,
train_8033,,,,,,,,,,,,,
train_8034,,,,,,,,,,,,,
train_8035,,,,,,,,,,,,,
train_8036,,,,,,,,,,,,,
train_8037,,,,,,,,,,,,,
train_8038,,,,,,,,,,,,,
train_8039,,,,,,,,,,,,,
train_8040,,,,,,,,,,,,,
train_8041,,,,,,,,,,,,,
train_8042,,,,,,,,,,,,,
train_8043,,,,,,,,,,,,,
train_8044,,,,,,,,,,,,,
train_8045,,,,,,,,,,,,,
train_8046,,,,,,,,,,,,,
train_8047,,,,,,,,,,,,,
train_8048,,,,,,,,,,,,,
train_8049,,,,,,,,,,,,,
train_8050,,,,,,,,,,,,,
train_8051,,,,,,,,,,,,,
train_8052,,,,,,,,,,,,,
train_8053,,,,,,,,,,,,,
train_8054,,,,,,,,,,,,,
train_8055,,,,,,,,,,,,,
train_8056,,,,,,,,,,,,,
train_8057,,,,,,,,,,,,,
train_8058,,,,,,,,,,,,,
train_8059,,,,,,,,,,,,,
train_8060,,,,,,,,,,,,,
train_8061,,,,,,,,,,,,,
train_8062,,,,,,,,,,,,,
train_8063,,,,,,,,,,,,,
train_8064,,,,,,,,,,,,,
train_8065,,,,,,,,,,,,,
train_8066,,,,,,,,,,,,,
train_8067,,,,,,,,,,,,,
train_8068,,,,,,,,,,,,,
train_8069,,,,,,,,,,,,,
train_8070,,,,,,,,,,,,,
train_8071,,,,,,,,,,,,,
train_8072,,,,,,,,,,,,,
train_8073,,,,,,,,,,,,,
train_8074,,,,,,,,,,,,,
train_8075,,,,,,,,,,,,,
train_8076,,,,,,,,,,,,,
train_8077,,,,,,,,,,,,,
train_8078,,,,,,,,,,,,,
train_8079,,,,,,,,,,,,,
train_8080,,,,,,,,,,,,,
train_8081,,,,,,,,,,,,,
train_8082,,,,,,,,,,,,,
train_8083,,,,,,,,,,,,,
train_8084,,,,,,,,,,,,,
train_8085,,,,,,,,,,,,,
train_8086,,,,,,,,,,,,,
train_8087,,,,,,,,,,,,,
train_8088,,,,,,,,,,,,,
train_8089,,,,,,,,,,,,,
train_8090,,,,,,,,,,,,,
train_8091,,,,,,,,,,,,,
train_8092,,,,,,,,,,,,,
train_8093,,,,,,,,,,,,,
train_8094,,,,,,,,,,,,,
train_8095,,,,,,,,,,,,,
train_8096,,,,,,,,,,,,,
train_8097,,,,,,,,,,,,,
train_8098,,,,,,,,,,,,,
train_8099,,,,,,,,,,,,,
train_8100,,,,,,,,,,,,,
train_8101,,,,,,,,,,,,,
train_8102,,,,,,,,,,,,,
train_8103,,,,,,,,,,,,,
train_8104,,,,,,,,,,,,,
train_8105,,,,,,,,,,,,,
train_8106,,,,,,,,,,,,,
train_8107,,,,,,,,,,,,,
train_8108,,,,,,,,,,,,,
train_8109,,,,,,,,,,,,,
train_8110,,,,,,,,,,,,,
train_8111,,,,,,,,,,,,,
train_8112,,,,,,,,,,,,,
train_8113,,,,,,,,,,,,,
train_8114,,,,,,,,,,,,,
train_8115,,,,,,,,,,,,,
train_8116,,,,,,,,,,,,,
train_8117,,,,,,,,,,,,,
train_8118,,,,,,,,,,,,,
train_8119,,,,,,,,,,,,,
train_8120,,,,,,,,,,,,,
train_8121,,,,,,,,,,,,,
train_8122,,,,,,,,,,,,,
train_8123,,,,,,,,,,,,,
train_8124,,,,,,,,,,,,,
train_8125,,,,,,,,,,,,,
train_8126,,,,,,,,,,,,,
train_8127,,,,,,,,,,,,,
train_8128,,,,,,,,,,,,,
train_8129,,,,,,,,,,,,,
train_8130,,,,,,,,,,,,,
train_8131,,,,,,,,,,,,,
train_8132,,,,,,,,,,,,,
train_8133,,,,,,,,,,,,,
train_8134,,,,,,,,,,,,,
train_8135,,,,,,,,,,,,,
train_8136,,,,,,,,,,,,,
train_8137,,,,,,,,,,,,,
train_8138,,,,,,,,,,,,,
train_8139,,,,,,,,,,,,,
train_8140,,,,,,,,,,,,,
train_8141,,,,,,,,,,,,,
train_8142,,,,,,,,,,,,,
train_8143,,,,,,,,,,,,,
train_8144,,,,,,,,,,,,,
train_8145,,,,,,,,,,,,,
train_8146,,,,,,,,,,,,,
train_8147,,,,,,,,,,,,,
train_8148,,,,,,,,,,,,,
train_8149,,,,,,,,,,,,,
train_8150,,,,,,,,,,,,,
train_8151,,,,,,,,,,,,,
train_8152,,,,,,,,,,,,,
train_8153,,,,,,,,,,,,,
train_8154,,,,,,,,,,,,,
train_8155,,,,,,,,,,,,,
train_8156,,,,,,,,,,,,,
train_8157,,,,,,,,,,,,,
train_8158,,,,,,,,,,,,,
train_8159,,,,,,,,,,,,,
train_8160,,,,,,,,,,,,,
train_8161,,,,,,,,,,,,,
train_8162,,,,,,,,,,,,,
train_8163,,,,,,,,,,,,,
train_8164,,,,,,,,,,,,,
train_8165,,,,,,,,,,,,,
train_8166,,,,,,,,,,,,,
train_8167,,,,,,,,,,,,,
train_8168,,,,,,,,,,,,,
train_8169,,,,,,,,,,,,,
train_8170,,,,,,,,,,,,,
train_8171,,,,,,,,,,,,,
train_8172,,,,,,,,,,,,,
train_8173,,,,,,,,,,,,,
train_8174,,,,,,,,,,,,,
train_8175,,,,,,,,,,,,,
train_8176,,,,,,,,,,,,,
train_8177,,,,,,,,,,,,,
train_8178,,,,,,,,,,,,,
train_8179,,,,,,,,,,,,,
train_8180,,,,,,,,,,,,,
train_8181,,,,,,,,,,,,,
train_8182,,,,,,,,,,,,,
train_8183,,,,,,,,,,,,,
train_8184,,,,,,,,,,,,,
train_8185,,,,,,,,,,,,,
train_8186,,,,,,,,,,,,,
train_8187,,,,,,,,,,,,,
train_8188,,,,,,,,,,,,,
train_8189,,,,,,,,,,,,,
train_8190,,,,,,,,,,,,,
train_8191,,,,,,,,,,,,,
train_8192,,,,,,,,,,,,,
train_8193,,,,,,,,,,,,,
train_8194,,,,,,,,,,,,,
train_8195,,,,,,,,,,,,,
train_8196,,,,,,,,,,,,,
train_8197,,,,,,,,,,,,,
train_8198,,,,,,,,,,,,,
train_8199,,,,,,,,,,,,,
train_8200,,,,,,,,,,,,,
train_8201,,,,,,,,,,,,,
train_8202,,,,,,,,,,,,,
train_8203,,,,,,,,,,,,,
train_8204,,,,,,,,,,,,,
train_8205,,,,,,,,,,,,,
train_8206,,,,,,,,,,,,,
train_8207,,,,,,,,,,,,,
train_8208,,,,,,,,,,,,,
train_8209,,,,,,,,,,,,,
train_8210,,,,,,,,,,,,,
train_8211,,,,,,,,,,,,,
train_8212,,,,,,,,,,,,,
train_8213,,,,,,,,,,,,,
train_8214,,,,,,,,,,,,,
train_8215,,,,,,,,,,,,,
train_8216,,,,,,,,,,,,,
train_8217,,,,,,,,,,,,,
train_8218,,,,,,,,,,,,,
train_8219,,,,,,,,,,,,,
train_8220,,,,,,,,,,,,,
train_8221,,,,,,,,,,,,,
train_8222,,,,,,,,,,,,,
train_8223,,,,,,,,,,,,,
train_8224,,,,,,,,,,,,,
train_8225,,,,,,,,,,,,,
train_8226,,,,,,,,,,,,,
train_8227,,,,,,,,,,,,,
train_8228,,,,,,,,,,,,,
train_8229,,,,,,,,,,,,,
train_8230,,,,,,,,,,,,,
train_8231,,,,,,,,,,,,,
train_8232,,,,,,,,,,,,,
train_8233,,,,,,,,,,,,,
train_8234,,,,,,,,,,,,,
train_8235,,,,,,,,,,,,,
train_8236,,,,,,,,,,,,,
train_8237,,,,,,,,,,,,,
train_8238,,,,,,,,,,,,,
train_8239,,,,,,,,,,,,,
train_8240,,,,,,,,,,,,,
train_8241,,,,,,,,,,,,,
train_8242,,,,,,,,,,,,,
train_8243,,,,,,,,,,,,,
train_8244,,,,,,,,,,,,,
train_8245,,,,,,,,,,,,,
train_8246,,,,,,,,,,,,,
train_8247,,,,,,,,,,,,,
train_8248,,,,,,,,,,,,,
train_8249,,,,,,,,,,,,,
train_8250,,,,,,,,,,,,,
train_8251,,,,,,,,,,,,,
train_8252,,,,,,,,,,,,,
train_8253,,,,,,,,,,,,,
train_8254,,,,,,,,,,,,,
train_8255,,,,,,,,,,,,,
train_8256,,,,,,,,,,,,,
train_8257,,,,,,,,,,,,,
train_8258,,,,,,,,,,,,,
train_8259,,,,,,,,,,,,,
train_8260,,,,,,,,,,,,,
train_8261,,,,,,,,,,,,,
train_8262,,,,,,,,,,,,,
train_8263,,,,,,,,,,,,,
train_8264,,,,,,,,,,,,,
train_8265,,,,,,,,,,,,,
train_8266,,,,,,,,,,,,,
train_8267,,,,,,,,,,,,,
train_8268,,,,,,,,,,,,,
train_8269,,,,,,,,,,,,,
train_8270,,,,,,,,,,,,,
train_8271,,,,,,,,,,,,,
train_8272,,,,,,,,,,,,,
train_8273,,,,,,,,,,,,,
train_8274,,,,,,,,,,,,,
train_8275,,,,,,,,,,,,,
train_8276,,,,,,,,,,,,,
train_8277,,,,,,,,,,,,,
train_8278,,,,,,,,,,,,,
train_8279,,,,,,,,,,,,,
train_8280,,,,,,,,,,,,,
train_8281,,,,,,,,,,,,,
train_8282,,,,,,,,,,,,,
train_8283,,,,,,,,,,,,,
train_8284,,,,,,,,,,,,,
train_8285,,,,,,,,,,,,,
train_8286,,,,,,,,,,,,,
train_8287,,,,,,,,,,,,,
train_8288,,,,,,,,,,,,,
train_8289,,,,,,,,,,,,,
train_8290,,,,,,,,,,,,,
train_8291,,,,,,,,,,,,,
train_8292,,,,,,,,,,,,,
train_8293,,,,,,,,,,,,,
train_8294,,,,,,,,,,,,,
train_8295,,,,,,,,,,,,,
train_8296,,,,,,,,,,,,,
train_8297,,,,,,,,,,,,,
train_8298,,,,,,,,,,,,,
train_8299,,,,,,,,,,,,,
train_8300,,,,,,,,,,,,,
train_8301,,,,,,,,,,,,,
train_8302,,,,,,,,,,,,,
train_8303,,,,,,,,,,,,,
train_8304,,,,,,,,,,,,,
train_8305,,,,,,,,,,,,,
train_8306,,,,,,,,,,,,,
train_8307,,,,,,,,,,,,,
train_8308,,,,,,,,,,,,,
train_8309,,,,,,,,,,,,,
train_8310,,,,,,,,,,,,,
train_8311,,,,,,,,,,,,,
train_8312,,,,,,,,,,,,,
train_8313,,,,,,,,,,,,,
train_8314,,,,,,,,,,,,,
train_8315,,,,,,,,,,,,,
train_8316,,,,,,,,,,,,,
train_8317,,,,,,,,,,,,,
train_8318,,,,,,,,,,,,,
train_8319,,,,,,,,,,,,,
train_8320,,,,,,,,,,,,,
train_8321,,,,,,,,,,,,,
train_8322,,,,,,,,,,,,,
train_8323,,,,,,,,,,,,,
train_8324,,,,,,,,,,,,,
train_8325,,,,,,,,,,,,,
train_8326,,,,,,,,,,,,,
train_8327,,,,,,,,,,,,,
train_8328,,,,,,,,,,,,,
train_8329,,,,,,,,,,,,,
train_8330,,,,,,,,,,,,,
train_8331,,,,,,,,,,,,,
train_8332,,,,,,,,,,,,,
train_8333,,,,,,,,,,,,,
train_8334,,,,,,,,,,,,,
train_8335,,,,,,,,,,,,,
train_8336,,,,,,,,,,,,,
train_8337,,,,,,,,,,,,,
train_8338,,,,,,,,,,,,,
train_8339,,,,,,,,,,,,,
train_8340,,,,,,,,,,,,,
train_8341,,,,,,,,,,,,,
train_8342,,,,,,,,,,,,,
train_8343,,,,,,,,,,,,,
train_8344,,,,,,,,,,,,,
train_8345,,,,,,,,,,,,,
train_8346,,,,,,,,,,,,,
train_8347,,,,,,,,,,,,,
train_8348,,,,,,,,,,,,,
train_8349,,,,,,,,,,,,,
train_8350,,,,,,,,,,,,,
train_8351,,,,,,,,,,,,,
train_8352,,,,,,,,,,,,,
train_8353,,,,,,,,,,,,,
train_8354,,,,,,,,,,,,,
train_8355,,,,,,,,,,,,,
train_8356,,,,,,,,,,,,,
train_8357,,,,,,,,,,,,,
train_8358,,,,,,,,,,,,,
train_8359,,,,,,,,,,,,,
train_8360,,,,,,,,,,,,,
train_8361,,,,,,,,,,,,,
train_8362,,,,,,,,,,,,,
train_8363,,,,,,,,,,,,,
train_8364,,,,,,,,,,,,,
train_8365,,,,,,,,,,,,,
train_8366,,,,,,,,,,,,,
train_8367,,,,,,,,,,,,,
train_8368,,,,,,,,,,,,,
train_8369,,,,,,,,,,,,,
train_8370,,,,,,,,,,,,,
train_8371,,,,,,,,,,,,,
train_8372,,,,,,,,,,,,,
train_8373,,,,,,,,,,,,,
train_8374,,,,,,,,,,,,,
train_8375,,,,,,,,,,,,,
train_8376,,,,,,,,,,,,,
train_8377,,,,,,,,,,,,,
train_8378,,,,,,,,,,,,,
train_8379,,,,,,,,,,,,,
train_8380,,,,,,,,,,,,,
train_8381,,,,,,,,,,,,,
train_8382,,,,,,,,,,,,,
train_8383,,,,,,,,,,,,,
train_8384,,,,,,,,,,,,,
train_8385,,,,,,,,,,,,,
train_8386,,,,,,,,,,,,,
train_8387,,,,,,,,,,,,,
train_8388,,,,,,,,,,,,,
train_8389,,,,,,,,,,,,,
train_8390,,,,,,,,,,,,,
train_8391,,,,,,,,,,,,,
train_8392,,,,,,,,,,,,,
train_8393,,,,,,,,,,,,,
train_8394,,,,,,,,,,,,,
train_8395,,,,,,,,,,,,,
train_8396,,,,,,,,,,,,,
train_8397,,,,,,,,,,,,,
train_8398,,,,,,,,,,,,,
train_8399,,,,,,,,,,,,,
train_8400,,,,,,,,,,,,,
train_8401,,,,,,,,,,,,,
train_8402,,,,,,,,,,,,,
train_8403,,,,,,,,,,,,,
train_8404,,,,,,,,,,,,,
train_8405,,,,,,,,,,,,,
train_8406,,,,,,,,,,,,,
train_8407,,,,,,,,,,,,,
train_8408,,,,,,,,,,,,,
train_8409,,,,,,,,,,,,,
train_8410,,,,,,,,,,,,,
train_8411,,,,,,,,,,,,,
train_8412,,,,,,,,,,,,,
train_8413,,,,,,,,,,,,,
train_8414,,,,,,,,,,,,,
train_8415,,,,,,,,,,,,,
train_8416,,,,,,,,,,,,,
train_8417,,,,,,,,,,,,,
train_8418,,,,,,,,,,,,,
train_8419,,,,,,,,,,,,,
train_8420,,,,,,,,,,,,,
train_8421,,,,,,,,,,,,,
train_8422,,,,,,,,,,,,,
train_8423,,,,,,,,,,,,,
train_8424,,,,,,,,,,,,,
train_8425,,,,,,,,,,,,,
train_8426,,,,,,,,,,,,,
train_8427,,,,,,,,,,,,,
train_8428,,,,,,,,,,,,,
train_8429,,,,,,,,,,,,,
train_8430,,,,,,,,,,,,,
train_8431,,,,,,,,,,,,,
train_8432,,,,,,,,,,,,,
train_8433,,,,,,,,,,,,,
train_8434,,,,,,,,,,,,,
train_8435,,,,,,,,,,,,,
train_8436,,,,,,,,,,,,,
train_8437,,,,,,,,,,,,,
train_8438,,,,,,,,,,,,,
train_8439,,,,,,,,,,,,,
train_8440,,,,,,,,,,,,,
train_8441,,,,,,,,,,,,,
train_8442,,,,,,,,,,,,,
train_8443,,,,,,,,,,,,,
train_8444,,,,,,,,,,,,,
train_8445,,,,,,,,,,,,,
train_8446,,,,,,,,,,,,,
train_8447,,,,,,,,,,,,,
train_8448,,,,,,,,,,,,,
train_8449,,,,,,,,,,,,,
train_8450,,,,,,,,,,,,,
train_8451,,,,,,,,,,,,,
train_8452,,,,,,,,,,,,,
train_8453,,,,,,,,,,,,,
train_8454,,,,,,,,,,,,,
train_8455,,,,,,,,,,,,,
train_8456,,,,,,,,,,,,,
train_8457,,,,,,,,,,,,,
train_8458,,,,,,,,,,,,,
train_8459,,,,,,,,,,,,,
train_8460,,,,,,,,,,,,,
train_8461,,,,,,,,,,,,,
train_8462,,,,,,,,,,,,,
train_8463,,,,,,,,,,,,,
train_8464,,,,,,,,,,,,,
train_8465,,,,,,,,,,,,,
train_8466,,,,,,,,,,,,,
train_8467,,,,,,,,,,,,,
train_8468,,,,,,,,,,,,,
train_8469,,,,,,,,,,,,,
train_8470,,,,,,,,,,,,,
train_8471,,,,,,,,,,,,,
train_8472,,,,,,,,,,,,,
train_8473,,,,,,,,,,,,,
train_8474,,,,,,,,,,,,,
train_8475,,,,,,,,,,,,,
train_8476,,,,,,,,,,,,,
train_8477,,,,,,,,,,,,,
train_8478,,,,,,,,,,,,,
train_8479,,,,,,,,,,,,,
train_8480,,,,,,,,,,,,,
train_8481,,,,,,,,,,,,,
train_8482,,,,,,,,,,,,,
train_8483,,,,,,,,,,,,,
train_8484,,,,,,,,,,,,,
train_8485,,,,,,,,,,,,,
train_8486,,,,,,,,,,,,,
train_8487,,,,,,,,,,,,,
train_8488,,,,,,,,,,,,,
train_8489,,,,,,,,,,,,,
train_8490,,,,,,,,,,,,,
train_8491,,,,,,,,,,,,,
train_8492,,,,,,,,,,,,,
train_8493,,,,,,,,,,,,,
train_8494,,,,,,,,,,,,,
train_8495,,,,,,,,,,,,,
train_8496,,,,,,,,,,,,,
train_8497,,,,,,,,,,,,,
train_8498,,,,,,,,,,,,,
train_8499,,,,,,,,,,,,,
train_8500,,,,,,,,,,,,,
train_8501,,,,,,,,,,,,,
train_8502,,,,,,,,,,,,,
train_8503,,,,,,,,,,,,,
train_8504,,,,,,,,,,,,,
train_8505,,,,,,,,,,,,,
train_8506,,,,,,,,,,,,,
train_8507,,,,,,,,,,,,,
train_8508,,,,,,,,,,,,,
train_8509,,,,,,,,,,,,,
train_8510,,,,,,,,,,,,,
train_8511,,,,,,,,,,,,,
train_8512,,,,,,,,,,,,,
train_8513,,,,,,,,,,,,,
train_8514,,,,,,,,,,,,,
train_8515,,,,,,,,,,,,,
train_8516,,,,,,,,,,,,,
train_8517,,,,,,,,,,,,,
train_8518,,,,,,,,,,,,,
train_8519,,,,,,,,,,,,,
train_8520,,,,,,,,,,,,,
train_8521,,,,,,,,,,,,,
train_8522,,,,,,,,,,,,,
train_8523,,,,,,,,,,,,,
train_8524,,,,,,,,,,,,,
train_8525,,,,,,,,,,,,,
train_8526,,,,,,,,,,,,,
train_8527,,,,,,,,,,,,,
train_8528,,,,,,,,,,,,,
train_8529,,,,,,,,,,,,,
train_8530,,,,,,,,,,,,,
train_8531,,,,,,,,,,,,,
train_8532,,,,,,,,,,,,,
train_8533,,,,,,,,,,,,,
train_8534,,,,,,,,,,,,,
train_8535,,,,,,,,,,,,,
train_8536,,,,,,,,,,,,,
train_8537,,,,,,,,,,,,,
train_8538,,,,,,,,,,,,,
train_8539,,,,,,,,,,,,,
train_8540,,,,,,,,,,,,,
train_8541,,,,,,,,,,,,,
train_8542,,,,,,,,,,,,,
train_8543,,,,,,,,,,,,,
train_8544,,,,,,,,,,,,,
train_8545,,,,,,,,,,,,,
train_8546,,,,,,,,,,,,,
train_8547,,,,,,,,,,,,,
train_8548,,,,,,,,,,,,,
train_8549,,,,,,,,,,,,,
train_8550,,,,,,,,,,,,,
train_8551,,,,,,,,,,,,,
train_8552,,,,,,,,,,,,,
train_8553,,,,,,,,,,,,,
train_8554,,,,,,,,,,,,,
train_8555,,,,,,,,,,,,,
train_8556,,,,,,,,,,,,,
train_8557,,,,,,,,,,,,,
train_8558,,,,,,,,,,,,,
train_8559,,,,,,,,,,,,,
train_8560,,,,,,,,,,,,,
train_8561,,,,,,,,,,,,,
train_8562,,,,,,,,,,,,,
train_8563,,,,,,,,,,,,,
train_8564,,,,,,,,,,,,,
train_8565,,,,,,,,,,,,,
train_8566,,,,,,,,,,,,,
train_8567,,,,,,,,,,,,,
train_8568,,,,,,,,,,,,,
train_8569,,,,,,,,,,,,,
train_8570,,,,,,,,,,,,,
train_8571,,,,,,,,,,,,,
train_8572,,,,,,,,,,,,,
train_8573,,,,,,,,,,,,,
train_8574,,,,,,,,,,,,,
train_8575,,,,,,,,,,,,,
train_8576,,,,,,,,,,,,,
train_8577,,,,,,,,,,,,,
train_8578,,,,,,,,,,,,,
train_8579,,,,,,,,,,,,,
train_8580,,,,,,,,,,,,,
train_8581,,,,,,,,,,,,,
train_8582,,,,,,,,,,,,,
train_8583,,,,,,,,,,,,,
train_8584,,,,,,,,,,,,,
train_8585,,,,,,,,,,,,,
train_8586,,,,,,,,,,,,,
train_8587,,,,,,,,,,,,,
train_8588,,,,,,,,,,,,,
train_8589,,,,,,,,,,,,,
train_8590,,,,,,,,,,,,,
train_8591,,,,,,,,,,,,,
train_8592,,,,,,,,,,,,,
train_8593,,,,,,,,,,,,,
train_8594,,,,,,,,,,,,,
train_8595,,,,,,,,,,,,,
train_8596,,,,,,,,,,,,,
train_8597,,,,,,,,,,,,,
train_8598,,,,,,,,,,,,,
train_8599,,,,,,,,,,,,,
train_8600,,,,,,,,,,,,,
train_8601,,,,,,,,,,,,,
train_8602,,,,,,,,,,,,,
train_8603,,,,,,,,,,,,,
train_8604,,,,,,,,,,,,,
train_8605,,,,,,,,,,,,,
train_8606,,,,,,,,,,,,,
train_8607,,,,,,,,,,,,,
train_8608,,,,,,,,,,,,,
train_8609,,,,,,,,,,,,,
train_8610,,,,,,,,,,,,,
train_8611,,,,,,,,,,,,,
train_8612,,,,,,,,,,,,,
train_8613,,,,,,,,,,,,,
train_8614,,,,,,,,,,,,,
train_8615,,,,,,,,,,,,,
train_8616,,,,,,,,,,,,,
train_8617,,,,,,,,,,,,,
train_8618,,,,,,,,,,,,,
train_8619,,,,,,,,,,,,,
train_8620,,,,,,,,,,,,,
train_8621,,,,,,,,,,,,,
train_8622,,,,,,,,,,,,,
train_8623,,,,,,,,,,,,,
train_8624,,,,,,,,,,,,,
train_8625,,,,,,,,,,,,,
train_8626,,,,,,,,,,,,,
train_8627,,,,,,,,,,,,,
train_8628,,,,,,,,,,,,,
train_8629,,,,,,,,,,,,,
train_8630,,,,,,,,,,,,,
train_8631,,,,,,,,,,,,,
train_8632,,,,,,,,,,,,,
train_8633,,,,,,,,,,,,,
train_8634,,,,,,,,,,,,,
train_8635,,,,,,,,,,,,,
train_8636,,,,,,,,,,,,,
train_8637,,,,,,,,,,,,,
train_8638,,,,,,,,,,,,,
train_8639,,,,,,,,,,,,,
train_8640,,,,,,,,,,,,,
train_8641,,,,,,,,,,,,,
train_8642,,,,,,,,,,,,,
train_8643,,,,,,,,,,,,,
train_8644,,,,,,,,,,,,,
train_8645,,,,,,,,,,,,,
train_8646,,,,,,,,,,,,,
train_8647,,,,,,,,,,,,,
train_8648,,,,,,,,,,,,,
train_8649,,,,,,,,,,,,,
train_8650,,,,,,,,,,,,,
train_8651,,,,,,,,,,,,,
train_8652,,,,,,,,,,,,,
train_8653,,,,,,,,,,,,,
train_8654,,,,,,,,,,,,,
train_8655,,,,,,,,,,,,,
train_8656,,,,,,,,,,,,,
train_8657,,,,,,,,,,,,,
train_8658,,,,,,,,,,,,,
train_8659,,,,,,,,,,,,,
train_8660,,,,,,,,,,,,,
train_8661,,,,,,,,,,,,,
train_8662,,,,,,,,,,,,,
train_8663,,,,,,,,,,,,,
train_8664,,,,,,,,,,,,,
train_8665,,,,,,,,,,,,,
train_8666,,,,,,,,,,,,,
train_8667,,,,,,,,,,,,,
train_8668,,,,,,,,,,,,,
train_8669,,,,,,,,,,,,,
train_8670,,,,,,,,,,,,,
train_8671,,,,,,,,,,,,,
train_8672,,,,,,,,,,,,,
train_8673,,,,,,,,,,,,,
train_8674,,,,,,,,,,,,,
train_8675,,,,,,,,,,,,,
train_8676,,,,,,,,,,,,,
train_8677,,,,,,,,,,,,,
train_8678,,,,,,,,,,,,,
train_8679,,,,,,,,,,,,,
train_8680,,,,,,,,,,,,,
train_8681,,,,,,,,,,,,,
train_8682,,,,,,,,,,,,,
train_8683,,,,,,,,,,,,,
train_8684,,,,,,,,,,,,,
train_8685,,,,,,,,,,,,,
train_8686,,,,,,,,,,,,,
train_8687,,,,,,,,,,,,,
train_8688,,,,,,,,,,,,,
train_8689,,,,,,,,,,,,,
train_8690,,,,,,,,,,,,,
train_8691,,,,,,,,,,,,,
train_8692,,,,,,,,,,,,,
train_8693,,,,,,,,,,,,,
train_8694,,,,,,,,,,,,,
train_8695,,,,,,,,,,,,,
train_8696,,,,,,,,,,,,,
train_8697,,,,,,,,,,,,,
train_8698,,,,,,,,,,,,,
train_8699,,,,,,,,,,,,,
train_8700,,,,,,,,,,,,,
train_8701,,,,,,,,,,,,,
train_8702,,,,,,,,,,,,,
train_8703,,,,,,,,,,,,,
train_8704,,,,,,,,,,,,,
train_8705,,,,,,,,,,,,,
train_8706,,,,,,,,,,,,,
train_8707,,,,,,,,,,,,,
train_8708,,,,,,,,,,,,,
train_8709,,,,,,,,,,,,,
train_8710,,,,,,,,,,,,,
train_8711,,,,,,,,,,,,,
train_8712,,,,,,,,,,,,,
train_8713,,,,,,,,,,,,,
train_8714,,,,,,,,,,,,,
train_8715,,,,,,,,,,,,,
train_8716,,,,,,,,,,,,,
train_8717,,,,,,,,,,,,,
train_8718,,,,,,,,,,,,,
train_8719,,,,,,,,,,,,,
train_8720,,,,,,,,,,,,,
train_8721,,,,,,,,,,,,,
train_8722,,,,,,,,,,,,,
train_8723,,,,,,,,,,,,,
train_8724,,,,,,,,,,,,,
train_8725,,,,,,,,,,,,,
train_8726,,,,,,,,,,,,,
train_8727,,,,,,,,,,,,,
train_8728,,,,,,,,,,,,,
train_8729,,,,,,,,,,,,,
train_8730,,,,,,,,,,,,,
train_8731,,,,,,,,,,,,,
train_8732,,,,,,,,,,,,,
train_8733,,,,,,,,,,,,,
train_8734,,,,,,,,,,,,,
train_8735,,,,,,,,,,,,,
train_8736,,,,,,,,,,,,,
train_8737,,,,,,,,,,,,,
train_8738,,,,,,,,,,,,,
train_8739,,,,,,,,,,,,,
train_8740,,,,,,,,,,,,,
train_8741,,,,,,,,,,,,,
train_8742,,,,,,,,,,,,,
train_8743,,,,,,,,,,,,,
train_8744,,,,,,,,,,,,,
train_8745,,,,,,,,,,,,,
train_8746,,,,,,,,,,,,,
train_8747,,,,,,,,,,,,,
train_8748,,,,,,,,,,,,,
train_8749,,,,,,,,,,,,,
train_8750,,,,,,,,,,,,,
train_8751,,,,,,,,,,,,,
train_8752,,,,,,,,,,,,,
train_8753,,,,,,,,,,,,,
train_8754,,,,,,,,,,,,,
train_8755,,,,,,,,,,,,,
train_8756,,,,,,,,,,,,,
train_8757,,,,,,,,,,,,,
train_8758,,,,,,,,,,,,,
train_8759,,,,,,,,,,,,,
train_8760,,,,,,,,,,,,,
train_8761,,,,,,,,,,,,,
train_8762,,,,,,,,,,,,,
train_8763,,,,,,,,,,,,,
train_8764,,,,,,,,,,,,,
train_8765,,,,,,,,,,,,,
train_8766,,,,,,,,,,,,,
train_8767,,,,,,,,,,,,,
train_8768,,,,,,,,,,,,,
train_8769,,,,,,,,,,,,,
train_8770,,,,,,,,,,,,,
train_8771,,,,,,,,,,,,,
train_8772,,,,,,,,,,,,,
train_8773,,,,,,,,,,,,,
train_8774,,,,,,,,,,,,,
train_8775,,,,,,,,,,,,,
train_8776,,,,,,,,,,,,,
train_8777,,,,,,,,,,,,,
train_8778,,,,,,,,,,,,,
train_8779,,,,,,,,,,,,,
train_8780,,,,,,,,,,,,,
train_8781,,,,,,,,,,,,,
train_8782,,,,,,,,,,,,,
train_8783,,,,,,,,,,,,,
train_8784,,,,,,,,,,,,,
train_8785,,,,,,,,,,,,,
train_8786,,,,,,,,,,,,,
train_8787,,,,,,,,,,,,,
train_8788,,,,,,,,,,,,,
train_8789,,,,,,,,,,,,,
train_8790,,,,,,,,,,,,,
train_8791,,,,,,,,,,,,,
train_8792,,,,,,,,,,,,,
train_8793,,,,,,,,,,,,,
train_8794,,,,,,,,,,,,,
train_8795,,,,,,,,,,,,,
train_8796,,,,,,,,,,,,,
train_8797,,,,,,,,,,,,,
train_8798,,,,,,,,,,,,,
train_8799,,,,,,,,,,,,,
train_8800,,,,,,,,,,,,,
train_8801,,,,,,,,,,,,,
train_8802,,,,,,,,,,,,,
train_8803,,,,,,,,,,,,,
train_8804,,,,,,,,,,,,,
train_8805,,,,,,,,,,,,,
train_8806,,,,,,,,,,,,,
train_8807,,,,,,,,,,,,,
train_8808,,,,,,,,,,,,,
train_8809,,,,,,,,,,,,,
train_8810,,,,,,,,,,,,,
train_8811,,,,,,,,,,,,,
train_8812,,,,,,,,,,,,,
train_8813,,,,,,,,,,,,,
train_8814,,,,,,,,,,,,,
train_8815,,,,,,,,,,,,,
train_8816,,,,,,,,,,,,,
train_8817,,,,,,,,,,,,,
train_8818,,,,,,,,,,,,,
train_8819,,,,,,,,,,,,,
train_8820,,,,,,,,,,,,,
train_8821,,,,,,,,,,,,,
train_8822,,,,,,,,,,,,,
train_8823,,,,,,,,,,,,,
train_8824,,,,,,,,,,,,,
train_8825,,,,,,,,,,,,,
train_8826,,,,,,,,,,,,,
train_8827,,,,,,,,,,,,,
train_8828,,,,,,,,,,,,,
train_8829,,,,,,,,,,,,,
train_8830,,,,,,,,,,,,,
train_8831,,,,,,,,,,,,,
train_8832,,,,,,,,,,,,,
train_8833,,,,,,,,,,,,,
train_8834,,,,,,,,,,,,,
train_8835,,,,,,,,,,,,,
train_8836,,,,,,,,,,,,,
train_8837,,,,,,,,,,,,,
train_8838,,,,,,,,,,,,,
train_8839,,,,,,,,,,,,,
train_8840,,,,,,,,,,,,,
train_8841,,,,,,,,,,,,,
train_8842,,,,,,,,,,,,,
train_8843,,,,,,,,,,,,,
train_8844,,,,,,,,,,,,,
train_8845,,,,,,,,,,,,,
train_8846,,,,,,,,,,,,,
train_8847,,,,,,,,,,,,,
train_8848,,,,,,,,,,,,,
train_8849,,,,,,,,,,,,,
train_8850,,,,,,,,,,,,,
train_8851,,,,,,,,,,,,,
train_8852,,,,,,,,,,,,,
train_8853,,,,,,,,,,,,,
train_8854,,,,,,,,,,,,,
train_8855,,,,,,,,,,,,,
train_8856,,,,,,,,,,,,,
train_8857,,,,,,,,,,,,,
train_8858,,,,,,,,,,,,,
train_8859,,,,,,,,,,,,,
train_8860,,,,,,,,,,,,,
train_8861,,,,,,,,,,,,,
train_8862,,,,,,,,,,,,,
train_8863,,,,,,,,,,,,,
train_8864,,,,,,,,,,,,,
train_8865,,,,,,,,,,,,,
train_8866,,,,,,,,,,,,,
train_8867,,,,,,,,,,,,,
train_8868,,,,,,,,,,,,,
train_8869,,,,,,,,,,,,,
train_8870,,,,,,,,,,,,,
train_8871,,,,,,,,,,,,,
train_8872,,,,,,,,,,,,,
train_8873,,,,,,,,,,,,,
train_8874,,,,,,,,,,,,,
train_8875,,,,,,,,,,,,,
train_8876,,,,,,,,,,,,,
train_8877,,,,,,,,,,,,,
train_8878,,,,,,,,,,,,,
train_8879,,,,,,,,,,,,,
train_8880,,,,,,,,,,,,,
train_8881,,,,,,,,,,,,,
train_8882,,,,,,,,,,,,,
train_8883,,,,,,,,,,,,,
train_8884,,,,,,,,,,,,,
train_8885,,,,,,,,,,,,,
train_8886,,,,,,,,,,,,,
train_8887,,,,,,,,,,,,,
train_8888,,,,,,,,,,,,,
train_8889,,,,,,,,,,,,,
train_8890,,,,,,,,,,,,,
train_8891,,,,,,,,,,,,,
train_8892,,,,,,,,,,,,,
train_8893,,,,,,,,,,,,,
train_8894,,,,,,,,,,,,,
train_8895,,,,,,,,,,,,,
train_8896,,,,,,,,,,,,,
train_8897,,,,,,,,,,,,,
train_8898,,,,,,,,,,,,,
train_8899,,,,,,,,,,,,,
train_8900,,,,,,,,,,,,,
train_8901,,,,,,,,,,,,,
train_8902,,,,,,,,,,,,,
train_8903,,,,,,,,,,,,,
train_8904,,,,,,,,,,,,,
train_8905,,,,,,,,,,,,,
train_8906,,,,,,,,,,,,,
train_8907,,,,,,,,,,,,,
train_8908,,,,,,,,,,,,,
train_8909,,,,,,,,,,,,,
train_8910,,,,,,,,,,,,,
train_8911,,,,,,,,,,,,,
train_8912,,,,,,,,,,,,,
train_8913,,,,,,,,,,,,,
train_8914,,,,,,,,,,,,,
train_8915,,,,,,,,,,,,,
train_8916,,,,,,,,,,,,,
train_8917,,,,,,,,,,,,,
train_8918,,,,,,,,,,,,,
train_8919,,,,,,,,,,,,,
train_8920,,,,,,,,,,,,,
train_8921,,,,,,,,,,,,,
train_8922,,,,,,,,,,,,,
train_8923,,,,,,,,,,,,,
train_8924,,,,,,,,,,,,,
train_8925,,,,,,,,,,,,,
train_8926,,,,,,,,,,,,,
train_8927,,,,,,,,,,,,,
train_8928,,,,,,,,,,,,,
train_8929,,,,,,,,,,,,,
train_8930,,,,,,,,,,,,,
train_8931,,,,,,,,,,,,,
train_8932,,,,,,,,,,,,,
train_8933,,,,,,,,,,,,,
train_8934,,,,,,,,,,,,,
train_8935,,,,,,,,,,,,,
train_8936,,,,,,,,,,,,,
train_8937,,,,,,,,,,,,,
train_8938,,,,,,,,,,,,,
train_8939,,,,,,,,,,,,,
train_8940,,,,,,,,,,,,,
train_8941,,,,,,,,,,,,,
train_8942,,,,,,,,,,,,,
train_8943,,,,,,,,,,,,,
train_8944,,,,,,,,,,,,,
train_8945,,,,,,,,,,,,,
train_8946,,,,,,,,,,,,,
train_8947,,,,,,,,,,,,,
train_8948,,,,,,,,,,,,,
train_8949,,,,,,,,,,,,,
train_8950,,,,,,,,,,,,,
train_8951,,,,,,,,,,,,,
train_8952,,,,,,,,,,,,,
train_8953,,,,,,,,,,,,,
train_8954,,,,,,,,,,,,,
train_8955,,,,,,,,,,,,,
train_8956,,,,,,,,,,,,,
train_8957,,,,,,,,,,,,,
train_8958,,,,,,,,,,,,,
train_8959,,,,,,,,,,,,,
train_8960,,,,,,,,,,,,,
train_8961,,,,,,,,,,,,,
train_8962,,,,,,,,,,,,,
train_8963,,,,,,,,,,,,,
train_8964,,,,,,,,,,,,,
train_8965,,,,,,,,,,,,,
train_8966,,,,,,,,,,,,,
train_8967,,,,,,,,,,,,,
train_8968,,,,,,,,,,,,,
train_8969,,,,,,,,,,,,,
train_8970,,,,,,,,,,,,,
train_8971,,,,,,,,,,,,,
train_8972,,,,,,,,,,,,,
train_8973,,,,,,,,,,,,,
train_8974,,,,,,,,,,,,,
train_8975,,,,,,,,,,,,,
train_8976,,,,,,,,,,,,,
train_8977,,,,,,,,,,,,,
train_8978,,,,,,,,,,,,,
train_8979,,,,,,,,,,,,,
train_8980,,,,,,,,,,,,,
train_8981,,,,,,,,,,,,,
train_8982,,,,,,,,,,,,,
train_8983,,,,,,,,,,,,,
train_8984,,,,,,,,,,,,,
train_8985,,,,,,,,,,,,,
train_8986,,,,,,,,,,,,,
train_8987,,,,,,,,,,,,,
train_8988,,,,,,,,,,,,,
train_8989,,,,,,,,,,,,,
train_8990,,,,,,,,,,,,,
train_8991,,,,,,,,,,,,,
train_8992,,,,,,,,,,,,,
train_8993,,,,,,,,,,,,,
train_8994,,,,,,,,,,,,,
train_8995,,,,,,,,,,,,,
train_8996,,,,,,,,,,,,,
train_8997,,,,,,,,,,,,,
train_8998,,,,,,,,,,,,,
train_8999,,,,,,,,,,,,,
train_9000,,,,,,,,,,,,,
train_9001,,,,,,,,,,,,,
train_9002,,,,,,,,,,,,,
train_9003,,,,,,,,,,,,,
train_9004,,,,,,,,,,,,,
train_9005,,,,,,,,,,,,,
train_9006,,,,,,,,,,,,,
train_9007,,,,,,,,,,,,,
train_9008,,,,,,,,,,,,,
train_9009,,,,,,,,,,,,,
train_9010,,,,,,,,,,,,,
train_9011,,,,,,,,,,,,,
train_9012,,,,,,,,,,,,,
train_9013,,,,,,,,,,,,,
train_9014,,,,,,,,,,,,,
train_9015,,,,,,,,,,,,,
train_9016,,,,,,,,,,,,,
train_9017,,,,,,,,,,,,,
train_9018,,,,,,,,,,,,,
train_9019,,,,,,,,,,,,,
train_9020,,,,,,,,,,,,,
train_9021,,,,,,,,,,,,,
train_9022,,,,,,,,,,,,,
train_9023,,,,,,,,,,,,,
train_9024,,,,,,,,,,,,,
train_9025,,,,,,,,,,,,,
train_9026,,,,,,,,,,,,,
train_9027,,,,,,,,,,,,,
train_9028,,,,,,,,,,,,,
train_9029,,,,,,,,,,,,,
train_9030,,,,,,,,,,,,,
train_9031,,,,,,,,,,,,,
train_9032,,,,,,,,,,,,,
train_9033,,,,,,,,,,,,,
train_9034,,,,,,,,,,,,,
train_9035,,,,,,,,,,,,,
train_9036,,,,,,,,,,,,,
train_9037,,,,,,,,,,,,,
train_9038,,,,,,,,,,,,,
train_9039,,,,,,,,,,,,,
train_9040,,,,,,,,,,,,,
train_9041,,,,,,,,,,,,,
train_9042,,,,,,,,,,,,,
train_9043,,,,,,,,,,,,,
train_9044,,,,,,,,,,,,,
train_9045,,,,,,,,,,,,,
train_9046,,,,,,,,,,,,,
train_9047,,,,,,,,,,,,,
train_9048,,,,,,,,,,,,,
train_9049,,,,,,,,,,,,,
train_9050,,,,,,,,,,,,,
train_9051,,,,,,,,,,,,,
train_9052,,,,,,,,,,,,,
train_9053,,,,,,,,,,,,,
train_9054,,,,,,,,,,,,,
train_9055,,,,,,,,,,,,,
train_9056,,,,,,,,,,,,,
train_9057,,,,,,,,,,,,,
train_9058,,,,,,,,,,,,,
train_9059,,,,,,,,,,,,,
train_9060,,,,,,,,,,,,,
train_9061,,,,,,,,,,,,,
train_9062,,,,,,,,,,,,,
train_9063,,,,,,,,,,,,,
train_9064,,,,,,,,,,,,,
train_9065,,,,,,,,,,,,,
train_9066,,,,,,,,,,,,,
train_9067,,,,,,,,,,,,,
train_9068,,,,,,,,,,,,,
train_9069,,,,,,,,,,,,,
train_9070,,,,,,,,,,,,,
train_9071,,,,,,,,,,,,,
train_9072,,,,,,,,,,,,,
train_9073,,,,,,,,,,,,,
train_9074,,,,,,,,,,,,,
train_9075,,,,,,,,,,,,,
train_9076,,,,,,,,,,,,,
train_9077,,,,,,,,,,,,,
train_9078,,,,,,,,,,,,,
train_9079,,,,,,,,,,,,,
train_9080,,,,,,,,,,,,,
train_9081,,,,,,,,,,,,,
train_9082,,,,,,,,,,,,,
train_9083,,,,,,,,,,,,,
train_9084,,,,,,,,,,,,,
train_9085,,,,,,,,,,,,,
train_9086,,,,,,,,,,,,,
train_9087,,,,,,,,,,,,,
train_9088,,,,,,,,,,,,,
train_9089,,,,,,,,,,,,,
train_9090,,,,,,,,,,,,,
train_9091,,,,,,,,,,,,,
train_9092,,,,,,,,,,,,,
train_9093,,,,,,,,,,,,,
train_9094,,,,,,,,,,,,,
train_9095,,,,,,,,,,,,,
train_9096,,,,,,,,,,,,,
train_9097,,,,,,,,,,,,,
train_9098,,,,,,,,,,,,,
train_9099,,,,,,,,,,,,,
train_9100,,,,,,,,,,,,,
train_9101,,,,,,,,,,,,,
train_9102,,,,,,,,,,,,,
train_9103,,,,,,,,,,,,,
train_9104,,,,,,,,,,,,,
train_9105,,,,,,,,,,,,,
train_9106,,,,,,,,,,,,,
train_9107,,,,,,,,,,,,,
train_9108,,,,,,,,,,,,,
train_9109,,,,,,,,,,,,,
train_9110,,,,,,,,,,,,,
train_9111,,,,,,,,,,,,,
train_9112,,,,,,,,,,,,,
train_9113,,,,,,,,,,,,,
train_9114,,,,,,,,,,,,,
train_9115,,,,,,,,,,,,,
train_9116,,,,,,,,,,,,,
train_9117,,,,,,,,,,,,,
train_9118,,,,,,,,,,,,,
train_9119,,,,,,,,,,,,,
train_9120,,,,,,,,,,,,,
train_9121,,,,,,,,,,,,,
train_9122,,,,,,,,,,,,,
train_9123,,,,,,,,,,,,,
train_9124,,,,,,,,,,,,,
train_9125,,,,,,,,,,,,,
train_9126,,,,,,,,,,,,,
train_9127,,,,,,,,,,,,,
train_9128,,,,,,,,,,,,,
train_9129,,,,,,,,,,,,,
train_9130,,,,,,,,,,,,,
train_9131,,,,,,,,,,,,,
train_9132,,,,,,,,,,,,,
train_9133,,,,,,,,,,,,,
train_9134,,,,,,,,,,,,,
train_9135,,,,,,,,,,,,,
train_9136,,,,,,,,,,,,,
train_9137,,,,,,,,,,,,,
train_9138,,,,,,,,,,,,,
train_9139,,,,,,,,,,,,,
train_9140,,,,,,,,,,,,,
train_9141,,,,,,,,,,,,,
train_9142,,,,,,,,,,,,,
train_9143,,,,,,,,,,,,,
train_9144,,,,,,,,,,,,,
train_9145,,,,,,,,,,,,,
train_9146,,,,,,,,,,,,,
train_9147,,,,,,,,,,,,,
train_9148,,,,,,,,,,,,,
train_9149,,,,,,,,,,,,,
train_9150,,,,,,,,,,,,,
train_9151,,,,,,,,,,,,,
train_9152,,,,,,,,,,,,,
train_9153,,,,,,,,,,,,,
train_9154,,,,,,,,,,,,,
train_9155,,,,,,,,,,,,,
train_9156,,,,,,,,,,,,,
train_9157,,,,,,,,,,,,,
train_9158,,,,,,,,,,,,,
train_9159,,,,,,,,,,,,,
train_9160,,,,,,,,,,,,,
train_9161,,,,,,,,,,,,,
train_9162,,,,,,,,,,,,,
train_9163,,,,,,,,,,,,,
train_9164,,,,,,,,,,,,,
train_9165,,,,,,,,,,,,,
train_9166,,,,,,,,,,,,,
train_9167,,,,,,,,,,,,,
train_9168,,,,,,,,,,,,,
train_9169,,,,,,,,,,,,,
train_9170,,,,,,,,,,,,,
train_9171,,,,,,,,,,,,,
train_9172,,,,,,,,,,,,,
train_9173,,,,,,,,,,,,,
train_9174,,,,,,,,,,,,,
train_9175,,,,,,,,,,,,,
train_9176,,,,,,,,,,,,,
train_9177,,,,,,,,,,,,,
train_9178,,,,,,,,,,,,,
train_9179,,,,,,,,,,,,,
train_9180,,,,,,,,,,,,,
train_9181,,,,,,,,,,,,,
train_9182,,,,,,,,,,,,,
train_9183,,,,,,,,,,,,,
train_9184,,,,,,,,,,,,,
train_9185,,,,,,,,,,,,,
train_9186,,,,,,,,,,,,,
train_9187,,,,,,,,,,,,,
train_9188,,,,,,,,,,,,,
train_9189,,,,,,,,,,,,,
train_9190,,,,,,,,,,,,,
train_9191,,,,,,,,,,,,,
train_9192,,,,,,,,,,,,,
train_9193,,,,,,,,,,,,,
train_9194,,,,,,,,,,,,,
train_9195,,,,,,,,,,,,,
train_9196,,,,,,,,,,,,,
train_9197,,,,,,,,,,,,,
train_9198,,,,,,,,,,,,,
train_9199,,,,,,,,,,,,,
train_9200,,,,,,,,,,,,,
train_9201,,,,,,,,,,,,,
train_9202,,,,,,,,,,,,,
train_9203,,,,,,,,,,,,,
train_9204,,,,,,,,,,,,,
train_9205,,,,,,,,,,,,,
train_9206,,,,,,,,,,,,,
train_9207,,,,,,,,,,,,,
train_9208,,,,,,,,,,,,,
train_9209,,,,,,,,,,,,,
train_9210,,,,,,,,,,,,,
train_9211,,,,,,,,,,,,,
train_9212,,,,,,,,,,,,,
train_9213,,,,,,,,,,,,,
train_9214,,,,,,,,,,,,,
train_9215,,,,,,,,,,,,,
train_9216,,,,,,,,,,,,,
train_9217,,,,,,,,,,,,,
train_9218,,,,,,,,,,,,,
train_9219,,,,,,,,,,,,,
train_9220,,,,,,,,,,,,,
train_9221,,,,,,,,,,,,,
train_9222,,,,,,,,,,,,,
train_9223,,,,,,,,,,,,,
train_9224,,,,,,,,,,,,,
train_9225,,,,,,,,,,,,,
train_9226,,,,,,,,,,,,,
train_9227,,,,,,,,,,,,,
train_9228,,,,,,,,,,,,,
train_9229,,,,,,,,,,,,,
train_9230,,,,,,,,,,,,,
train_9231,,,,,,,,,,,,,
train_9232,,,,,,,,,,,,,
train_9233,,,,,,,,,,,,,
train_9234,,,,,,,,,,,,,
train_9235,,,,,,,,,,,,,
train_9236,,,,,,,,,,,,,
train_9237,,,,,,,,,,,,,
train_9238,,,,,,,,,,,,,
train_9239,,,,,,,,,,,,,
train_9240,,,,,,,,,,,,,
train_9241,,,,,,,,,,,,,
train_9242,,,,,,,,,,,,,
train_9243,,,,,,,,,,,,,
train_9244,,,,,,,,,,,,,
train_9245,,,,,,,,,,,,,
train_9246,,,,,,,,,,,,,
train_9247,,,,,,,,,,,,,
train_9248,,,,,,,,,,,,,
train_9249,,,,,,,,,,,,,
train_9250,,,,,,,,,,,,,
train_9251,,,,,,,,,,,,,
train_9252,,,,,,,,,,,,,
train_9253,,,,,,,,,,,,,
train_9254,,,,,,,,,,,,,
train_9255,,,,,,,,,,,,,
train_9256,,,,,,,,,,,,,
train_9257,,,,,,,,,,,,,
train_9258,,,,,,,,,,,,,
train_9259,,,,,,,,,,,,,
train_9260,,,,,,,,,,,,,
train_9261,,,,,,,,,,,,,
train_9262,,,,,,,,,,,,,
train_9263,,,,,,,,,,,,,
train_9264,,,,,,,,,,,,,
train_9265,,,,,,,,,,,,,
train_9266,,,,,,,,,,,,,
train_9267,,,,,,,,,,,,,
train_9268,,,,,,,,,,,,,
train_9269,,,,,,,,,,,,,
train_9270,,,,,,,,,,,,,
train_9271,,,,,,,,,,,,,
train_9272,,,,,,,,,,,,,
train_9273,,,,,,,,,,,,,
train_9274,,,,,,,,,,,,,
train_9275,,,,,,,,,,,,,
train_9276,,,,,,,,,,,,,
train_9277,,,,,,,,,,,,,
train_9278,,,,,,,,,,,,,
train_9279,,,,,,,,,,,,,
train_9280,,,,,,,,,,,,,
train_9281,,,,,,,,,,,,,
train_9282,,,,,,,,,,,,,
train_9283,,,,,,,,,,,,,
train_9284,,,,,,,,,,,,,
train_9285,,,,,,,,,,,,,
train_9286,,,,,,,,,,,,,
train_9287,,,,,,,,,,,,,
train_9288,,,,,,,,,,,,,
train_9289,,,,,,,,,,,,,
train_9290,,,,,,,,,,,,,
train_9291,,,,,,,,,,,,,
train_9292,,,,,,,,,,,,,
train_9293,,,,,,,,,,,,,
train_9294,,,,,,,,,,,,,
train_9295,,,,,,,,,,,,,
train_9296,,,,,,,,,,,,,
train_9297,,,,,,,,,,,,,
train_9298,,,,,,,,,,,,,
train_9299,,,,,,,,,,,,,
train_9300,,,,,,,,,,,,,
train_9301,,,,,,,,,,,,,
train_9302,,,,,,,,,,,,,
train_9303,,,,,,,,,,,,,
train_9304,,,,,,,,,,,,,
train_9305,,,,,,,,,,,,,
train_9306,,,,,,,,,,,,,
train_9307,,,,,,,,,,,,,
train_9308,,,,,,,,,,,,,
train_9309,,,,,,,,,,,,,
train_9310,,,,,,,,,,,,,
train_9311,,,,,,,,,,,,,
train_9312,,,,,,,,,,,,,
train_9313,,,,,,,,,,,,,
train_9314,,,,,,,,,,,,,
train_9315,,,,,,,,,,,,,
train_9316,,,,,,,,,,,,,
train_9317,,,,,,,,,,,,,
train_9318,,,,,,,,,,,,,
train_9319,,,,,,,,,,,,,
train_9320,,,,,,,,,,,,,
train_9321,,,,,,,,,,,,,
train_9322,,,,,,,,,,,,,
train_9323,,,,,,,,,,,,,
train_9324,,,,,,,,,,,,,
train_9325,,,,,,,,,,,,,
train_9326,,,,,,,,,,,,,
train_9327,,,,,,,,,,,,,
train_9328,,,,,,,,,,,,,
train_9329,,,,,,,,,,,,,
train_9330,,,,,,,,,,,,,
train_9331,,,,,,,,,,,,,
train_9332,,,,,,,,,,,,,
train_9333,,,,,,,,,,,,,
train_9334,,,,,,,,,,,,,
train_9335,,,,,,,,,,,,,
train_9336,,,,,,,,,,,,,
train_9337,,,,,,,,,,,,,
train_9338,,,,,,,,,,,,,
train_9339,,,,,,,,,,,,,
train_9340,,,,,,,,,,,,,
train_9341,,,,,,,,,,,,,
train_9342,,,,,,,,,,,,,
train_9343,,,,,,,,,,,,,
train_9344,,,,,,,,,,,,,
train_9345,,,,,,,,,,,,,
train_9346,,,,,,,,,,,,,
train_9347,,,,,,,,,,,,,
train_9348,,,,,,,,,,,,,
train_9349,,,,,,,,,,,,,
train_9350,,,,,,,,,,,,,
train_9351,,,,,,,,,,,,,
train_9352,,,,,,,,,,,,,
train_9353,,,,,,,,,,,,,
train_9354,,,,,,,,,,,,,
train_9355,,,,,,,,,,,,,
train_9356,,,,,,,,,,,,,
train_9357,,,,,,,,,,,,,
train_9358,,,,,,,,,,,,,
train_9359,,,,,,,,,,,,,
train_9360,,,,,,,,,,,,,
train_9361,,,,,,,,,,,,,
train_9362,,,,,,,,,,,,,
train_9363,,,,,,,,,,,,,
train_9364,,,,,,,,,,,,,
train_9365,,,,,,,,,,,,,
train_9366,,,,,,,,,,,,,
train_9367,,,,,,,,,,,,,
train_9368,,,,,,,,,,,,,
train_9369,,,,,,,,,,,,,
train_9370,,,,,,,,,,,,,
train_9371,,,,,,,,,,,,,
train_9372,,,,,,,,,,,,,
train_9373,,,,,,,,,,,,,
train_9374,,,,,,,,,,,,,
train_9375,,,,,,,,,,,,,
train_9376,,,,,,,,,,,,,
train_9377,,,,,,,,,,,,,
train_9378,,,,,,,,,,,,,
train_9379,,,,,,,,,,,,,
train_9380,,,,,,,,,,,,,
train_9381,,,,,,,,,,,,,
train_9382,,,,,,,,,,,,,
train_9383,,,,,,,,,,,,,
train_9384,,,,,,,,,,,,,
train_9385,,,,,,,,,,,,,
train_9386,,,,,,,,,,,,,
train_9387,,,,,,,,,,,,,
train_9388,,,,,,,,,,,,,
train_9389,,,,,,,,,,,,,
train_9390,,,,,,,,,,,,,
train_9391,,,,,,,,,,,,,
train_9392,,,,,,,,,,,,,
train_9393,,,,,,,,,,,,,
train_9394,,,,,,,,,,,,,
train_9395,,,,,,,,,,,,,
train_9396,,,,,,,,,,,,,
train_9397,,,,,,,,,,,,,
train_9398,,,,,,,,,,,,,
train_9399,,,,,,,,,,,,,
train_9400,,,,,,,,,,,,,
train_9401,,,,,,,,,,,,,
train_9402,,,,,,,,,,,,,
train_9403,,,,,,,,,,,,,
train_9404,,,,,,,,,,,,,
train_9405,,,,,,,,,,,,,
train_9406,,,,,,,,,,,,,
train_9407,,,,,,,,,,,,,
train_9408,,,,,,,,,,,,,
train_9409,,,,,,,,,,,,,
train_9410,,,,,,,,,,,,,
train_9411,,,,,,,,,,,,,
train_9412,,,,,,,,,,,,,
train_9413,,,,,,,,,,,,,
train_9414,,,,,,,,,,,,,
train_9415,,,,,,,,,,,,,
train_9416,,,,,,,,,,,,,
train_9417,,,,,,,,,,,,,
train_9418,,,,,,,,,,,,,
train_9419,,,,,,,,,,,,,
train_9420,,,,,,,,,,,,,
train_9421,,,,,,,,,,,,,
train_9422,,,,,,,,,,,,,
train_9423,,,,,,,,,,,,,
train_9424,,,,,,,,,,,,,
train_9425,,,,,,,,,,,,,
train_9426,,,,,,,,,,,,,
train_9427,,,,,,,,,,,,,
train_9428,,,,,,,,,,,,,
train_9429,,,,,,,,,,,,,
train_9430,,,,,,,,,,,,,
train_9431,,,,,,,,,,,,,
train_9432,,,,,,,,,,,,,
train_9433,,,,,,,,,,,,,
train_9434,,,,,,,,,,,,,
train_9435,,,,,,,,,,,,,
train_9436,,,,,,,,,,,,,
train_9437,,,,,,,,,,,,,
train_9438,,,,,,,,,,,,,
train_9439,,,,,,,,,,,,,
train_9440,,,,,,,,,,,,,
train_9441,,,,,,,,,,,,,
train_9442,,,,,,,,,,,,,
train_9443,,,,,,,,,,,,,
train_9444,,,,,,,,,,,,,
train_9445,,,,,,,,,,,,,
train_9446,,,,,,,,,,,,,
train_9447,,,,,,,,,,,,,
train_9448,,,,,,,,,,,,,
train_9449,,,,,,,,,,,,,
train_9450,,,,,,,,,,,,,
train_9451,,,,,,,,,,,,,
train_9452,,,,,,,,,,,,,
train_9453,,,,,,,,,,,,,
train_9454,,,,,,,,,,,,,
train_9455,,,,,,,,,,,,,
train_9456,,,,,,,,,,,,,
train_9457,,,,,,,,,,,,,
train_9458,,,,,,,,,,,,,
train_9459,,,,,,,,,,,,,
train_9460,,,,,,,,,,,,,
train_9461,,,,,,,,,,,,,
train_9462,,,,,,,,,,,,,
train_9463,,,,,,,,,,,,,
train_9464,,,,,,,,,,,,,
train_9465,,,,,,,,,,,,,
train_9466,,,,,,,,,,,,,
train_9467,,,,,,,,,,,,,
train_9468,,,,,,,,,,,,,
train_9469,,,,,,,,,,,,,
train_9470,,,,,,,,,,,,,
train_9471,,,,,,,,,,,,,
train_9472,,,,,,,,,,,,,
train_9473,,,,,,,,,,,,,
train_9474,,,,,,,,,,,,,
train_9475,,,,,,,,,,,,,
train_9476,,,,,,,,,,,,,
train_9477,,,,,,,,,,,,,
train_9478,,,,,,,,,,,,,
train_9479,,,,,,,,,,,,,
train_9480,,,,,,,,,,,,,
train_9481,,,,,,,,,,,,,
train_9482,,,,,,,,,,,,,
train_9483,,,,,,,,,,,,,
train_9484,,,,,,,,,,,,,
train_9485,,,,,,,,,,,,,
train_9486,,,,,,,,,,,,,
train_9487,,,,,,,,,,,,,
train_9488,,,,,,,,,,,,,
train_9489,,,,,,,,,,,,,
train_9490,,,,,,,,,,,,,
train_9491,,,,,,,,,,,,,
train_9492,,,,,,,,,,,,,
train_9493,,,,,,,,,,,,,
train_9494,,,,,,,,,,,,,
train_9495,,,,,,,,,,,,,
train_9496,,,,,,,,,,,,,
train_9497,,,,,,,,,,,,,
train_9498,,,,,,,,,,,,,
train_9499,,,,,,,,,,,,,
train_9500,,,,,,,,,,,,,
train_9501,,,,,,,,,,,,,
train_9502,,,,,,,,,,,,,
train_9503,,,,,,,,,,,,,
train_9504,,,,,,,,,,,,,
train_9505,,,,,,,,,,,,,
train_9506,,,,,,,,,,,,,
train_9507,,,,,,,,,,,,,
train_9508,,,,,,,,,,,,,
train_9509,,,,,,,,,,,,,
train_9510,,,,,,,,,,,,,
train_9511,,,,,,,,,,,,,
train_9512,,,,,,,,,,,,,
train_9513,,,,,,,,,,,,,
train_9514,,,,,,,,,,,,,
train_9515,,,,,,,,,,,,,
train_9516,,,,,,,,,,,,,
train_9517,,,,,,,,,,,,,
train_9518,,,,,,,,,,,,,
train_9519,,,,,,,,,,,,,
train_9520,,,,,,,,,,,,,
train_9521,,,,,,,,,,,,,
train_9522,,,,,,,,,,,,,
train_9523,,,,,,,,,,,,,
train_9524,,,,,,,,,,,,,
train_9525,,,,,,,,,,,,,
train_9526,,,,,,,,,,,,,
train_9527,,,,,,,,,,,,,
train_9528,,,,,,,,,,,,,
train_9529,,,,,,,,,,,,,
train_9530,,,,,,,,,,,,,
train_9531,,,,,,,,,,,,,
train_9532,,,,,,,,,,,,,
train_9533,,,,,,,,,,,,,
train_9534,,,,,,,,,,,,,
train_9535,,,,,,,,,,,,,
train_9536,,,,,,,,,,,,,
train_9537,,,,,,,,,,,,,
train_9538,,,,,,,,,,,,,
train_9539,,,,,,,,,,,,,
train_9540,,,,,,,,,,,,,
train_9541,,,,,,,,,,,,,
train_9542,,,,,,,,,,,,,
train_9543,,,,,,,,,,,,,
train_9544,,,,,,,,,,,,,
train_9545,,,,,,,,,,,,,
train_9546,,,,,,,,,,,,,
train_9547,,,,,,,,,,,,,
train_9548,,,,,,,,,,,,,
train_9549,,,,,,,,,,,,,
train_9550,,,,,,,,,,,,,
train_9551,,,,,,,,,,,,,
train_9552,,,,,,,,,,,,,
train_9553,,,,,,,,,,,,,
train_9554,,,,,,,,,,,,,
train_9555,,,,,,,,,,,,,
train_9556,,,,,,,,,,,,,
train_9557,,,,,,,,,,,,,
train_9558,,,,,,,,,,,,,
train_9559,,,,,,,,,,,,,
train_9560,,,,,,,,,,,,,
train_9561,,,,,,,,,,,,,
train_9562,,,,,,,,,,,,,
train_9563,,,,,,,,,,,,,
train_9564,,,,,,,,,,,,,
train_9565,,,,,,,,,,,,,
train_9566,,,,,,,,,,,,,
train_9567,,,,,,,,,,,,,
train_9568,,,,,,,,,,,,,
train_9569,,,,,,,,,,,,,
train_9570,,,,,,,,,,,,,
train_9571,,,,,,,,,,,,,
train_9572,,,,,,,,,,,,,
train_9573,,,,,,,,,,,,,
train_9574,,,,,,,,,,,,,
train_9575,,,,,,,,,,,,,
train_9576,,,,,,,,,,,,,
train_9577,,,,,,,,,,,,,
train_9578,,,,,,,,,,,,,
train_9579,,,,,,,,,,,,,
train_9580,,,,,,,,,,,,,
train_9581,,,,,,,,,,,,,
train_9582,,,,,,,,,,,,,
train_9583,,,,,,,,,,,,,
train_9584,,,,,,,,,,,,,
train_9585,,,,,,,,,,,,,
train_9586,,,,,,,,,,,,,
train_9587,,,,,,,,,,,,,
train_9588,,,,,,,,,,,,,
train_9589,,,,,,,,,,,,,
train_9590,,,,,,,,,,,,,
train_9591,,,,,,,,,,,,,
train_9592,,,,,,,,,,,,,
train_9593,,,,,,,,,,,,,
train_9594,,,,,,,,,,,,,
train_9595,,,,,,,,,,,,,
train_9596,,,,,,,,,,,,,
train_9597,,,,,,,,,,,,,
train_9598,,,,,,,,,,,,,
train_9599,,,,,,,,,,,,,
train_9600,,,,,,,,,,,,,
train_9601,,,,,,,,,,,,,
train_9602,,,,,,,,,,,,,
train_9603,,,,,,,,,,,,,
train_9604,,,,,,,,,,,,,
train_9605,,,,,,,,,,,,,
train_9606,,,,,,,,,,,,,
train_9607,,,,,,,,,,,,,
train_9608,,,,,,,,,,,,,
train_9609,,,,,,,,,,,,,
train_9610,,,,,,,,,,,,,
train_9611,,,,,,,,,,,,,
train_9612,,,,,,,,,,,,,
train_9613,,,,,,,,,,,,,
train_9614,,,,,,,,,,,,,
train_9615,,,,,,,,,,,,,
train_9616,,,,,,,,,,,,,
train_9617,,,,,,,,,,,,,
train_9618,,,,,,,,,,,,,
train_9619,,,,,,,,,,,,,
train_9620,,,,,,,,,,,,,
train_9621,,,,,,,,,,,,,
train_9622,,,,,,,,,,,,,
train_9623,,,,,,,,,,,,,
train_9624,,,,,,,,,,,,,
train_9625,,,,,,,,,,,,,
train_9626,,,,,,,,,,,,,
train_9627,,,,,,,,,,,,,
train_9628,,,,,,,,,,,,,
train_9629,,,,,,,,,,,,,
train_9630,,,,,,,,,,,,,
train_9631,,,,,,,,,,,,,
train_9632,,,,,,,,,,,,,
train_9633,,,,,,,,,,,,,
train_9634,,,,,,,,,,,,,
train_9635,,,,,,,,,,,,,
train_9636,,,,,,,,,,,,,
train_9637,,,,,,,,,,,,,
train_9638,,,,,,,,,,,,,
train_9639,,,,,,,,,,,,,
train_9640,,,,,,,,,,,,,
train_9641,,,,,,,,,,,,,
train_9642,,,,,,,,,,,,,
train_9643,,,,,,,,,,,,,
train_9644,,,,,,,,,,,,,
train_9645,,,,,,,,,,,,,
train_9646,,,,,,,,,,,,,
train_9647,,,,,,,,,,,,,
train_9648,,,,,,,,,,,,,
train_9649,,,,,,,,,,,,,
train_9650,,,,,,,,,,,,,
train_9651,,,,,,,,,,,,,
train_9652,,,,,,,,,,,,,
train_9653,,,,,,,,,,,,,
train_9654,,,,,,,,,,,,,
train_9655,,,,,,,,,,,,,
train_9656,,,,,,,,,,,,,
train_9657,,,,,,,,,,,,,
train_9658,,,,,,,,,,,,,
train_9659,,,,,,,,,,,,,
train_9660,,,,,,,,,,,,,
train_9661,,,,,,,,,,,,,
train_9662,,,,,,,,,,,,,
train_9663,,,,,,,,,,,,,
train_9664,,,,,,,,,,,,,
train_9665,,,,,,,,,,,,,
train_9666,,,,,,,,,,,,,
train_9667,,,,,,,,,,,,,
train_9668,,,,,,,,,,,,,
train_9669,,,,,,,,,,,,,
train_9670,,,,,,,,,,,,,
train_9671,,,,,,,,,,,,,
train_9672,,,,,,,,,,,,,
train_9673,,,,,,,,,,,,,
train_9674,,,,,,,,,,,,,
train_9675,,,,,,,,,,,,,
train_9676,,,,,,,,,,,,,
train_9677,,,,,,,,,,,,,
train_9678,,,,,,,,,,,,,
train_9679,,,,,,,,,,,,,
train_9680,,,,,,,,,,,,,
train_9681,,,,,,,,,,,,,
train_9682,,,,,,,,,,,,,
train_9683,,,,,,,,,,,,,
train_9684,,,,,,,,,,,,,
train_9685,,,,,,,,,,,,,
train_9686,,,,,,,,,,,,,
train_9687,,,,,,,,,,,,,
train_9688,,,,,,,,,,,,,
train_9689,,,,,,,,,,,,,
train_9690,,,,,,,,,,,,,
train_9691,,,,,,,,,,,,,
train_9692,,,,,,,,,,,,,
train_9693,,,,,,,,,,,,,
train_9694,,,,,,,,,,,,,
train_9695,,,,,,,,,,,,,
train_9696,,,,,,,,,,,,,
train_9697,,,,,,,,,,,,,
train_9698,,,,,,,,,,,,,
train_9699,,,,,,,,,,,,,
train_9700,,,,,,,,,,,,,
train_9701,,,,,,,,,,,,,
train_9702,,,,,,,,,,,,,
train_9703,,,,,,,,,,,,,
train_9704,,,,,,,,,,,,,
train_9705,,,,,,,,,,,,,
train_9706,,,,,,,,,,,,,
train_9707,,,,,,,,,,,,,
train_9708,,,,,,,,,,,,,
train_9709,,,,,,,,,,,,,
train_9710,,,,,,,,,,,,,
train_9711,,,,,,,,,,,,,
train_9712,,,,,,,,,,,,,
train_9713,,,,,,,,,,,,,
train_9714,,,,,,,,,,,,,
train_9715,,,,,,,,,,,,,
train_9716,,,,,,,,,,,,,
train_9717,,,,,,,,,,,,,
train_9718,,,,,,,,,,,,,
train_9719,,,,,,,,,,,,,
train_9720,,,,,,,,,,,,,
train_9721,,,,,,,,,,,,,
train_9722,,,,,,,,,,,,,
train_9723,,,,,,,,,,,,,
train_9724,,,,,,,,,,,,,
train_9725,,,,,,,,,,,,,
train_9726,,,,,,,,,,,,,
train_9727,,,,,,,,,,,,,
train_9728,,,,,,,,,,,,,
train_9729,,,,,,,,,,,,,
train_9730,,,,,,,,,,,,,
train_9731,,,,,,,,,,,,,
train_9732,,,,,,,,,,,,,
train_9733,,,,,,,,,,,,,
train_9734,,,,,,,,,,,,,
train_9735,,,,,,,,,,,,,
train_9736,,,,,,,,,,,,,
train_9737,,,,,,,,,,,,,
train_9738,,,,,,,,,,,,,
train_9739,,,,,,,,,,,,,
train_9740,,,,,,,,,,,,,
train_9741,,,,,,,,,,,,,
train_9742,,,,,,,,,,,,,
train_9743,,,,,,,,,,,,,
train_9744,,,,,,,,,,,,,
train_9745,,,,,,,,,,,,,
train_9746,,,,,,,,,,,,,
train_9747,,,,,,,,,,,,,
train_9748,,,,,,,,,,,,,
train_9749,,,,,,,,,,,,,
train_9750,,,,,,,,,,,,,
train_9751,,,,,,,,,,,,,
train_9752,,,,,,,,,,,,,
train_9753,,,,,,,,,,,,,
train_9754,,,,,,,,,,,,,
train_9755,,,,,,,,,,,,,
train_9756,,,,,,,,,,,,,
train_9757,,,,,,,,,,,,,
train_9758,,,,,,,,,,,,,
train_9759,,,,,,,,,,,,,
train_9760,,,,,,,,,,,,,
train_9761,,,,,,,,,,,,,
train_9762,,,,,,,,,,,,,
train_9763,,,,,,,,,,,,,
train_9764,,,,,,,,,,,,,
train_9765,,,,,,,,,,,,,
train_9766,,,,,,,,,,,,,
train_9767,,,,,,,,,,,,,
train_9768,,,,,,,,,,,,,
train_9769,,,,,,,,,,,,,
train_9770,,,,,,,,,,,,,
train_9771,,,,,,,,,,,,,
train_9772,,,,,,,,,,,,,
train_9773,,,,,,,,,,,,,
train_9774,,,,,,,,,,,,,
train_9775,,,,,,,,,,,,,
train_9776,,,,,,,,,,,,,
train_9777,,,,,,,,,,,,,
train_9778,,,,,,,,,,,,,
train_9779,,,,,,,,,,,,,
train_9780,,,,,,,,,,,,,
train_9781,,,,,,,,,,,,,
train_9782,,,,,,,,,,,,,
train_9783,,,,,,,,,,,,,
train_9784,,,,,,,,,,,,,
train_9785,,,,,,,,,,,,,
train_9786,,,,,,,,,,,,,
train_9787,,,,,,,,,,,,,
train_9788,,,,,,,,,,,,,
train_9789,,,,,,,,,,,,,
train_9790,,,,,,,,,,,,,
train_9791,,,,,,,,,,,,,
train_9792,,,,,,,,,,,,,
train_9793,,,,,,,,,,,,,
train_9794,,,,,,,,,,,,,
train_9795,,,,,,,,,,,,,
train_9796,,,,,,,,,,,,,
train_9797,,,,,,,,,,,,,
train_9798,,,,,,,,,,,,,
train_9799,,,,,,,,,,,,,
train_9800,,,,,,,,,,,,,
train_9801,,,,,,,,,,,,,
train_9802,,,,,,,,,,,,,
train_9803,,,,,,,,,,,,,
train_9804,,,,,,,,,,,,,
train_9805,,,,,,,,,,,,,
train_9806,,,,,,,,,,,,,
train_9807,,,,,,,,,,,,,
train_9808,,,,,,,,,,,,,
train_9809,,,,,,,,,,,,,
train_9810,,,,,,,,,,,,,
train_9811,,,,,,,,,,,,,
train_9812,,,,,,,,,,,,,
train_9813,,,,,,,,,,,,,
train_9814,,,,,,,,,,,,,
train_9815,,,,,,,,,,,,,
train_9816,,,,,,,,,,,,,
train_9817,,,,,,,,,,,,,
train_9818,,,,,,,,,,,,,
train_9819,,,,,,,,,,,,,
train_9820,,,,,,,,,,,,,
train_9821,,,,,,,,,,,,,
train_9822,,,,,,,,,,,,,
train_9823,,,,,,,,,,,,,
train_9824,,,,,,,,,,,,,
train_9825,,,,,,,,,,,,,
train_9826,,,,,,,,,,,,,
train_9827,,,,,,,,,,,,,
train_9828,,,,,,,,,,,,,
train_9829,,,,,,,,,,,,,
train_9830,,,,,,,,,,,,,
train_9831,,,,,,,,,,,,,
train_9832,,,,,,,,,,,,,
train_9833,,,,,,,,,,,,,
train_9834,,,,,,,,,,,,,
train_9835,,,,,,,,,,,,,
train_9836,,,,,,,,,,,,,
train_9837,,,,,,,,,,,,,
train_9838,,,,,,,,,,,,,
train_9839,,,,,,,,,,,,,
train_9840,,,,,,,,,,,,,
train_9841,,,,,,,,,,,,,
train_9842,,,,,,,,,,,,,
train_9843,,,,,,,,,,,,,
train_9844,,,,,,,,,,,,,
train_9845,,,,,,,,,,,,,
train_9846,,,,,,,,,,,,,
train_9847,,,,,,,,,,,,,
train_9848,,,,,,,,,,,,,
train_9849,,,,,,,,,,,,,
train_9850,,,,,,,,,,,,,
train_9851,,,,,,,,,,,,,
train_9852,,,,,,,,,,,,,
train_9853,,,,,,,,,,,,,
train_9854,,,,,,,,,,,,,
train_9855,,,,,,,,,,,,,
train_9856,,,,,,,,,,,,,
train_9857,,,,,,,,,,,,,
train_9858,,,,,,,,,,,,,
train_9859,,,,,,,,,,,,,
train_9860,,,,,,,,,,,,,
train_9861,,,,,,,,,,,,,
train_9862,,,,,,,,,,,,,
train_9863,,,,,,,,,,,,,
train_9864,,,,,,,,,,,,,
train_9865,,,,,,,,,,,,,
train_9866,,,,,,,,,,,,,
train_9867,,,,,,,,,,,,,
train_9868,,,,,,,,,,,,,
train_9869,,,,,,,,,,,,,
train_9870,,,,,,,,,,,,,
train_9871,,,,,,,,,,,,,
train_9872,,,,,,,,,,,,,
train_9873,,,,,,,,,,,,,
train_9874,,,,,,,,,,,,,
train_9875,,,,,,,,,,,,,
train_9876,,,,,,,,,,,,,
train_9877,,,,,,,,,,,,,
train_9878,,,,,,,,,,,,,
train_9879,,,,,,,,,,,,,
train_9880,,,,,,,,,,,,,
train_9881,,,,,,,,,,,,,
train_9882,,,,,,,,,,,,,
train_9883,,,,,,,,,,,,,
train_9884,,,,,,,,,,,,,
train_9885,,,,,,,,,,,,,
train_9886,,,,,,,,,,,,,
train_9887,,,,,,,,,,,,,
train_9888,,,,,,,,,,,,,
train_9889,,,,,,,,,,,,,
train_9890,,,,,,,,,,,,,
train_9891,,,,,,,,,,,,,
train_9892,,,,,,,,,,,,,
train_9893,,,,,,,,,,,,,
train_9894,,,,,,,,,,,,,
train_9895,,,,,,,,,,,,,
train_9896,,,,,,,,,,,,,
train_9897,,,,,,,,,,,,,
train_9898,,,,,,,,,,,,,
train_9899,,,,,,,,,,,,,
train_9900,,,,,,,,,,,,,
train_9901,,,,,,,,,,,,,
train_9902,,,,,,,,,,,,,
train_9903,,,,,,,,,,,,,
train_9904,,,,,,,,,,,,,
train_9905,,,,,,,,,,,,,
train_9906,,,,,,,,,,,,,
train_9907,,,,,,,,,,,,,
train_9908,,,,,,,,,,,,,
train_9909,,,,,,,,,,,,,
train_9910,,,,,,,,,,,,,
train_9911,,,,,,,,,,,,,
train_9912,,,,,,,,,,,,,
